dt,avg_ta,min_ta,max_ta,max_ta_hrmt,min_ta_hrmt,sum_rn,hr1_max_rn,mi10_max_rn,sum_rn_dur,n9_9_rn,mi10_max_rn_hrmt,hr1_max_rn_hrmt,min_rhm,avg_rhm,min_rhm_hrmt,hr24_sum_rws,avg_ws,max_ins_ws,max_ws,max_ins_ws_wd,max_ws_wd,max_wd,max_ins_ws_hrmt,max_ws_hrmt,ss_dur,sum_ss_hr,hr1_max_icsr,sum_gsr,hr1_max_icsr_hrmt,avg_tca,avg_lmac,avg_td,min_tg,avg_ts,avg_m1_5_te,avg_cm5_te,avg_cm10_te,avg_cm20_te,avg_cm30_te,avg_m0_5_te,avg_m1_0_te,avg_m5_0_te,avg_m3_0_te,dd_mes,dd_mefs,sum_dpth_fhsc,dd_mes_hrmt,dd_mefs_hrmt,avg_pv,avg_pa,avg_ps,min_ps,max_ps,min_ps_hrmt,max_ps_hrmt,sum_fog_dur,sum_lrg_ev,sum_sml_ev,iscs,code,x,y
2020-01-01,0.6,-4.9,5.6,1409.0,713.0,,,,,,,,56.0,70.5,1411.0,1732.0,2.0,7.8,4.6,290.0,340.0,50.0,1214.0,1422.0,9.9,3.4,,,,7.3,5.5,-4.2,-6.2,2.3,,,,,,,,,,,,,,,4.5,1031.3,1032.0,1030.7,1033.9,1949.0,955.0,,,,,268,126.2585,34.473
2020-01-02,2.7,-3.1,7.9,1408.0,419.0,,,,,,,,58.0,80.4,1123.0,1137.0,1.3,7.0,4.0,320.0,320.0,90.0,1152.0,1156.0,9.9,3.4,,,,5.4,4.1,-0.6,-4.9,3.2,,,,,,,,,,,,,,,5.9,1028.6,1029.3,1028.3,1031.3,1406.0,1033.0,,,,,268,126.2585,34.473
2020-01-03,5.4,0.0,9.0,1223.0,2400.0,,,,,,,,59.0,74.1,1149.0,1959.0,2.3,9.2,5.2,340.0,340.0,320.0,1501.0,1336.0,9.9,6.1,,,,4.8,,0.9,-2.9,5.0,,,,,,,,,,,,,,,6.6,1026.0,1026.7,1025.0,1028.5,1441.0,1.0,,,,,268,126.2585,34.473
2020-01-04,3.0,-2.1,9.2,1356.0,752.0,,,,,,,,61.0,83.5,1359.0,1571.0,1.8,8.7,5.7,290.0,340.0,320.0,1603.0,1608.0,9.9,5.8,,,,3.9,1.6,0.2,-4.6,3.5,,,,,,,,,,,,,,,6.3,1025.2,1025.9,1024.3,1028.1,1417.0,2333.0,,,,,268,126.2585,34.473
2020-01-05,4.2,-3.3,9.1,1319.0,630.0,,,,,,,,29.0,65.0,1343.0,1274.0,1.5,6.8,4.6,70.0,50.0,50.0,1107.0,1157.0,9.9,5.0,,,,5.4,4.5,-2.6,-6.6,3.5,,,,,,,,,,,,,,,5.1,1028.2,1028.9,1027.7,1030.9,2400.0,953.0,,,,,268,126.2585,34.473
2020-01-06,10.3,5.3,13.1,2225.0,37.0,13.5,,,,,,,53.0,84.6,133.0,2339.0,2.7,12.1,7.6,90.0,110.0,110.0,1736.0,1844.0,10.0,0.0,,,,9.9,7.0,7.7,4.9,8.1,,,,,,,,,,,,,,,10.8,1021.6,1022.3,1017.6,1027.9,2350.0,4.0,,,,,268,126.2585,34.473
2020-01-07,15.9,10.2,18.2,1212.0,2350.0,13.5,,,,,,,81.0,88.9,2333.0,5204.0,6.0,20.3,11.7,200.0,230.0,180.0,1854.0,2138.0,10.0,0.0,,,,9.0,,14.0,10.1,13.9,,,,,,,,,,,,,,,16.1,1010.1,1010.7,1004.9,1017.7,2109.0,1.0,,,,,268,126.2585,34.473
2020-01-08,5.8,4.8,10.3,3.0,2119.0,0.5,,,,,,,63.0,72.4,1118.0,4763.0,5.5,16.8,8.8,290.0,230.0,290.0,214.0,5.0,10.0,0.0,,,,9.5,9.5,1.1,4.6,6.6,,,,,,,,,,,,,,,6.7,1018.2,1018.9,1008.3,1023.9,1.0,2144.0,,,,,268,126.2585,34.473
2020-01-09,4.8,4.2,6.1,1140.0,1844.0,,,,,,,,59.0,66.3,1142.0,4049.0,4.7,12.7,6.8,320.0,320.0,320.0,127.0,1110.0,10.0,1.2,,,,9.0,6.4,-0.9,3.3,5.1,,,,,,,,,,,,,,,5.7,1023.1,1023.8,1022.8,1024.7,1355.0,1001.0,,,,,268,126.2585,34.473
2020-01-10,3.8,0.4,8.2,1313.0,731.0,,,,,,,,35.0,66.6,1304.0,2609.0,3.0,8.6,5.4,340.0,320.0,70.0,141.0,38.0,10.0,7.9,,,,4.1,2.0,-2.0,-0.7,4.0,,,,,,,,,,,,,,,5.3,1021.7,1022.4,1020.8,1024.7,2338.0,934.0,,,,,268,126.2585,34.473
2020-01-11,5.0,2.7,8.2,1248.0,411.0,,,,,,,,54.0,64.6,1412.0,3215.0,3.7,10.0,6.0,200.0,340.0,320.0,2046.0,2145.0,10.0,6.8,,,,6.9,2.9,-1.1,0.4,4.5,,,,,,,,,,,,,,,5.6,1018.6,1019.3,1017.4,1021.3,1718.0,926.0,,,,,268,126.2585,34.473
2020-01-12,4.9,4.1,6.7,1102.0,10.0,,,,,,,,51.0,61.9,1049.0,3781.0,4.4,11.4,6.6,290.0,320.0,320.0,2220.0,1209.0,10.0,1.1,,,,8.4,7.5,-1.8,2.9,4.6,,,,,,,,,,,,,,,5.4,1018.3,1019.0,1017.2,1021.5,505.0,2257.0,,,,,268,126.2585,34.473
2020-01-13,3.8,1.6,6.0,1247.0,2308.0,0.0,,,,,,,53.0,63.6,1525.0,2983.0,3.5,10.3,5.7,320.0,320.0,320.0,131.0,2.0,10.1,3.2,,,,8.4,6.6,-2.5,-0.1,4.4,,,,,,,,,,,,,,,5.1,1022.4,1023.1,1020.7,1024.9,31.0,2027.0,,,,,268,126.2585,34.473
2020-01-14,2.3,-1.1,5.9,1534.0,2212.0,,,,,,,,45.0,66.6,1208.0,1887.0,2.2,7.3,4.4,320.0,320.0,50.0,1548.0,1551.0,10.1,3.5,,,,6.4,3.8,-3.5,-3.7,3.4,,,,,,,,,,,,,,,4.8,1024.0,1024.7,1023.2,1027.1,728.0,2359.0,,,,,268,126.2585,34.473
2020-01-15,1.3,-2.9,5.5,1409.0,539.0,,,,,,,,50.0,73.5,1232.0,2220.0,2.6,10.0,5.6,340.0,340.0,50.0,1828.0,1436.0,10.1,0.7,,,,7.6,6.5,-3.1,-5.5,2.4,,,,,,,,,,,,,,,4.8,1026.8,1027.5,1026.4,1029.3,1445.0,1014.0,,,,,268,126.2585,34.473
2020-01-16,2.9,0.6,5.5,1223.0,743.0,,,,,,,,48.0,58.0,1209.0,3091.0,3.6,10.7,6.8,290.0,320.0,50.0,1511.0,1516.0,10.1,4.5,,,,8.8,7.1,-4.5,-0.4,3.3,,,,,,,,,,,,,,,4.4,1024.6,1025.3,1023.5,1027.6,1528.0,239.0,,,,,268,126.2585,34.473
2020-01-17,3.6,1.7,6.6,1431.0,718.0,,,,,,,,41.0,58.6,1320.0,3432.0,4.0,11.3,6.6,320.0,320.0,320.0,1223.0,1232.0,10.1,8.1,,,,3.9,3.5,-3.7,-0.1,3.7,,,,,,,,,,,,,,,4.6,1021.7,1022.4,1020.9,1024.0,1720.0,5.0,,,,,268,126.2585,34.473
2020-01-18,4.3,1.8,7.1,1239.0,511.0,,,,,,,,53.0,63.5,1307.0,3412.0,3.9,12.0,7.2,200.0,320.0,320.0,1113.0,1604.0,10.2,5.8,,,,4.0,2.3,-2.0,-2.3,3.5,,,,,,,,,,,,,,,5.3,1020.5,1021.2,1019.8,1022.4,1459.0,1015.0,,,,,268,126.2585,34.473
2020-01-19,5.0,-1.0,9.5,1525.0,201.0,,,,,,,,56.0,72.3,1523.0,1627.0,1.9,9.7,5.6,290.0,320.0,290.0,1439.0,1256.0,10.2,0.8,,,,6.4,5.3,0.2,-2.9,4.6,,,,,,,,,,,,,,,6.2,1019.9,1020.6,1019.1,1021.7,1409.0,2251.0,,,,,268,126.2585,34.473
2020-01-20,5.7,0.6,7.6,1306.0,115.0,,,,,,,,41.0,52.9,1144.0,3106.0,3.6,11.4,7.2,320.0,320.0,320.0,1432.0,1454.0,10.2,8.1,,,,2.6,0.8,-3.3,-2.8,4.2,,,,,,,,,,,,,,,4.8,1023.2,1023.9,1021.2,1027.6,42.0,2336.0,,,,,268,126.2585,34.473
2020-01-21,3.7,-0.1,9.4,1426.0,732.0,,,,,,,,24.0,56.9,1331.0,2156.0,2.5,9.2,5.6,340.0,320.0,50.0,12.0,2.0,10.2,8.7,,,,3.4,2.5,-4.5,-1.6,3.9,,,,,,,,,,,,,,,4.5,1027.6,1028.3,1026.7,1030.6,2354.0,908.0,,,,,268,126.2585,34.473
2020-01-22,6.3,3.4,7.4,2332.0,1.0,12.5,,,,,,,70.0,90.4,250.0,1312.0,1.5,5.7,3.8,90.0,50.0,70.0,1700.0,1632.0,10.2,0.0,,,,10.0,8.6,4.7,3.3,5.9,,,,,,,,,,,,,,,8.7,1021.0,1021.7,1018.2,1026.8,2344.0,1.0,,,,,268,126.2585,34.473
2020-01-23,7.1,5.6,9.3,1207.0,612.0,0.5,,,,,,,52.0,79.8,1526.0,2903.0,3.4,11.1,7.3,340.0,340.0,320.0,2058.0,2140.0,10.3,5.5,,,,7.5,5.3,3.7,3.6,7.7,,,,,,,,,,,,,,,8.0,1021.4,1022.1,1018.3,1025.7,45.0,2203.0,,,,,268,126.2585,34.473
2020-01-24,6.3,4.3,9.2,1116.0,818.0,,,,,,,,55.0,74.4,1105.0,3042.0,3.5,13.0,7.3,340.0,320.0,320.0,333.0,342.0,10.3,6.9,,,,7.0,2.0,2.0,2.9,5.8,,,,,,,,,,,,,,,7.1,1027.4,1028.1,1025.7,1029.4,1.0,2201.0,,,,,268,126.2585,34.473
2020-01-25,6.7,4.5,9.5,1504.0,257.0,,,,,,,,66.0,77.0,1156.0,1329.0,1.5,5.5,3.8,70.0,70.0,50.0,734.0,741.0,10.3,0.0,,,,10.0,5.3,2.8,3.2,6.3,,,,,,,,,,,,,,,7.5,1026.8,1027.5,1026.0,1029.1,1512.0,1.0,,,,,268,126.2585,34.473
2020-01-26,7.4,3.1,11.3,1308.0,652.0,1.5,,,,,,,57.0,79.4,1309.0,1660.0,1.9,10.0,5.2,70.0,70.0,70.0,2135.0,2208.0,10.3,1.3,,,,9.5,6.5,3.9,1.4,7.0,,,,,,,,,,,,,,,8.1,1022.8,1023.5,1019.5,1027.1,2233.0,1.0,,,,,268,126.2585,34.473
2020-01-27,6.3,5.0,8.2,1.0,2154.0,27.0,,,,,,,77.0,89.5,1.0,2669.0,3.1,11.1,5.4,70.0,360.0,20.0,59.0,1644.0,10.4,0.0,,,,8.1,7.4,4.7,4.7,6.9,,,,,,,,,,,,,,,8.5,1014.7,1015.4,1013.8,1020.3,1400.0,27.0,,,,,268,126.2585,34.473
2020-01-28,6.2,3.3,10.0,1502.0,2358.0,0.0,,,,,,,69.0,86.1,1440.0,1408.0,1.6,5.2,3.5,320.0,320.0,320.0,1058.0,305.0,10.4,3.0,,,,6.8,5.1,3.9,1.6,7.9,,,,,,,,,,,,,,,8.1,1015.9,1016.6,1015.4,1018.0,405.0,2151.0,,,,,268,126.2585,34.473
2020-01-29,6.6,2.2,10.0,1242.0,138.0,,,,,,,,67.0,82.9,1236.0,2042.0,2.4,7.3,4.7,320.0,320.0,320.0,1400.0,1330.0,10.4,0.5,,,,8.3,5.8,3.7,-0.6,6.7,,,,,,,,,,,,,,,8.0,1014.5,1015.2,1013.9,1017.4,1602.0,1.0,,,,,268,126.2585,34.473
2020-01-30,6.3,5.6,7.9,1412.0,558.0,,,,,,,,55.0,66.4,2135.0,3239.0,3.7,10.3,6.0,320.0,320.0,320.0,1415.0,1416.0,10.4,1.0,,,,8.8,7.4,0.3,4.2,6.4,,,,,,,,,,,,,,,6.3,1014.7,1015.4,1013.4,1018.1,434.0,2307.0,,,,,268,126.2585,34.473
2020-01-31,4.9,3.2,6.5,1253.0,2235.0,,,,,,,,50.0,62.3,1258.0,2807.0,3.2,9.2,5.2,320.0,320.0,320.0,1453.0,1311.0,10.5,0.6,,,,7.0,5.8,-1.7,0.1,4.8,,,,,,,,,,,,,,,5.4,1020.0,1020.7,1017.6,1023.2,45.0,2318.0,,,,,268,126.2585,34.473
2020-02-01,4.9,-1.4,9.8,1418.0,519.0,,,,,,,,54.0,77.6,1246.0,1551.0,1.8,7.7,4.6,320.0,320.0,320.0,1318.0,1032.0,10.5,7.7,,,,1.5,1.5,1.0,-4.1,4.3,,,,,,,,,,,,,,,6.6,1024.2,1024.9,1023.2,1026.2,1.0,1026.0,,,,,268,126.2585,34.473
2020-02-02,4.1,0.2,7.6,1253.0,2338.0,,,,,,,,55.0,73.1,1336.0,1612.0,1.9,7.2,4.3,320.0,320.0,320.0,1100.0,1433.0,10.5,8.0,,,,5.4,2.8,-0.4,-3.2,4.4,,,,,,,,,,,,,,,5.9,1025.1,1025.8,1024.1,1027.4,1602.0,927.0,,,,,268,126.2585,34.473
2020-02-03,2.7,-1.1,6.6,1218.0,357.0,0.0,,,,,,,59.0,77.1,1839.0,2411.0,2.8,10.5,6.7,320.0,320.0,50.0,1329.0,1409.0,10.6,2.7,,,,5.6,4.1,-1.1,-4.3,3.7,,,,,,,,,,,,,,,5.7,1025.8,1026.5,1024.3,1028.2,450.0,2337.0,,,,,268,126.2585,34.473
2020-02-04,1.3,-2.9,5.7,1524.0,333.0,,,,,,,,45.0,73.8,1550.0,1722.0,2.0,8.0,5.1,290.0,320.0,70.0,1303.0,1312.0,10.6,6.2,,,,0.9,0.3,-3.0,-5.4,-0.1,,,,,,,,,,,,,,,4.9,,1025.8,1024.5,1028.3,1541.0,940.0,,,,,268,126.2585,34.473
2020-02-05,-0.3,-2.1,3.5,152.0,15.0,0.5,,,,,,,51.0,64.6,1157.0,5322.0,6.2,14.9,8.7,360.0,320.0,320.0,946.0,843.0,10.6,5.6,,,,6.6,6.5,-6.2,-4.4,2.6,,,,,,,,,,,,,,,3.9,,1029.4,1029.4,1033.0,1428.0,2139.0,,,,,268,126.2585,34.473
2020-02-06,-1.6,-5.0,0.7,1439.0,731.0,,,,,,,,35.0,57.4,1241.0,2743.0,3.2,9.7,5.6,320.0,340.0,50.0,1123.0,52.0,10.7,5.7,,,,6.9,3.8,-9.1,-6.1,1.3,,,,,,,,,,,,,,,3.1,1031.3,1032.0,1030.5,1035.0,1808.0,948.0,,,,,268,126.2585,34.473
2020-02-07,1.5,-2.8,4.2,1403.0,536.0,,,,,,,,46.0,63.0,825.0,2613.0,3.0,11.1,6.9,320.0,320.0,70.0,1415.0,1422.0,10.7,7.8,,,,7.3,4.5,-4.9,-4.5,2.9,,,,,,,,,,,,,,,4.4,1028.0,1028.7,1027.2,1031.0,1547.0,1.0,,,,,268,126.2585,34.473
2020-02-08,3.9,1.2,6.0,1133.0,320.0,0.0,,,,,,,55.0,66.0,1659.0,3604.0,4.2,12.4,7.1,340.0,320.0,320.0,1517.0,1518.0,10.7,1.8,,,,6.1,5.0,-1.9,-1.1,3.7,,,,,,,,,,,,,,,5.4,1026.8,1027.5,1026.1,1029.1,1413.0,2347.0,,,,,268,126.2585,34.473
2020-02-09,3.3,-0.4,7.6,1351.0,2348.0,,,,,,,,49.0,65.1,1434.0,1869.0,2.2,9.1,4.2,230.0,340.0,290.0,1449.0,29.0,10.7,6.3,,,,5.5,4.0,-2.8,-4.1,4.9,,,,,,,,,,,,,,,5.0,1025.2,1025.9,1023.5,1029.1,2359.0,1.0,,,,,268,126.2585,34.473
2020-02-10,6.5,-1.0,12.3,1341.0,15.0,,,,,,,,59.0,82.5,1513.0,1217.0,1.4,7.4,3.5,290.0,290.0,270.0,330.0,550.0,10.8,4.8,,,,4.5,3.8,3.5,-4.1,6.4,,,,,,,,,,,,,,,7.9,1023.4,1024.1,1022.3,1026.8,447.0,2308.0,,,,,268,126.2585,34.473
2020-02-11,6.5,-2.6,12.9,1358.0,451.0,0.5,,,,,,,47.0,78.1,1144.0,1228.0,1.4,7.0,4.1,110.0,90.0,90.0,1321.0,1411.0,10.8,2.1,,,,9.1,4.3,2.3,-4.7,6.4,,,,,,,,,,,,,,,7.4,1025.4,1026.1,1023.2,1028.5,2358.0,1103.0,,,,,268,126.2585,34.473
2020-02-12,11.0,9.3,14.2,1149.0,1.0,9.0,,,,,,,83.0,90.1,1634.0,2685.0,3.1,11.8,6.7,110.0,110.0,230.0,709.0,714.0,10.8,0.0,,,,9.0,8.3,9.4,8.7,10.1,,,,,,,,,,,,,,,11.9,1015.5,1016.2,1014.0,1023.1,1457.0,1.0,,,,,268,126.2585,34.473
2020-02-13,7.8,3.4,10.6,1532.0,2210.0,,,,,,,,74.0,90.6,1524.0,1257.0,1.5,7.3,3.4,290.0,320.0,320.0,247.0,328.0,10.9,0.0,,,,9.6,9.1,6.3,1.4,9.2,,,,,,,,,,,,,,,9.6,,1019.0,1016.8,1019.4,45.0,802.0,,,,,268,126.2585,34.473
2020-02-14,8.9,3.3,16.0,1401.0,741.0,,,,,,,,49.0,79.3,1409.0,1140.0,1.3,4.9,3.7,320.0,320.0,70.0,1308.0,1309.0,10.9,9.2,,,,5.4,3.0,5.0,0.8,8.9,,,,,,,,,,,,,,,8.8,,1019.4,1017.4,1021.8,1656.0,2117.0,,,,,268,126.2585,34.473
2020-02-15,10.8,4.5,15.7,1506.0,18.0,3.1,,,,,,,48.0,77.6,327.0,2605.0,3.0,11.1,6.1,250.0,110.0,110.0,2250.0,1741.0,10.9,1.4,,,,9.3,6.9,6.8,2.6,10.4,,,,,,,,,,,,,,,10.0,1016.0,1016.6,1012.7,1020.1,1807.0,1.0,,,,,268,126.2585,34.473
2020-02-16,2.2,-0.7,5.9,1.0,2321.0,5.0,,,,,,,58.0,78.8,1654.0,4864.0,5.6,17.8,8.5,290.0,320.0,320.0,1228.0,1006.0,11.0,1.5,,,,8.1,7.6,-1.1,-0.8,5.0,,,,,,,,,,,,,,,5.7,1016.4,1017.1,1013.7,1020.2,1.0,2317.0,,,,,268,126.2585,34.473
2020-02-17,-0.2,-2.2,2.1,1356.0,1959.0,2.2,,,,,,,49.0,74.8,1000.0,5057.0,5.9,17.1,8.8,340.0,320.0,290.0,1731.0,1620.0,11.0,2.5,,,,7.5,6.3,-4.3,-2.6,2.4,,,,,,,,,,,,,,,4.4,1020.4,1021.1,1018.6,1024.6,1357.0,2320.0,,,,,268,126.2585,34.473
2020-02-18,2.2,-0.8,5.3,1455.0,2310.0,0.0,,,,,,,54.0,64.9,1502.0,4011.0,4.6,14.9,7.9,290.0,320.0,320.0,109.0,536.0,11.0,7.4,,,,3.8,3.8,-3.8,-2.4,3.7,,,,,,,,,,,,,,,4.6,1026.9,1027.6,1024.4,1029.9,1.0,2223.0,,,,,268,126.2585,34.473
2020-02-19,4.0,-2.8,10.0,1448.0,718.0,,,,,,,,41.0,76.0,1450.0,1023.0,1.2,7.1,3.6,320.0,320.0,140.0,1201.0,1539.0,11.1,9.2,,,,6.9,3.8,-0.2,-4.4,4.8,,,,,,,,,,,,,,,6.1,1028.5,1029.2,1027.9,1030.4,1545.0,1023.0,,,,,268,126.2585,34.473
2020-02-20,6.0,0.7,12.2,1352.0,547.0,,,,,,,,50.0,77.3,1110.0,1537.0,1.8,7.3,5.3,320.0,320.0,50.0,1355.0,1418.0,11.1,9.7,,,,2.0,1.3,1.9,-2.4,6.3,,,,,,,,,,,,,,,7.0,1031.7,1032.4,1029.3,1034.5,1.0,2121.0,,,,,268,126.2585,34.473
2020-02-21,8.1,-0.9,15.7,1522.0,616.0,3.9,,,,,,,50.0,81.4,1523.0,1165.0,1.3,8.3,4.1,110.0,90.0,90.0,1307.0,1148.0,11.1,7.4,,,,5.9,4.1,4.6,-3.5,7.7,,,,,,,,,,,,,,,8.7,1028.1,1028.8,1023.8,1034.7,2356.0,101.0,,,,,268,126.2585,34.473
2020-02-22,7.9,4.5,11.9,37.0,2359.0,,,,,,,,45.0,68.4,1710.0,3190.0,3.7,11.5,5.8,290.0,320.0,320.0,305.0,2018.0,11.2,8.1,,,,2.8,2.1,2.2,3.1,9.2,,,,,,,,,,,,,,,7.3,1027.1,1027.8,1023.7,1031.1,4.0,2330.0,,,,,268,126.2585,34.473
2020-02-23,4.3,-1.0,9.0,1353.0,2357.0,,,,,,,,39.0,64.6,1330.0,1854.0,2.1,9.0,4.3,340.0,340.0,320.0,52.0,44.0,11.2,9.8,,,,0.1,0.0,-2.1,-3.8,6.3,,,,,,,,,,,,,,,5.2,1028.9,1029.6,1027.4,1032.0,2210.0,1015.0,,,,,268,126.2585,34.473
2020-02-24,8.6,-1.5,14.3,2358.0,329.0,0.0,,,,,,,53.0,75.4,1516.0,1231.0,1.4,7.9,4.3,180.0,180.0,160.0,1219.0,1213.0,11.2,5.8,,,,5.4,2.8,4.1,-4.0,7.2,,,,,,,,,,,,,,,8.4,1022.6,1023.2,1019.1,1027.4,2353.0,1.0,,,,,268,126.2585,34.473
2020-02-25,12.9,7.9,16.8,806.0,2157.0,1.4,,,,,,,69.0,91.6,1.0,2915.0,3.4,14.1,7.1,180.0,200.0,180.0,749.0,843.0,11.3,0.0,,,,9.1,9.1,11.4,8.6,12.3,,,,,,,,,,,,,,,13.6,1013.6,1014.2,1011.4,1019.1,1433.0,1.0,,,,,268,126.2585,34.473
2020-02-26,8.0,4.3,13.0,1400.0,2344.0,0.1,,,,,,,64.0,83.1,1639.0,2522.0,2.9,9.4,5.5,320.0,320.0,320.0,1935.0,1538.0,11.3,5.6,,,,6.3,6.1,5.1,2.4,10.7,,,,,,,,,,,,,,,8.9,1022.0,1022.7,1016.9,1026.5,1.0,2326.0,,,,,268,126.2585,34.473
2020-02-27,6.6,2.7,11.7,1319.0,2234.0,,,,,,,,57.0,77.9,1157.0,2077.0,2.4,8.2,5.1,340.0,320.0,20.0,431.0,556.0,11.3,6.2,,,,2.9,1.6,2.8,0.2,8.8,,,,,,,,,,,,,,,7.5,1026.2,1026.9,1025.9,1028.5,353.0,925.0,,,,,268,126.2585,34.473
2020-02-28,8.1,2.9,9.6,958.0,10.0,1.8,,,,,,,62.0,77.4,955.0,1802.0,2.1,8.9,4.8,140.0,90.0,90.0,1454.0,1423.0,11.4,0.0,,,,9.3,7.3,4.3,-0.1,8.0,,,,,,,,,,,,,,,8.3,1020.0,1020.7,1016.6,1026.1,2400.0,1.0,,,,,268,126.2585,34.473
2020-02-29,8.0,4.3,11.8,1620.0,2312.0,,,,,,,,66.0,84.0,1436.0,1559.0,1.8,5.6,4.1,50.0,320.0,70.0,1331.0,1710.0,11.4,0.0,,,,7.3,6.8,5.3,2.1,8.6,,,,,,,,,,,,,,,8.9,1015.9,1016.6,1014.6,1018.2,1413.0,2215.0,,,,,268,126.2585,34.473
2020-03-01,7.1,4.3,10.3,1238.0,13.0,,,,,,,,72.0,81.6,2320.0,2215.0,2.6,8.5,5.4,320.0,320.0,320.0,2317.0,1307.0,11.5,0.0,,,,9.1,6.1,4.1,1.9,8.7,,,,,,,,,,,,,,,8.2,1018.4,1019.1,1017.4,1021.4,1354.0,2331.0,,,,,268,126.2585,34.473
2020-03-02,5.4,3.8,7.2,1419.0,2301.0,,,,,,,,43.0,61.5,1608.0,4454.0,5.2,15.6,7.6,320.0,290.0,320.0,1310.0,1026.0,11.5,8.8,,,,5.4,3.6,-1.5,2.7,7.8,,,,,,,,,,,,,,,5.5,1023.0,1023.7,1021.2,1025.4,2.0,2157.0,,,,,268,126.2585,34.473
2020-03-03,6.9,1.9,12.7,1306.0,504.0,,,,,,,,59.0,72.4,1407.0,1720.0,2.0,8.2,4.0,290.0,290.0,70.0,1503.0,1504.0,11.5,0.4,,,,8.9,5.6,2.2,0.7,8.3,,,,,,,,,,,,,,,7.2,1022.7,1023.4,1021.9,1024.9,1403.0,805.0,,,,,268,126.2585,34.473
2020-03-04,5.3,3.2,8.6,1130.0,2357.0,,,,,,,,44.0,60.8,1416.0,4687.0,5.4,15.9,8.3,340.0,320.0,320.0,2311.0,1220.0,11.6,7.6,,,,6.8,4.5,-1.8,2.8,8.4,,,,,,,,,,,,,,,5.4,1023.5,1024.2,1022.1,1026.0,342.0,2141.0,,,,,268,126.2585,34.473
2020-03-05,3.4,-2.1,6.6,1344.0,2350.0,,,,,,,,48.0,60.8,1355.0,3740.0,4.3,16.5,7.4,320.0,320.0,320.0,31.0,32.0,11.6,8.2,,,,3.8,3.3,-3.6,-6.0,7.7,,,,,,,,,,,,,,,4.7,1025.1,1025.8,1024.2,1028.0,1843.0,1015.0,,,,,268,126.2585,34.473
2020-03-06,5.0,-3.1,11.4,1548.0,703.0,,,,,,,,30.0,61.0,1523.0,1506.0,1.7,6.6,3.9,290.0,320.0,70.0,1327.0,1342.0,11.6,10.3,,,,2.8,1.8,-2.5,-6.6,7.3,,,,,,,,,,,,,,,5.1,1021.0,1021.7,1019.1,1024.6,1605.0,1.0,,,,,268,126.2585,34.473
2020-03-07,6.5,2.5,11.2,1331.0,2357.0,0.5,,,,,,,71.0,83.8,1306.0,1510.0,1.7,6.6,4.9,320.0,320.0,50.0,1504.0,1505.0,11.7,0.4,,,,7.3,4.0,3.8,-1.0,8.1,,,,,,,,,,,,,,,8.1,1016.1,1016.8,1014.8,1019.5,1512.0,1.0,,,,,268,126.2585,34.473
2020-03-08,7.2,-0.5,15.4,1440.0,541.0,,,,,,,,39.0,76.4,1239.0,1433.0,1.7,7.0,4.1,110.0,140.0,140.0,1521.0,1523.0,11.7,10.0,,,,4.1,0.4,2.4,-4.0,9.9,,,,,,,,,,,,,,,7.3,1017.3,1018.0,1016.5,1019.8,1537.0,931.0,,,,,268,126.2585,34.473
2020-03-09,9.5,3.6,14.0,1216.0,7.0,10.0,,,,,,,67.0,86.3,1217.0,1694.0,2.0,8.0,4.3,90.0,90.0,50.0,1220.0,1300.0,11.8,0.0,,,,9.6,6.3,7.1,1.0,9.2,,,,,,,,,,,,,,,10.2,1010.9,1011.5,1006.7,1017.7,2324.0,1.0,,,,,268,126.2585,34.473
2020-03-10,6.9,5.6,8.3,1.0,2213.0,6.2,,,,,,,52.0,80.0,2358.0,4547.0,5.3,15.6,8.7,320.0,320.0,320.0,1651.0,1824.0,11.8,0.0,,,,7.3,7.3,3.4,3.9,7.6,,,,,,,,,,,,,,,8.0,1009.2,1009.9,1005.7,1015.6,436.0,2341.0,,,,,268,126.2585,34.473
2020-03-11,5.2,-0.9,8.7,1300.0,2358.0,,,,,,,,43.0,60.8,1112.0,3758.0,4.3,14.3,7.9,290.0,320.0,320.0,112.0,1029.0,11.8,10.5,,,,0.5,0.4,-2.1,-3.8,7.4,,,,,,,,,,,,,,,5.2,1019.3,1020.0,1015.5,1023.7,1.0,2346.0,,,,,268,126.2585,34.473
2020-03-12,5.2,-3.0,14.3,1453.0,504.0,,,,,,,,19.0,70.5,1454.0,1246.0,1.4,8.8,6.3,230.0,200.0,160.0,1515.0,1523.0,11.9,10.3,,,,3.1,0.0,-1.3,-5.8,8.2,,,,,,,,,,,,,,,5.7,1021.6,1022.3,1019.9,1023.9,1834.0,926.0,,,,,268,126.2585,34.473
2020-03-13,6.2,2.1,12.0,1100.0,414.0,,,,,,,,33.0,70.5,1749.0,3188.0,3.7,13.4,8.2,200.0,320.0,320.0,1905.0,1906.0,11.9,7.4,,,,7.3,4.3,0.7,0.3,9.5,,,,,,,,,,,,,,,6.6,1020.4,1021.1,1019.4,1023.4,1505.0,918.0,,,,,268,126.2585,34.473
2020-03-14,6.5,3.0,9.3,1527.0,600.0,,,,,,,,31.0,57.0,1304.0,3843.0,4.4,13.2,7.0,340.0,320.0,320.0,159.0,1248.0,11.9,9.2,,,,2.1,1.0,-1.6,1.6,8.8,,,,,,,,,,,,,,,5.5,1017.0,1017.7,1015.5,1021.2,1817.0,42.0,,,,,268,126.2585,34.473
2020-03-15,7.8,2.9,12.7,1159.0,707.0,0.2,,,,,,,33.0,59.1,1039.0,4129.0,4.8,18.5,10.1,320.0,320.0,320.0,2139.0,2119.0,12.0,10.6,,,,2.9,2.1,-0.1,-0.7,10.3,,,,,,,,,,,,,,,6.2,1014.2,1014.9,1012.8,1019.3,1344.0,2341.0,,,,,268,126.2585,34.473
2020-03-16,4.6,0.4,10.0,1348.0,2338.0,,,,,,,,41.0,59.5,1425.0,2881.0,3.3,14.2,8.1,320.0,320.0,320.0,123.0,130.0,12.0,9.8,,,,3.6,1.4,-2.9,-1.1,9.8,,,,,,,,,,,,,,,5.0,1022.1,1022.8,1019.2,1024.9,1.0,940.0,,,,,268,126.2585,34.473
2020-03-17,9.3,0.2,16.5,1412.0,524.0,,,,,,,,36.0,72.3,1418.0,2107.0,2.4,11.4,6.7,230.0,230.0,230.0,1423.0,1427.0,12.0,10.6,,,,2.4,0.8,3.7,-2.4,11.3,,,,,,,,,,,,,,,8.1,1017.2,1017.9,1015.6,1021.8,1513.0,5.0,,,,,268,126.2585,34.473
2020-03-18,11.1,1.5,18.1,1245.0,658.0,,,,,,,,15.0,72.3,1200.0,1894.0,2.2,8.5,5.0,180.0,180.0,180.0,2144.0,2229.0,12.1,10.6,,,,4.5,2.0,3.7,-0.5,13.5,,,,,,,,,,,,,,,8.7,1013.7,1014.3,1011.6,1017.2,2352.0,845.0,,,,,268,126.2585,34.473
2020-03-19,10.7,7.2,13.6,853.0,2348.0,,,,,,,,40.0,64.4,1357.0,4477.0,5.2,15.5,9.6,320.0,320.0,180.0,1416.0,1510.0,12.1,7.9,,,,2.6,0.8,4.0,5.1,13.2,,,,,,,,,,,,,,,8.6,1011.3,1011.9,1007.7,1017.0,741.0,2321.0,,,,,268,126.2585,34.473
2020-03-20,9.7,1.0,14.3,1541.0,659.0,,,,,,,,19.0,51.6,1046.0,2244.0,2.6,8.8,5.2,320.0,230.0,200.0,13.0,1502.0,12.1,10.7,,,,0.1,0.0,-0.7,-2.3,12.4,,,,,,,,,,,,,,,5.9,1015.2,1015.9,1014.1,1018.1,2013.0,1007.0,,,,,268,126.2585,34.473
2020-03-21,15.0,9.0,19.3,1204.0,701.0,,,,,,,,55.0,73.6,1346.0,2643.0,3.1,9.7,5.7,180.0,180.0,180.0,218.0,220.0,12.2,10.3,,,,2.1,1.8,10.1,6.2,15.4,,,,,,,,,,,,,,,12.6,1012.2,1012.8,1010.1,1015.0,1808.0,1000.0,,,,,268,126.2585,34.473
2020-03-22,11.5,8.5,15.7,1.0,2357.0,,,,,,,,40.0,70.6,1354.0,3853.0,4.5,13.1,8.1,140.0,290.0,320.0,1734.0,2009.0,12.2,8.0,,,,3.5,2.1,5.8,7.3,15.5,,,,,,,,,,,,,,,9.7,1013.0,1013.7,1010.6,1017.8,401.0,2335.0,,,,,268,126.2585,34.473
2020-03-23,9.3,1.6,16.2,1436.0,632.0,,,,,,,,24.0,62.1,1444.0,2099.0,2.4,11.8,7.7,360.0,320.0,320.0,122.0,114.0,12.3,10.8,,,,0.9,0.0,1.5,-1.3,13.8,,,,,,,,,,,,,,,6.9,1018.5,1019.2,1017.6,1020.7,6.0,938.0,,,,,268,126.2585,34.473
2020-03-24,9.0,1.8,17.1,1302.0,635.0,,,,,,,,29.0,69.5,1238.0,1225.0,1.4,7.7,5.0,320.0,320.0,290.0,1329.0,1335.0,12.3,10.9,,,,0.8,0.0,2.8,-1.9,13.6,,,,,,,,,,,,,,,7.5,1019.6,1020.3,1019.4,1021.6,45.0,1034.0,,,,,268,126.2585,34.473
2020-03-25,12.4,2.7,17.9,1206.0,312.0,0.0,,,,,,,43.0,68.4,1208.0,1999.0,2.3,10.5,5.9,160.0,90.0,110.0,2154.0,2336.0,12.3,9.7,,,,4.0,2.1,6.1,-0.2,14.9,,,,,,,,,,,,,,,9.6,1018.7,1019.3,1017.1,1021.4,2330.0,10.0,,,,,268,126.2585,34.473
2020-03-26,15.5,13.2,16.9,1438.0,201.0,9.2,,,,,,,70.0,87.9,339.0,2578.0,3.0,11.3,6.7,110.0,110.0,110.0,1109.0,1109.0,12.4,0.0,,,,9.6,7.3,13.4,12.7,15.5,,,,,,,,,,,,,,,15.5,1012.8,1013.4,1010.3,1019.1,1704.0,53.0,,,,,268,126.2585,34.473
2020-03-27,9.2,6.1,16.2,120.0,2100.0,0.6,,,,,,,57.0,82.0,2334.0,3930.0,4.5,15.1,9.6,320.0,320.0,320.0,1603.0,1606.0,12.4,3.2,,,,7.5,5.5,6.1,5.1,12.7,,,,,,,,,,,,,,,9.9,1014.3,1014.9,1009.1,1020.1,356.0,2141.0,,,,,268,126.2585,34.473
2020-03-28,7.3,5.5,8.6,1023.0,2343.0,,,,,,,,28.0,51.6,854.0,4663.0,5.4,15.9,9.3,20.0,320.0,320.0,821.0,157.0,12.4,0.0,,,,8.6,6.0,-2.2,3.4,8.0,,,,,,,,,,,,,,,5.3,1019.5,1020.2,1019.0,1021.5,1516.0,2317.0,,,,,268,126.2585,34.473
2020-03-29,8.9,3.5,14.8,1441.0,316.0,,,,,,,,38.0,63.6,1545.0,1640.0,1.9,7.6,4.0,90.0,50.0,70.0,1122.0,35.0,12.5,6.8,,,,5.3,3.4,2.0,-0.4,11.8,,,,,,,,,,,,,,,7.2,1020.2,1020.9,1019.4,1022.5,1712.0,842.0,,,,,268,126.2585,34.473
2020-03-30,10.2,5.6,15.8,1353.0,2344.0,,,,,,,,41.0,71.4,1332.0,1487.0,1.7,8.3,5.0,320.0,320.0,320.0,1449.0,1443.0,12.5,8.1,,,,7.3,2.5,5.0,2.8,14.2,,,,,,,,,,,,,,,8.7,1019.2,1019.9,1018.1,1021.3,1537.0,925.0,,,,,268,126.2585,34.473
2020-03-31,10.2,2.3,17.3,1154.0,624.0,,,,,,,,39.0,69.0,1641.0,1551.0,1.8,8.2,5.6,290.0,320.0,320.0,1309.0,1242.0,12.5,10.6,,,,4.9,2.1,4.2,-0.6,14.6,,,,,,,,,,,,,,,8.3,1016.1,1016.8,1014.2,1020.6,1832.0,12.0,,,,,268,126.2585,34.473
2020-04-01,9.7,7.1,13.7,1230.0,259.0,0.2,0.2,0.1,,,,,44.0,62.1,2031.0,3627.0,4.2,12.6,7.7,320.0,320.0,320.0,1602.0,1609.0,12.6,8.6,,,,4.1,2.1,2.5,5.7,13.4,,,,,,,,,,,,,,,7.4,1015.9,1016.5,1014.0,1019.9,350.0,2349.0,,,,,268,126.2585,34.473
2020-04-02,9.8,4.0,16.4,1345.0,2321.0,,,,,,,,22.0,60.9,1527.0,2506.0,2.9,9.9,5.3,20.0,20.0,50.0,613.0,622.0,12.6,8.6,,,,5.1,2.5,1.9,0.7,13.9,,,,,,,,,,,,,,,7.1,1021.6,1022.2,1019.7,1024.3,3.0,1027.0,,,,,268,126.2585,34.473
2020-04-03,9.7,4.0,15.6,1526.0,1.0,,,,,,,,30.0,62.4,1449.0,2189.0,2.5,10.4,6.1,200.0,320.0,320.0,1343.0,1145.0,12.6,11.1,,,,3.0,1.5,2.1,0.0,14.2,,,,,,,,,,,,,,,7.2,1021.2,1021.9,1020.0,1023.7,1520.0,141.0,,,,,268,126.2585,34.473
2020-04-04,8.0,1.7,14.4,1211.0,621.0,,,,,,,,40.0,64.0,1813.0,3405.0,3.9,14.7,8.0,290.0,320.0,320.0,954.0,1000.0,12.7,11.4,,,,0.0,0.0,1.0,-2.5,12.9,,,,,,,,,,,,,,,6.7,1020.4,1021.1,1020.0,1022.9,1517.0,2334.0,,,,,268,126.2585,34.473
2020-04-05,7.4,2.8,10.9,1422.0,2314.0,,,,,,,,35.0,56.5,943.0,4263.0,4.9,15.6,8.7,340.0,320.0,320.0,16.0,215.0,12.7,11.3,,,,1.5,0.0,-1.1,-0.9,13.2,,,,,,,,,,,,,,,5.7,1022.6,1023.3,1021.9,1024.9,1623.0,1049.0,,,,,268,126.2585,34.473
2020-04-06,8.3,0.0,14.6,1313.0,634.0,,,,,,,,20.0,65.6,1259.0,2131.0,2.5,8.4,5.5,180.0,320.0,320.0,1341.0,1343.0,12.8,9.3,,,,4.8,2.4,1.6,-3.9,13.5,,,,,,,,,,,,,,,6.9,1020.3,1021.0,1018.4,1023.7,1654.0,1.0,,,,,268,126.2585,34.473
2020-04-07,10.5,2.6,16.1,1342.0,625.0,,,,,,,,34.0,69.5,1135.0,1262.0,1.5,6.6,3.9,320.0,320.0,270.0,1328.0,1330.0,12.8,11.4,,,,3.0,1.9,4.4,-0.9,15.3,,,,,,,,,,,,,,,8.5,1016.9,1017.6,1015.8,1019.2,1704.0,1.0,,,,,268,126.2585,34.473
2020-04-08,10.2,6.7,13.9,1337.0,2326.0,,,,,,,,23.0,51.3,1128.0,3426.0,4.0,12.1,6.9,320.0,320.0,320.0,1507.0,1505.0,12.8,10.8,,,,0.1,0.1,-0.3,2.8,14.7,,,,,,,,,,,,,,,6.2,1018.9,1019.6,1016.9,1022.4,431.0,2356.0,,,,,268,126.2585,34.473
2020-04-09,9.4,3.9,14.2,1352.0,302.0,,,,,,,,25.0,53.1,1203.0,2850.0,3.3,10.8,6.2,290.0,320.0,320.0,1724.0,1728.0,12.9,10.4,,,,1.3,0.4,0.0,0.0,13.9,,,,,,,,,,,,,,,6.1,1022.1,1022.8,1021.6,1025.2,226.0,2229.0,,,,,268,126.2585,34.473
2020-04-10,10.4,6.8,14.6,1550.0,209.0,,,,,,,,47.0,61.5,118.0,2025.0,2.3,7.3,5.0,320.0,320.0,320.0,948.0,1024.0,12.9,4.9,,,,7.5,5.4,3.1,4.2,14.7,,,,,,,,,,,,,,,7.7,1024.0,1024.7,1023.2,1026.1,1548.0,941.0,,,,,268,126.2585,34.473
2020-04-11,7.7,6.7,8.8,1.0,2026.0,12.1,3.3,0.8,,,1148.0,1133.0,67.0,83.6,3.0,2584.0,3.0,9.4,5.6,360.0,340.0,50.0,1746.0,1752.0,12.9,0.0,,,,9.8,6.5,4.9,6.5,10.5,,,,,,,,,,,,,,,8.7,1018.9,1019.6,1015.7,1024.3,2343.0,1.0,,,,,268,126.2585,34.473
2020-04-12,8.9,5.0,13.4,1500.0,2349.0,0.9,0.6,0.4,,,2026.0,1944.0,50.0,78.6,1154.0,2943.0,3.4,10.0,6.7,320.0,320.0,320.0,1545.0,1554.0,13.0,7.2,,,,6.8,3.8,5.1,2.9,13.1,,,,,,,,,,,,,,,8.8,1011.5,1012.2,1009.8,1015.8,1506.0,1.0,,,,,268,126.2585,34.473
2020-04-13,8.7,4.3,12.0,1542.0,2327.0,,,,,,,,41.0,65.4,1212.0,3721.0,4.3,14.3,9.0,340.0,320.0,320.0,1234.0,1459.0,13.0,11.5,,,,2.0,0.4,2.0,1.0,12.5,,,,,,,,,,,,,,,7.1,1013.5,1014.2,1010.9,1018.0,330.0,2246.0,,,,,268,126.2585,34.473
2020-04-14,9.5,0.2,17.7,1339.0,629.0,,,,,,,,20.0,64.9,1426.0,1346.0,1.6,7.3,5.5,290.0,320.0,320.0,1008.0,1106.0,13.0,11.0,,,,4.0,1.9,1.7,-2.4,14.4,,,,,,,,,,,,,,,7.0,1016.9,1017.5,1015.9,1019.3,1629.0,821.0,,,,,268,126.2585,34.473
2020-04-15,9.2,2.4,17.4,1413.0,519.0,,,,,,,,24.0,62.4,1410.0,1072.0,1.2,6.8,3.9,290.0,320.0,320.0,1441.0,1455.0,13.1,7.5,,,,7.5,3.5,1.1,0.1,13.7,,,,,,,,,,,,,,,6.7,1014.3,1015.0,1013.6,1016.9,1504.0,9.0,,,,,268,126.2585,34.473
2020-04-16,11.6,1.0,18.1,1344.0,552.0,,,,,,,,52.0,73.3,1333.0,2642.0,3.1,12.5,6.3,110.0,110.0,110.0,1242.0,2128.0,13.1,11.0,,,,3.5,1.0,6.6,-2.5,16.7,,,,,,,,,,,,,,,10.0,1015.9,1016.5,1015.3,1018.5,1627.0,949.0,,,,,268,126.2585,34.473
2020-04-17,13.3,8.8,17.9,1609.0,2400.0,24.7,6.7,1.4,,,856.0,810.0,71.0,87.3,1738.0,2231.0,2.6,12.1,6.9,90.0,110.0,110.0,258.0,1204.0,13.1,3.7,,,,6.0,2.6,11.2,6.6,15.3,,,,,,,,,,,,,,,13.3,1012.1,1012.8,1010.5,1015.8,1647.0,9.0,,,,,268,126.2585,34.473
2020-04-18,10.6,8.4,13.5,1547.0,2229.0,,,,,,,,69.0,83.8,958.0,2506.0,2.9,8.7,5.0,320.0,320.0,320.0,1114.0,1359.0,13.2,1.3,,,,7.4,6.8,7.9,6.3,13.4,,,,,,,,,,,,,,,10.6,1016.4,1017.1,1013.3,1018.7,21.0,2201.0,,,,,268,126.2585,34.473
2020-04-19,11.6,8.6,14.3,631.0,146.0,23.6,5.0,1.6,,,1801.0,1738.0,77.0,88.9,604.0,2664.0,3.1,14.4,7.8,90.0,90.0,90.0,1215.0,1235.0,13.2,0.0,,,,9.0,7.1,9.8,8.4,11.9,,,,,,,,,,,,,,,12.1,1010.3,1011.0,1005.3,1017.8,1746.0,1.0,,,,,268,126.2585,34.473
2020-04-20,11.7,9.6,15.4,1339.0,356.0,,,,,,,,60.0,80.3,2357.0,2301.0,2.7,11.8,5.5,230.0,230.0,320.0,1712.0,1549.0,13.2,4.0,,,,7.5,6.4,8.2,8.3,14.5,,,,,,,,,,,,,,,11.0,1012.7,1013.4,1008.5,1016.6,25.0,2307.0,,,,,268,126.2585,34.473
2020-04-21,10.0,6.3,13.8,1045.0,609.0,,,,,,,,33.0,52.9,1046.0,3557.0,4.1,14.8,8.2,320.0,320.0,320.0,1440.0,1446.0,13.3,9.5,,,,7.0,4.3,0.4,4.0,14.7,,,,,,,,,,,,,,,6.4,1017.4,1018.1,1015.4,1020.8,225.0,2345.0,,,,,268,126.2585,34.473
2020-04-22,9.3,7.1,12.3,1309.0,2353.0,,,,,,,,36.0,49.3,950.0,3598.0,4.2,13.0,7.0,290.0,320.0,290.0,1044.0,1738.0,13.3,10.1,,,,3.0,2.4,-0.9,5.1,14.6,,,,,,,,,,,,,,,5.7,1018.5,1019.2,1017.8,1020.9,1633.0,32.0,,,,,268,126.2585,34.473
2020-04-23,9.5,6.6,13.0,1328.0,222.0,,,,,,,,33.0,57.0,1214.0,3430.0,4.0,12.9,7.1,320.0,320.0,320.0,1004.0,1104.0,13.3,10.0,,,,2.1,1.5,1.2,3.3,15.1,,,,,,,,,,,,,,,6.7,1018.3,1019.0,1017.6,1020.4,1753.0,752.0,,,,,268,126.2585,34.473
2020-04-24,10.4,2.8,15.4,1515.0,557.0,,,,,,,,23.0,54.1,1352.0,2192.0,2.5,9.6,6.6,230.0,230.0,230.0,1346.0,1340.0,13.4,12.1,,,,0.0,0.0,0.3,-1.2,16.9,,,,,,,,,,,,,,,6.4,1016.9,1017.6,1015.8,1019.2,1833.0,1.0,,,,,268,126.2585,34.473
2020-04-25,14.6,9.1,20.7,1325.0,2355.0,,,,,,,,38.0,64.0,631.0,3911.0,4.5,14.2,7.9,200.0,230.0,200.0,1424.0,1424.0,13.4,11.7,,,,0.1,0.0,7.4,6.6,19.5,,,,,,,,,,,,,,,10.5,1013.0,1013.6,1011.1,1016.7,1515.0,15.0,,,,,268,126.2585,34.473
2020-04-26,12.2,6.7,17.0,1303.0,234.0,,,,,,,,23.0,55.8,1325.0,2611.0,3.0,11.2,6.5,290.0,290.0,20.0,1407.0,1442.0,13.4,11.3,,,,3.8,2.0,2.7,3.0,18.3,,,,,,,,,,,,,,,7.6,1017.7,1018.4,1016.3,1020.4,40.0,2248.0,,,,,268,126.2585,34.473
2020-04-27,11.1,4.0,17.8,1354.0,614.0,,,,,,,,19.0,59.0,1339.0,1972.0,2.3,9.4,4.7,20.0,50.0,320.0,41.0,45.0,13.5,12.2,,,,0.4,0.0,2.3,0.7,19.7,,,,,,,,,,,,,,,7.4,1020.4,1021.1,1019.5,1022.6,312.0,2400.0,,,,,268,126.2585,34.473
2020-04-28,11.2,3.1,19.3,1257.0,613.0,,,,,,,,21.0,66.4,1136.0,1255.0,1.5,7.8,4.3,290.0,290.0,270.0,1538.0,1542.0,13.5,12.2,,,,0.3,0.1,3.7,0.1,19.7,,,,,,,,,,,,,,,8.1,1021.2,1021.9,1020.0,1023.8,1822.0,728.0,,,,,268,126.2585,34.473
2020-04-29,13.0,4.8,20.6,1441.0,603.0,,,,,,,,21.0,55.6,1618.0,1440.0,1.7,10.4,4.7,230.0,230.0,110.0,1106.0,1521.0,13.5,12.3,,,,0.3,0.0,2.2,1.2,21.0,,,,,,,,,,,,,,,7.2,1019.2,1019.8,1018.3,1021.4,1919.0,855.0,,,,,268,126.2585,34.473
2020-04-30,17.9,8.2,21.1,1330.0,48.0,,,,,,,,59.0,70.9,947.0,2865.0,3.3,12.0,6.7,200.0,180.0,180.0,2215.0,2224.0,13.6,5.9,,,,5.6,5.1,12.5,3.8,22.2,,,,,,,,,,,,,,,14.7,1015.8,1016.4,1014.1,1019.2,1816.0,1.0,,,,,268,126.2585,34.473
2020-05-01,20.0,18.1,23.7,1151.0,523.0,,,,,,,,66.0,78.8,1204.0,3317.0,3.8,11.4,6.7,200.0,200.0,180.0,1303.0,1329.0,13.6,4.2,,,,6.3,6.0,16.1,17.5,23.5,,,,,,,,,,,,,,,18.3,1013.8,1014.4,1013.1,1015.6,1709.0,1105.0,,,,,268,126.2585,34.473
2020-05-02,19.1,17.8,21.2,1605.0,344.0,1.2,0.8,0.4,,,2347.0,2300.0,72.0,85.3,852.0,2208.0,2.6,9.3,5.5,110.0,110.0,110.0,1233.0,1235.0,13.6,0.3,,,,9.5,5.1,16.5,16.7,21.2,,,,,,,,,,,,,,,18.7,1010.3,1010.9,1007.8,1014.1,2330.0,1.0,,,,,268,126.2585,34.473
2020-05-03,17.4,16.4,18.9,1204.0,2318.0,80.2,50.1,17.5,,,441.0,426.0,90.0,96.9,5.0,1621.0,1.9,9.1,4.4,90.0,110.0,110.0,116.0,13.0,13.6,0.0,,,,8.9,8.9,16.9,17.3,19.5,,,,,,,,,,,,,,,19.2,1003.8,1004.4,1002.7,1007.8,1535.0,1.0,,,,,268,126.2585,34.473
2020-05-04,16.6,12.0,22.2,1331.0,2342.0,,,,,,,,71.0,87.3,1332.0,2491.0,2.9,10.2,6.4,320.0,320.0,320.0,1432.0,1422.0,13.7,8.3,,,,5.5,3.6,14.4,11.3,21.1,,,,,,,,,,,,,,,16.6,1008.5,1009.1,1005.5,1011.5,200.0,2114.0,,,,,268,126.2585,34.473
2020-05-05,15.3,10.2,21.3,1301.0,548.0,,,,,,,,73.0,88.8,1251.0,1947.0,2.3,11.0,6.6,290.0,320.0,110.0,1321.0,1322.0,13.7,1.6,,,,7.9,4.4,13.3,9.1,17.6,,,,,,,,,,,,,,,15.4,1010.0,1010.6,1009.4,1012.9,2044.0,1443.0,,,,,268,126.2585,34.473
2020-05-06,18.1,13.1,24.7,1437.0,2346.0,,,,,,,,53.0,79.1,1128.0,2157.0,2.5,10.0,6.8,50.0,50.0,50.0,852.0,859.0,13.7,10.9,,,,2.3,1.8,13.9,11.4,23.9,,,,,,,,,,,,,,,16.0,1011.6,1012.2,1010.2,1014.7,12.0,2354.0,,,,,268,126.2585,34.473
2020-05-07,16.9,10.6,22.2,1522.0,541.0,,,,,,,,20.0,50.5,1408.0,2411.0,2.8,15.1,7.5,110.0,90.0,90.0,1244.0,1302.0,13.8,12.4,,,,2.8,0.0,4.5,8.0,21.8,,,,,,,,,,,,,,,8.7,1015.5,1016.2,1014.5,1017.1,20.0,2311.0,,,,,268,126.2585,34.473
2020-05-08,17.9,13.1,21.4,1458.0,223.0,3.7,3.1,1.8,,,2310.0,2301.0,34.0,70.6,139.0,2895.0,3.4,12.3,7.2,110.0,110.0,90.0,1131.0,1147.0,13.8,7.7,,,,7.4,2.8,12.2,7.5,22.0,,,,,,,,,,,,,,,14.8,1012.1,1012.7,1008.9,1017.1,2352.0,1.0,,,,,268,126.2585,34.473
2020-05-09,16.5,13.7,19.6,751.0,2336.0,83.5,21.6,7.3,,,401.0,359.0,82.0,91.3,2120.0,3328.0,3.9,16.0,7.7,180.0,180.0,230.0,746.0,847.0,13.8,0.1,,,,9.0,8.4,15.0,14.3,19.2,,,,,,,,,,,,,,,17.3,1005.1,1005.7,1004.0,1009.2,1144.0,5.0,,,,,268,126.2585,34.473
2020-05-10,14.1,10.9,16.9,1457.0,2350.0,0.2,0.2,0.1,,,,,80.0,92.6,1741.0,2015.0,2.3,9.2,5.1,290.0,230.0,320.0,1122.0,209.0,13.8,0.0,,,,6.1,6.0,12.8,8.5,17.4,,,,,,,,,,,,,,,14.8,1008.7,1009.3,1006.6,1012.7,419.0,2349.0,,,,,268,126.2585,34.473
2020-05-11,16.0,10.5,23.9,1526.0,44.0,,,,,,,,36.0,86.3,1622.0,1306.0,1.5,5.5,4.0,320.0,320.0,340.0,1210.0,1217.0,13.9,9.2,,,,6.1,4.3,13.4,8.1,22.3,,,,,,,,,,,,,,,15.4,1009.4,1010.0,1007.3,1012.7,1754.0,1.0,,,,,268,126.2585,34.473
2020-05-12,15.4,10.8,21.1,1153.0,543.0,,,,,,,,43.0,72.1,1017.0,2624.0,3.0,12.7,7.5,230.0,230.0,230.0,1325.0,1333.0,13.9,12.0,,,,2.4,1.1,10.0,8.2,22.5,,,,,,,,,,,,,,,12.4,1008.0,1008.6,1006.5,1013.2,1500.0,2352.0,,,,,268,126.2585,34.473
2020-05-13,14.6,7.6,20.3,1658.0,535.0,,,,,,,,26.0,60.0,1700.0,1295.0,1.5,8.2,4.1,290.0,320.0,290.0,1254.0,1054.0,13.9,12.8,,,,0.4,0.0,5.7,4.9,23.1,,,,,,,,,,,,,,,9.2,1016.5,1017.1,1013.2,1018.9,1.0,1251.0,,,,,268,126.2585,34.473
2020-05-14,17.6,8.8,23.3,1353.0,326.0,0.0,0.0,0.0,,,,,24.0,54.9,1343.0,2068.0,2.4,9.6,5.2,110.0,110.0,110.0,1309.0,1645.0,14.0,5.6,,,,8.1,5.4,7.1,6.9,22.3,,,,,,,,,,,,,,,10.6,1014.8,1015.4,1012.0,1018.4,2329.0,746.0,,,,,268,126.2585,34.473
2020-05-15,18.3,16.7,20.6,1652.0,2222.0,24.8,7.2,2.7,,,758.0,757.0,79.0,94.4,1.0,2385.0,2.8,13.0,7.2,110.0,110.0,90.0,829.0,744.0,14.0,0.0,,,,9.8,7.9,17.3,17.0,19.6,,,,,,,,,,,,,,,19.7,1006.6,1007.2,1005.3,1013.1,1526.0,26.0,,,,,268,126.2585,34.473
2020-05-16,16.2,14.1,18.2,1517.0,2355.0,1.7,1.0,0.3,,,130.0,115.0,81.0,94.3,1506.0,1635.0,1.9,6.0,4.0,320.0,320.0,320.0,1535.0,1329.0,14.0,0.3,,,,8.9,7.1,15.1,13.1,20.1,,,,,,,,,,,,,,,17.2,1006.0,1006.6,1005.2,1008.5,1546.0,1018.0,,,,,268,126.2585,34.473
2020-05-17,16.7,13.2,21.5,1205.0,640.0,,,,,,,,72.0,89.1,1211.0,1692.0,2.0,8.0,4.7,160.0,180.0,50.0,1400.0,1128.0,14.0,8.9,,,,6.8,2.4,14.6,14.0,21.9,,,,,,,,,,,,,,,16.7,1004.5,1005.1,1003.3,1007.8,1739.0,720.0,,,,,268,126.2585,34.473
2020-05-18,17.9,11.6,23.0,1356.0,2343.0,2.0,1.5,0.5,,,1712.0,1701.0,79.0,90.8,1353.0,2640.0,3.1,12.0,6.7,70.0,110.0,110.0,1426.0,547.0,14.1,2.3,,,,5.1,4.6,16.3,10.8,22.3,,,,,,,,,,,,,,,18.7,999.0,999.6,995.7,1003.4,1622.0,5.0,,,,,268,126.2585,34.473
2020-05-19,14.2,10.5,17.3,1230.0,323.0,,,,,,,,66.0,80.1,850.0,3117.0,3.6,16.5,8.1,230.0,230.0,230.0,957.0,1002.0,14.1,4.1,,,,4.3,2.8,10.7,8.6,18.1,,,,,,,,,,,,,,,12.9,1002.1,1002.7,1000.0,1008.0,546.0,2318.0,,,,,268,126.2585,34.473
2020-05-20,14.4,9.2,19.8,1329.0,553.0,,,,,,,,59.0,82.4,1335.0,1594.0,1.8,8.0,4.3,320.0,320.0,290.0,1502.0,1811.0,14.1,11.7,,,,2.1,0.4,11.2,7.5,22.9,,,,,,,,,,,,,,,13.3,1010.4,1011.0,1007.9,1013.7,100.0,2221.0,,,,,268,126.2585,34.473
2020-05-21,15.8,9.7,20.8,1318.0,452.0,,,,,,,,61.0,78.3,1521.0,1872.0,2.2,10.2,6.5,110.0,110.0,90.0,1840.0,2003.0,14.1,11.8,,,,4.1,0.0,11.8,8.5,24.0,,,,,,,,,,,,,,,13.9,1013.5,1014.1,1012.7,1015.1,116.0,2117.0,,,,,268,126.2585,34.473
2020-05-22,17.1,11.9,22.1,1456.0,319.0,,,,,,,,54.0,71.0,1457.0,1622.0,1.9,9.8,5.1,90.0,90.0,90.0,1139.0,1346.0,14.1,9.8,,,,2.8,0.0,11.5,9.7,23.7,,,,,,,,,,,,,,,13.6,1011.6,1012.2,1010.7,1014.4,1917.0,1.0,,,,,268,126.2585,34.473
2020-05-23,17.8,12.5,23.2,1309.0,543.0,,,,,,,,61.0,77.9,1312.0,1844.0,2.1,9.2,5.6,110.0,110.0,180.0,157.0,200.0,14.2,7.7,,,,4.9,2.0,13.7,10.8,25.1,,,,,,,,,,,,,,,15.7,1010.4,1011.0,1009.6,1012.2,1715.0,1.0,,,,,268,126.2585,34.473
2020-05-24,18.4,14.7,23.3,1141.0,311.0,,,,,,,,72.0,88.0,843.0,1780.0,2.1,7.5,4.4,200.0,230.0,320.0,919.0,1330.0,14.2,1.6,,,,7.5,7.3,16.2,12.4,22.1,,,,,,,,,,,,,,,18.4,1010.0,1010.6,1009.1,1012.4,419.0,2314.0,,,,,268,126.2585,34.473
2020-05-25,16.0,13.8,19.6,1633.0,133.0,,,,,,,,71.0,88.4,1637.0,2292.0,2.7,7.0,4.8,320.0,320.0,320.0,954.0,1024.0,14.2,0.2,,,,9.8,6.4,13.9,14.0,22.0,,,,,,,,,,,,,,,15.9,1011.3,1011.9,1010.1,1013.2,1826.0,1037.0,,,,,268,126.2585,34.473
2020-05-26,17.1,14.4,22.0,1607.0,117.0,,,,,,,,52.0,82.9,1611.0,1660.0,1.9,7.5,4.4,230.0,230.0,230.0,2351.0,2351.0,14.2,5.5,,,,8.4,5.1,13.8,14.0,23.6,,,,,,,,,,,,,,,15.9,1009.2,1009.8,1008.2,1011.6,1556.0,1.0,,,,,268,126.2585,34.473
2020-05-27,17.2,12.3,22.9,1422.0,2334.0,,,,,,,,49.0,77.9,1414.0,2438.0,2.8,8.8,5.7,320.0,320.0,320.0,1334.0,1622.0,14.2,10.9,,,,6.9,2.6,12.9,9.8,27.0,,,,,,,,,,,,,,,15.0,1009.0,1009.6,1008.7,1010.6,220.0,737.0,,,,,268,126.2585,34.473
2020-05-28,16.9,10.6,22.7,1305.0,420.0,,,,,,,,55.0,79.5,841.0,1959.0,2.3,7.8,5.5,320.0,320.0,320.0,1752.0,1758.0,14.3,9.4,,,,4.5,3.4,12.9,8.2,26.9,,,,,,,,,,,,,,,15.0,1009.7,1010.3,1008.8,1012.8,430.0,2218.0,,,,,268,126.2585,34.473
2020-05-29,18.8,13.9,24.2,1436.0,206.0,,,,,,,,49.0,74.8,1727.0,1531.0,1.8,5.9,3.7,290.0,320.0,320.0,1140.0,1134.0,14.3,8.9,,,,7.8,3.0,13.9,11.7,27.8,,,,,,,,,,,,,,,16.0,1013.9,1014.5,1012.5,1016.5,55.0,2241.0,,,,,268,126.2585,34.473
2020-05-30,19.4,15.2,24.3,1259.0,520.0,0.1,0.1,0.1,,,,,47.0,71.5,1238.0,1093.0,1.3,6.5,3.8,90.0,180.0,90.0,1608.0,1347.0,14.3,0.2,,,,10.0,4.6,13.8,14.8,23.8,,,,,,,,,,,,,,,15.8,1015.0,1015.6,1013.7,1017.3,1944.0,845.0,,,,,268,126.2585,34.473
2020-05-31,18.2,15.9,20.3,1151.0,536.0,15.5,4.7,1.9,,,509.0,438.0,81.0,91.1,1137.0,1274.0,1.5,7.8,3.6,90.0,110.0,90.0,712.0,734.0,14.3,0.0,,,,6.8,4.4,16.7,16.3,21.5,,,,,,,,,,,,,,,19.0,1010.7,1011.3,1009.2,1014.3,1749.0,3.0,,,,,268,126.2585,34.473
2020-06-01,18.5,15.1,22.6,1609.0,2222.0,,,,,,,,63.0,87.4,1555.0,1525.0,1.8,7.1,4.2,320.0,320.0,320.0,1442.0,1702.0,14.3,6.5,,,,5.1,4.6,16.2,14.6,23.2,,,,,,,,,,,,,,,18.4,1010.5,1011.1,1009.4,1012.5,1726.0,1212.0,,,,,268,126.2585,34.473
2020-06-02,18.1,10.6,24.9,1358.0,550.0,,,,,,,,44.0,81.8,1051.0,1583.0,1.8,8.0,5.4,180.0,180.0,140.0,1440.0,1444.0,14.3,7.3,,,,5.6,4.3,14.4,12.9,25.5,,,,,,,,,,,,,,,16.6,1007.2,1007.8,1005.7,1011.3,1735.0,1.0,,,,,268,126.2585,34.473
2020-06-03,20.7,18.8,24.4,1259.0,2344.0,,,,,,,,74.0,91.5,1248.0,1517.0,1.8,7.7,4.0,180.0,180.0,110.0,1342.0,1342.0,14.3,0.3,,,,7.9,7.8,19.2,17.9,24.6,,,,,,,,,,,,,,,22.3,1003.8,1004.4,1002.7,1006.4,1726.0,1.0,,,,,268,126.2585,34.473
2020-06-04,21.9,17.0,28.6,1532.0,541.0,,,,,,,,56.0,84.1,1539.0,1308.0,1.5,5.6,3.9,250.0,250.0,110.0,1444.0,1451.0,14.4,9.4,,,,4.9,1.6,18.8,15.7,28.6,,,,,,,,,,,,,,,21.7,1004.2,1004.8,1003.5,1006.8,503.0,2211.0,,,,,268,126.2585,34.473
2020-06-05,21.7,16.9,28.4,1315.0,456.0,,,,,,,,63.0,86.0,1310.0,1166.0,1.3,5.3,3.3,290.0,320.0,70.0,2053.0,1136.0,14.4,6.9,,,,7.8,3.6,19.0,17.1,30.5,,,,,,,,,,,,,,,22.0,1006.3,1006.9,1005.8,1008.2,1630.0,2208.0,,,,,268,126.2585,34.473
2020-06-06,21.3,18.3,26.1,1127.0,546.0,,,,,,,,62.0,82.8,1542.0,1538.0,1.8,8.5,5.4,180.0,180.0,140.0,1250.0,1039.0,14.4,9.0,,,,6.3,1.4,18.0,18.1,29.4,,,,,,,,,,,,,,,20.6,1007.6,1008.2,1006.6,1010.8,617.0,2314.0,,,,,268,126.2585,34.473
2020-06-07,21.2,16.2,26.6,1448.0,2331.0,,,,,,,,34.0,64.1,1626.0,1599.0,1.9,8.2,4.7,160.0,140.0,160.0,1317.0,1400.0,14.4,12.0,,,,1.5,0.6,13.4,14.5,30.3,,,,,,,,,,,,,,,15.6,1010.9,1011.5,1010.3,1012.8,1751.0,2325.0,,,,,268,126.2585,34.473
2020-06-08,22.5,13.2,30.7,1342.0,543.0,,,,,,,,26.0,52.0,2029.0,1474.0,1.7,7.3,5.1,200.0,180.0,90.0,1527.0,1527.0,14.4,13.2,,,,0.6,0.0,10.5,11.7,31.5,,,,,,,,,,,,,,,12.8,1013.2,1013.8,1012.8,1015.5,1.0,2234.0,,,,,268,126.2585,34.473
2020-06-09,24.0,15.2,29.8,1255.0,453.0,,,,,,,,47.0,68.6,851.0,1748.0,2.0,10.6,4.9,90.0,90.0,90.0,1249.0,1524.0,14.4,11.2,,,,3.1,0.8,17.4,13.2,32.6,,,,,,,,,,,,,,,20.1,1012.9,1013.5,1012.1,1015.3,1644.0,1.0,,,,,268,126.2585,34.473
2020-06-10,23.6,21.1,28.0,1043.0,1524.0,7.1,2.0,0.7,,,1522.0,1445.0,59.0,83.3,1200.0,2573.0,3.0,9.6,5.8,110.0,110.0,110.0,1810.0,1648.0,14.4,4.9,,,,7.0,5.1,20.4,22.1,28.4,,,,,,,,,,,,,,,23.9,1007.5,1008.1,1004.5,1013.1,2356.0,1.0,,,,,268,126.2585,34.473
2020-06-11,23.4,21.5,28.1,1516.0,805.0,0.9,0.4,0.2,,,,418.0,75.0,92.1,1518.0,1223.0,1.4,6.8,4.2,290.0,320.0,110.0,1142.0,1144.0,14.4,2.4,,,,7.3,6.8,21.9,22.8,27.1,,,,,,,,,,,,,,,26.3,1002.4,1003.0,1001.5,1005.3,1710.0,2213.0,,,,,268,126.2585,34.473
2020-06-12,22.7,20.5,27.0,1419.0,2147.0,32.6,18.3,8.1,,,2103.0,2214.0,72.0,90.4,1420.0,1478.0,1.7,6.0,3.6,230.0,200.0,160.0,806.0,808.0,14.4,1.4,,,,8.9,5.5,20.9,21.5,27.7,,,,,,,,,,,,,,,24.7,1004.0,1004.6,1003.2,1006.6,2038.0,1044.0,,,,,268,126.2585,34.473
2020-06-13,23.4,21.6,24.6,1203.0,1.0,21.4,9.1,3.0,,,140.0,110.0,91.0,95.4,1736.0,1558.0,1.8,6.9,3.5,90.0,140.0,160.0,216.0,224.0,14.4,0.0,,,,10.0,7.1,22.6,22.3,25.8,,,,,,,,,,,,,,,27.4,1003.9,1004.5,1002.2,1006.1,141.0,2150.0,,,,,268,126.2585,34.473
2020-06-14,22.2,20.1,24.0,7.0,2219.0,14.8,8.2,2.1,,,738.0,730.0,86.0,95.9,1700.0,2030.0,2.3,8.9,5.1,230.0,230.0,180.0,946.0,1023.0,14.4,1.1,,,,8.5,7.9,21.4,21.1,24.4,,,,,,,,,,,,,,,25.6,1005.6,1006.2,1003.7,1009.1,502.0,2144.0,,,,,268,126.2585,34.473
2020-06-15,21.6,18.4,26.7,1505.0,2336.0,,,,,,,,46.0,80.3,1401.0,1568.0,1.8,6.2,3.8,320.0,320.0,290.0,1345.0,1519.0,14.5,11.1,,,,6.3,2.5,17.6,18.4,27.8,,,,,,,,,,,,,,,20.2,1007.1,1007.7,1006.2,1009.2,1742.0,139.0,,,,,268,126.2585,34.473
2020-06-16,22.4,18.2,27.0,1411.0,24.0,,,,,,,,59.0,83.3,1621.0,1652.0,1.9,7.0,4.4,320.0,320.0,320.0,1323.0,1153.0,14.5,11.1,,,,7.8,3.6,19.2,19.0,30.0,,,,,,,,,,,,,,,22.3,1005.6,1006.2,1004.5,1007.9,1634.0,9.0,,,,,268,126.2585,34.473
2020-06-17,20.3,16.9,25.1,1050.0,2339.0,12.3,4.3,2.5,,,2214.0,2147.0,63.0,87.5,1002.0,1165.0,1.3,7.5,4.0,70.0,180.0,90.0,2250.0,1338.0,14.5,0.5,,,,9.9,7.0,18.1,,24.7,,,,,,,,,,,,,,,20.7,1005.0,1005.6,1004.7,1007.0,2358.0,2045.0,,,,,268,126.2585,34.473
2020-06-18,18.7,16.9,19.7,1844.0,1.0,119.6,21.1,5.5,,,1105.0,1558.0,92.0,96.9,1002.0,1664.0,1.9,6.9,3.5,70.0,70.0,70.0,959.0,1005.0,14.5,0.0,,,,9.8,7.6,18.2,17.0,17.9,,,,,,,,,,,,,,,20.9,1000.4,1001.0,998.1,1004.9,1620.0,4.0,,,,,268,126.2585,34.473
2020-06-19,21.2,18.4,25.8,1350.0,2240.0,4.0,1.5,0.5,,,46.0,22.0,65.0,86.0,1334.0,1543.0,1.8,7.1,4.0,290.0,290.0,50.0,1642.0,1640.0,14.5,7.5,,,,5.0,0.8,18.6,17.6,23.8,,,,,,,,,,,,,,,21.4,1005.8,1006.4,1000.7,1010.5,1.0,2349.0,,,,,268,126.2585,34.473
2020-06-20,21.7,17.5,26.8,1331.0,405.0,,,,,,,,61.0,83.5,1211.0,1703.0,2.0,7.7,5.0,160.0,160.0,160.0,1345.0,1348.0,14.5,9.2,,,,6.3,1.0,18.5,16.5,25.4,,,,,,,,,,,,,,,21.3,1009.5,1010.1,1008.8,1011.6,1806.0,847.0,,,,,268,126.2585,34.473
2020-06-21,22.0,18.1,27.9,1136.0,445.0,,,,,,,,59.0,83.4,1631.0,1440.0,1.7,7.1,4.4,140.0,180.0,140.0,1318.0,1617.0,14.5,10.2,,,,2.5,2.3,18.9,16.9,27.6,,,,,,,,,,,,,,,21.8,1007.0,1007.6,1005.9,1009.4,1454.0,1.0,,,,,268,126.2585,34.473
2020-06-22,22.0,16.5,29.3,1330.0,421.0,,,,,,,,50.0,80.1,1356.0,1556.0,1.8,8.4,4.9,180.0,180.0,90.0,1637.0,1515.0,14.5,12.3,,,,2.4,0.0,17.9,14.8,28.4,,,,,,,,,,,,,,,20.6,1007.9,1008.5,1007.2,1010.6,200.0,2219.0,,,,,268,126.2585,34.473
2020-06-23,23.6,16.1,28.5,1121.0,513.0,,,,,,,,56.0,74.6,1201.0,1991.0,2.3,11.4,6.0,110.0,110.0,110.0,2254.0,2236.0,14.5,9.6,,,,6.3,2.6,18.5,14.1,27.5,,,,,,,,,,,,,,,21.3,1007.3,1007.9,1005.9,1010.4,2339.0,1.0,,,,,268,126.2585,34.473
2020-06-24,23.5,22.6,24.4,917.0,1052.0,50.1,19.1,5.0,,,1047.0,1046.0,76.0,92.8,1.0,3020.0,3.5,12.9,6.2,90.0,110.0,110.0,1011.0,303.0,14.5,0.0,,,,8.9,6.4,22.2,21.8,22.1,,,,,,,,,,,,,,,26.8,1002.1,1002.7,1000.7,1005.9,1649.0,1.0,,,,,268,126.2585,34.473
2020-06-25,22.3,19.7,24.6,1355.0,2400.0,0.1,0.1,0.1,,,,,80.0,90.5,1357.0,1455.0,1.7,6.3,3.2,250.0,230.0,230.0,1719.0,1416.0,14.5,0.0,,,,9.3,6.3,20.6,19.3,22.8,,,,,,,,,,,,,,,24.2,1002.5,1003.1,1001.7,1005.5,248.0,2251.0,,,,,268,126.2585,34.473
2020-06-26,22.7,18.3,27.2,1600.0,325.0,,,,,,,,62.0,83.5,1216.0,1262.0,1.5,6.1,4.4,340.0,320.0,320.0,1243.0,1449.0,14.5,11.7,,,,4.0,,19.5,17.2,26.5,,,,,,,,,,,,,,,22.6,1006.7,1007.3,1005.0,1008.7,26.0,2224.0,,,,,268,126.2585,34.473
2020-06-27,23.2,17.4,28.7,1457.0,422.0,,,,,,,,60.0,83.8,1215.0,1035.0,1.2,5.0,3.7,200.0,200.0,230.0,1418.0,1424.0,14.5,5.6,,,,6.4,0.1,19.9,16.2,24.4,,,,,,,,,,,,,,,23.4,1003.7,1004.3,1002.6,1007.9,1846.0,5.0,,,,,268,126.2585,34.473
2020-06-28,22.6,19.1,26.2,1621.0,515.0,,,,,,,,75.0,85.3,1342.0,1603.0,1.9,8.0,5.2,320.0,320.0,320.0,1039.0,1043.0,14.4,10.9,,,,5.9,1.4,19.9,17.6,26.0,,,,,,,,,,,,,,,23.3,1004.3,1004.9,1003.2,1006.4,103.0,2157.0,,,,,268,126.2585,34.473
2020-06-29,21.9,19.2,24.0,2039.0,439.0,60.9,21.9,10.2,,,1320.0,1821.0,76.0,90.5,755.0,3223.0,3.7,17.5,9.8,160.0,200.0,110.0,2207.0,2215.0,14.4,0.0,,,,9.8,7.3,20.2,18.8,20.9,,,,,,,,,,,,,,,23.7,997.5,998.1,987.3,1005.7,2357.0,134.0,,,,,268,126.2585,34.473
2020-06-30,20.3,18.6,22.2,30.0,2256.0,0.5,0.5,0.2,,,,2033.0,80.0,89.8,1700.0,3715.0,4.3,18.6,10.2,230.0,250.0,250.0,325.0,331.0,14.4,0.2,,,,6.9,6.0,18.5,18.4,20.4,,,,,,,,,,,,,,,21.3,995.9,996.5,987.3,1001.7,13.0,2354.0,,,,,268,126.2585,34.473
2020-07-01,,,,,,0.0,0.0,0.0,,,,,58.0,79.3,1346.0,1906.0,2.2,8.7,4.4,290.0,290.0,320.0,110.0,115.0,14.4,12.2,,,,4.0,1.3,,16.0,,,,,,,,,,,,,,,,,1005.0,,,,,,,,,,268,126.2585,34.473
2020-07-02,,,,,,,,,,,,,52.0,82.3,1349.0,1052.0,1.2,5.6,3.5,180.0,200.0,180.0,1813.0,1617.0,14.4,2.2,,,,8.6,4.9,,14.8,,,,,,,,,,,,,,,,,1009.7,,,,,,,,,,268,126.2585,34.473
2020-07-03,,19.0,21.4,1356.0,1727.0,27.6,18.3,7.2,,,1716.0,1656.0,68.0,85.8,545.0,1489.0,1.7,7.2,4.2,70.0,50.0,50.0,1423.0,1838.0,14.4,0.0,,,,9.4,5.6,,,23.0,,,,,,,,,,,,,,,,1007.8,,1005.1,,1808.0,1301.0,,,,,268,126.2585,34.473
2020-07-04,19.6,18.8,20.9,1553.0,208.0,0.7,0.5,0.4,,,1143.0,1142.0,87.0,93.4,1037.0,1164.0,1.3,4.5,2.9,50.0,50.0,70.0,109.0,118.0,14.4,0.0,,,,8.8,8.8,18.5,18.1,23.2,,,,,,,,,,,,,,,21.3,1006.2,1006.8,1005.8,1008.1,238.0,1110.0,,,,,268,126.2585,34.473
2020-07-05,21.4,18.6,24.4,1553.0,439.0,0.0,0.0,0.0,,,,,79.0,90.5,1554.0,989.0,1.1,6.2,3.7,110.0,90.0,90.0,1505.0,1510.0,14.4,0.4,,,,7.9,6.6,19.7,18.2,25.0,,,,,,,,,,,,,,,22.9,1003.3,1003.9,1001.6,1007.1,2043.0,7.0,,,,,268,126.2585,34.473
2020-07-06,22.1,19.8,24.2,1553.0,223.0,0.0,0.0,0.0,,,,,86.0,94.5,901.0,991.0,1.1,5.9,3.2,230.0,230.0,180.0,918.0,931.0,14.4,0.1,,,,8.9,7.5,21.1,18.8,24.8,,,,,,,,,,,,,,,25.0,1000.1,1000.7,998.6,1002.6,724.0,2326.0,,,,,268,126.2585,34.473
2020-07-07,23.1,20.3,28.2,1330.0,2233.0,,,,,,,,71.0,89.5,1237.0,1274.0,1.5,6.6,3.9,200.0,200.0,320.0,1445.0,1453.0,14.4,6.6,,,,5.3,4.4,21.1,19.8,27.4,,,,,,,,,,,,,,,25.0,1003.5,1004.1,1002.5,1005.9,1.0,2335.0,,,,,268,126.2585,34.473
2020-07-08,22.4,19.8,26.5,1415.0,452.0,,,,,,,,68.0,87.3,1140.0,1782.0,2.1,6.8,4.5,290.0,320.0,320.0,1331.0,1333.0,14.4,8.0,,,,5.8,2.5,20.0,18.6,28.2,,,,,,,,,,,,,,,23.4,1004.1,1004.7,1003.3,1006.0,1804.0,450.0,,,,,268,126.2585,34.473
2020-07-09,23.6,18.9,28.3,1448.0,442.0,7.0,7.0,3.5,,,2330.0,2301.0,66.0,87.5,1454.0,1805.0,2.1,8.8,4.9,110.0,110.0,90.0,1204.0,1207.0,14.3,3.5,,,,5.6,4.8,21.2,17.4,28.7,,,,,,,,,,,,,,,25.2,1001.8,1002.4,1001.1,1003.9,2352.0,202.0,,,,,268,126.2585,34.473
2020-07-10,23.4,22.0,26.4,1654.0,2024.0,24.8,16.6,5.8,,,248.0,234.0,81.0,93.0,1659.0,1841.0,2.1,6.9,4.2,50.0,70.0,290.0,535.0,542.0,14.3,0.3,,,,7.4,,22.1,21.7,25.6,,,,,,,,,,,,,,,26.7,999.8,1000.4,997.5,1004.2,543.0,2337.0,,,,,268,126.2585,34.473
2020-07-11,23.0,21.4,26.1,1453.0,550.0,,,,,,,,71.0,87.8,1335.0,1423.0,1.6,4.8,3.3,320.0,320.0,320.0,1657.0,1701.0,14.3,1.2,,,,,,20.7,21.3,26.5,,,,,,,,,,,,,,,24.5,1006.1,1006.7,1004.0,1009.1,1.0,2344.0,,,,,268,126.2585,34.473
2020-07-12,21.9,20.9,23.1,2353.0,1743.0,30.4,7.7,2.1,,,1736.0,932.0,87.0,90.4,820.0,3006.0,3.5,11.5,6.6,140.0,140.0,110.0,1917.0,2049.0,14.3,0.0,,,,,,20.2,19.8,22.8,,,,,,,,,,,,,,,23.6,1005.9,1006.5,1002.9,1010.0,2348.0,1027.0,,,,,268,126.2585,34.473
2020-07-13,23.0,20.3,25.5,1251.0,2359.0,75.7,30.5,6.4,,,447.0,439.0,79.0,91.8,1345.0,3827.0,4.4,13.4,7.0,200.0,230.0,230.0,517.0,1641.0,14.3,0.0,,,,6.3,,21.5,19.3,24.9,,,,,,,,,,,,,,,25.8,1000.0,1000.6,999.6,1002.9,1638.0,1.0,,,,,268,126.2585,34.473
2020-07-14,19.9,18.7,22.8,1418.0,1937.0,0.0,0.0,0.0,,,,,77.0,90.4,1425.0,2594.0,3.0,10.6,5.8,230.0,230.0,250.0,52.0,303.0,14.3,0.9,,,,8.1,7.8,18.2,18.6,23.3,,,,,,,,,,,,,,,20.9,1002.6,1003.2,1001.0,1005.0,246.0,2347.0,,,,,268,126.2585,34.473
2020-07-15,20.6,18.7,24.2,1320.0,219.0,0.3,0.3,0.1,,,,148.0,69.0,87.6,1311.0,1710.0,2.0,7.8,5.1,320.0,320.0,320.0,1158.0,1137.0,14.3,4.5,,,,6.8,4.6,18.4,18.5,24.4,,,,,,,,,,,,,,,21.1,1004.8,1005.4,1004.1,1006.6,331.0,2303.0,,,,,268,126.2585,34.473
2020-07-16,21.2,18.2,25.8,1630.0,112.0,0.0,0.0,0.0,,,,,71.0,88.9,1708.0,849.0,1.0,4.6,3.2,200.0,200.0,320.0,1125.0,1126.0,14.2,2.1,,,,6.0,4.5,19.1,17.1,24.3,,,,,,,,,,,,,,,22.2,1006.2,1006.8,1005.4,1008.6,1725.0,2331.0,,,,,268,126.2585,34.473
2020-07-17,21.7,16.6,26.7,1430.0,517.0,,,,,,,,69.0,86.3,1137.0,1083.0,1.3,5.0,3.1,290.0,290.0,70.0,1401.0,1408.0,14.2,3.6,,,,5.5,3.5,19.1,15.2,26.2,,,,,,,,,,,,,,,22.2,1007.8,1008.4,1007.5,1009.8,346.0,2208.0,,,,,268,126.2585,34.473
2020-07-18,21.9,18.8,24.5,1709.0,238.0,17.1,8.3,5.1,,,1048.0,1020.0,77.0,85.0,1443.0,1989.0,2.3,12.4,6.9,140.0,140.0,110.0,2234.0,2243.0,14.2,1.3,,,,8.9,2.9,19.1,16.9,24.1,,,,,,,,,,,,,,,22.2,1007.1,1007.7,1006.2,1009.7,1527.0,1050.0,,,,,268,126.2585,34.473
2020-07-19,25.6,23.7,27.0,1732.0,114.0,0.0,0.0,0.0,,,,,83.0,89.3,1620.0,3430.0,4.0,14.1,7.0,200.0,200.0,180.0,2108.0,2144.0,14.2,0.0,,,,8.8,8.5,23.6,22.7,25.6,,,,,,,,,,,,,,,29.1,1004.0,1004.6,1003.4,1006.9,1643.0,1.0,,,,,268,126.2585,34.473
2020-07-20,24.2,21.7,26.0,47.0,2323.0,13.2,11.0,4.8,,,2317.0,2228.0,81.0,89.6,1308.0,2364.0,2.7,12.1,6.5,200.0,180.0,200.0,35.0,28.0,14.1,0.2,,,,9.5,6.4,22.3,21.4,26.6,,,,,,,,,,,,,,,26.9,1007.2,1007.8,1004.4,1011.2,1.0,2231.0,,,,,268,126.2585,34.473
2020-07-21,22.6,21.3,24.5,1407.0,614.0,8.1,4.8,1.8,,,849.0,831.0,86.0,96.3,1143.0,710.0,0.8,3.3,2.6,230.0,250.0,360.0,1605.0,1607.0,14.1,0.0,,,,9.6,5.8,21.9,21.2,25.2,,,,,,,,,,,,,,,26.3,1010.7,1011.3,1010.5,1012.7,1839.0,1053.0,,,,,268,126.2585,34.473
2020-07-22,22.5,21.5,24.6,1421.0,432.0,9.3,4.6,1.8,,,1159.0,1139.0,89.0,98.1,1404.0,924.0,1.1,3.6,2.7,340.0,320.0,320.0,1559.0,1558.0,14.1,0.0,,,,10.0,7.3,22.1,21.9,25.6,,,,,,,,,,,,,,,26.6,1009.0,1009.6,1008.8,1010.7,648.0,1.0,,,,,268,126.2585,34.473
2020-07-23,23.8,21.4,26.2,1635.0,2315.0,51.7,12.6,6.2,,,839.0,758.0,83.0,93.1,2023.0,3490.0,4.0,15.1,8.7,230.0,230.0,110.0,2331.0,1836.0,14.1,0.0,,,,8.6,7.6,22.6,20.3,24.4,,,,,,,,,,,,,,,27.5,1001.9,1002.5,996.8,1009.2,2349.0,229.0,,,,,268,126.2585,34.473
2020-07-24,20.7,19.7,22.0,1609.0,751.0,0.7,0.3,0.1,,,,1.0,84.0,92.6,341.0,4388.0,5.1,16.6,8.9,230.0,250.0,230.0,148.0,144.0,14.1,0.0,,,,,,19.5,19.1,22.3,,,,,,,,,,,,,,,22.6,996.4,997.0,994.7,1000.0,1423.0,2349.0,,,,,268,126.2585,34.473
2020-07-25,21.5,19.1,25.2,1314.0,2316.0,0.0,0.0,0.0,,,,,73.0,88.9,1630.0,1555.0,1.8,6.6,3.9,200.0,230.0,290.0,632.0,634.0,14.0,3.1,,,,6.5,4.1,19.5,18.6,25.3,,,,,,,,,,,,,,,22.6,1002.3,1002.9,999.8,1006.2,59.0,2308.0,,,,,268,126.2585,34.473
2020-07-26,21.3,18.0,27.4,1330.0,335.0,,,,,,,,66.0,88.9,1328.0,1079.0,1.2,5.5,3.3,180.0,180.0,180.0,1830.0,927.0,14.0,4.0,,,,6.9,4.1,19.3,17.1,25.6,,,,,,,,,,,,,,,22.4,1006.3,1006.9,1005.5,1008.1,226.0,2152.0,,,,,268,126.2585,34.473
2020-07-27,22.7,19.5,26.1,1228.0,22.0,19.3,11.2,4.5,,,1425.0,1358.0,74.0,91.4,1130.0,1291.0,1.5,7.1,3.8,110.0,110.0,90.0,811.0,811.0,14.0,0.0,,,,9.8,7.8,21.1,19.4,24.1,,,,,,,,,,,,,,,25.1,1005.9,1006.5,1005.6,1007.7,1739.0,132.0,,,,,268,126.2585,34.473
2020-07-28,25.0,22.1,27.8,1313.0,4.0,32.0,29.7,10.0,,,1742.0,1723.0,85.0,95.8,1114.0,1434.0,1.7,8.2,4.6,230.0,250.0,110.0,1741.0,1745.0,14.0,0.4,,,,9.3,8.6,24.2,22.5,27.7,,,,,,,,,,,,,,,30.3,1008.7,1009.3,1006.9,1010.7,1.0,2326.0,,,,,268,126.2585,34.473
2020-07-29,26.4,24.5,29.5,1553.0,408.0,1.6,1.4,1.4,,,1506.0,1501.0,82.0,93.1,1554.0,2228.0,2.6,7.5,4.2,230.0,230.0,200.0,1545.0,1605.0,13.9,1.2,,,,8.4,7.4,25.1,24.0,29.4,,,,,,,,,,,,,,,31.9,1011.1,1011.7,1010.2,1013.1,354.0,2306.0,,,,,268,126.2585,34.473
2020-07-30,26.9,24.9,30.1,1247.0,2320.0,0.7,0.7,0.7,,,1135.0,1101.0,78.0,92.3,1248.0,1936.0,2.2,6.6,4.0,230.0,200.0,200.0,422.0,424.0,13.9,1.5,,,,5.9,5.8,25.5,25.0,30.2,,,,,,,,,,,,,,,32.6,1013.1,1013.7,1012.7,1014.5,348.0,1006.0,,,,,268,126.2585,34.473
2020-07-31,26.9,24.4,30.8,1502.0,2308.0,,,,,,,,69.0,87.5,1445.0,1250.0,1.4,6.0,4.0,230.0,230.0,180.0,1638.0,1645.0,13.9,4.1,,,,9.0,6.0,24.4,24.0,31.0,,,,,,,,,,,,,,,30.7,1013.1,1013.7,1012.6,1015.2,1910.0,831.0,,,,,268,126.2585,34.473
2020-08-01,26.8,23.6,29.3,1136.0,318.0,,,,,,,,72.0,87.4,1023.0,2207.0,2.6,7.5,4.1,180.0,200.0,180.0,919.0,1105.0,13.9,2.8,,,,7.8,4.9,24.5,23.4,29.5,,,,,,,,,,,,,,,30.7,1010.5,1011.1,1009.5,1013.0,1717.0,12.0,,,,,268,126.2585,34.473
2020-08-02,27.8,26.8,29.6,1505.0,353.0,,,,,,,,79.0,86.4,1506.0,3383.0,3.9,12.0,6.2,200.0,230.0,180.0,1440.0,1514.0,13.8,1.8,,,,,,25.3,25.6,30.2,,,,,,,,,,,,,,,32.2,1008.9,1009.5,1008.1,1010.9,1846.0,1038.0,,,,,268,126.2585,34.473
2020-08-03,27.5,26.2,29.9,1613.0,2231.0,,,,,,,,79.0,86.8,1615.0,3189.0,3.7,10.6,5.8,160.0,200.0,180.0,344.0,413.0,13.8,0.7,,,,7.8,6.4,25.1,23.9,29.1,,,,,,,,,,,,,,,31.8,1009.1,1009.7,1008.8,1010.3,709.0,958.0,,,,,268,126.2585,34.473
2020-08-04,28.0,25.4,31.4,1312.0,27.0,,,,,,,,74.0,84.5,1006.0,1932.0,2.2,8.2,4.1,90.0,110.0,90.0,1642.0,1643.0,13.8,7.9,,,,7.1,1.9,25.0,23.5,32.1,,,,,,,,,,,,,,,31.8,1010.5,1011.1,1009.7,1012.2,133.0,1106.0,,,,,268,126.2585,34.473
2020-08-05,28.0,25.9,30.7,1547.0,38.0,5.3,3.3,2.6,,,717.0,701.0,74.0,84.3,1240.0,2784.0,3.2,12.3,6.8,230.0,200.0,110.0,2304.0,2309.0,13.8,4.4,,,,7.7,5.1,25.0,25.0,30.7,,,,,,,,,,,,,,,31.6,1010.2,1010.8,1009.3,1012.4,1853.0,22.0,,,,,268,126.2585,34.473
2020-08-06,27.1,26.1,28.3,158.0,2005.0,1.7,0.7,0.4,,,835.0,813.0,84.0,90.1,118.0,3887.0,4.5,18.5,9.0,200.0,200.0,200.0,141.0,130.0,13.7,0.2,,,,9.0,8.8,25.2,25.4,29.0,,,,,,,,,,,,,,,32.1,1007.9,1008.5,1007.5,1009.7,1532.0,1.0,,,,,268,126.2585,34.473
2020-08-07,26.5,25.9,27.2,841.0,2007.0,34.7,10.8,9.2,,,1121.0,930.0,88.0,92.6,731.0,2825.0,3.3,10.9,5.7,200.0,200.0,200.0,1213.0,1319.0,13.7,0.0,,,,9.9,9.1,25.1,24.9,27.0,,,,,,,,,,,,,,,32.0,1005.1,1005.7,1004.1,1008.9,2312.0,1.0,,,,,268,126.2585,34.473
2020-08-08,27.1,26.0,29.0,1338.0,1124.0,1.7,1.6,1.0,,,1059.0,1031.0,81.0,88.8,1341.0,4101.0,4.7,12.1,6.8,200.0,200.0,200.0,2316.0,838.0,13.7,0.2,,,,9.6,8.1,25.1,24.8,28.6,,,,,,,,,,,,,,,31.8,1002.2,1002.8,1002.0,1004.5,1756.0,2316.0,,,,,268,126.2585,34.473
2020-08-09,27.7,25.7,30.2,1332.0,2243.0,0.0,0.0,0.0,,,,,74.0,83.9,1344.0,3838.0,4.4,15.1,7.5,200.0,200.0,180.0,59.0,42.0,13.6,6.4,,,,6.3,4.6,24.7,24.3,30.3,,,,,,,,,,,,,,,31.1,1003.4,1004.0,1003.0,1004.9,1658.0,1001.0,,,,,268,126.2585,34.473
2020-08-10,27.9,25.7,30.9,1123.0,327.0,0.2,0.1,0.1,,,,,74.0,85.8,857.0,2514.0,2.9,13.7,6.9,230.0,200.0,200.0,2116.0,2125.0,13.6,2.5,,,,7.9,3.6,25.2,24.3,30.2,,,,,,,,,,,,,,,32.0,1003.0,1003.6,1001.7,1006.2,1217.0,2336.0,,,,,268,126.2585,34.473
2020-08-11,27.9,26.7,29.1,1034.0,45.0,1.0,0.5,0.5,,,1849.0,1801.0,83.0,88.8,1032.0,3441.0,4.0,9.7,5.7,230.0,200.0,200.0,444.0,1714.0,13.6,0.0,,,,8.1,7.4,25.8,24.9,29.0,,,,,,,,,,,,,,,33.3,1009.0,1009.6,1006.2,1012.5,1.0,2336.0,,,,,268,126.2585,34.473
2020-08-12,28.5,27.4,30.6,1245.0,526.0,0.4,0.3,0.3,,,303.0,213.0,73.0,86.5,1316.0,3007.0,3.5,11.7,6.1,230.0,230.0,200.0,1254.0,1313.0,13.6,2.1,,,,7.6,3.8,25.9,25.8,30.8,,,,,,,,,,,,,,,33.5,1011.6,1012.2,1011.7,1012.8,212.0,731.0,,,,,268,126.2585,34.473
2020-08-13,27.9,27.2,29.2,1443.0,2009.0,,,,,,,,82.0,87.3,1445.0,2916.0,3.4,9.7,5.3,230.0,200.0,200.0,621.0,621.0,13.5,0.1,,,,3.8,3.8,25.5,25.7,29.2,,,,,,,,,,,,,,,32.6,1009.4,1010.0,1008.2,1012.5,1815.0,2.0,,,,,268,126.2585,34.473
2020-08-14,28.6,26.7,32.8,1400.0,2155.0,,,,,,,,66.0,82.9,1401.0,2820.0,3.3,11.9,5.9,230.0,180.0,200.0,249.0,252.0,13.5,10.5,,,,5.8,3.5,25.3,24.8,33.8,,,,,,,,,,,,,,,32.2,1007.1,1007.7,1006.2,1008.5,1602.0,3.0,,,,,268,126.2585,34.473
2020-08-15,28.6,26.3,32.2,1327.0,534.0,,,,,,,,59.0,80.3,1314.0,2379.0,2.8,7.6,4.1,200.0,230.0,200.0,852.0,1128.0,13.4,12.3,,,,2.6,0.4,24.7,24.4,34.7,,,,,,,,,,,,,,,31.1,1008.9,1009.5,1007.8,1011.2,133.0,2314.0,,,,,268,126.2585,34.473
2020-08-16,28.3,25.7,31.8,1315.0,59.0,,,,,,,,69.0,84.3,1308.0,2175.0,2.5,7.4,4.3,230.0,230.0,180.0,1142.0,1437.0,13.4,6.2,,,,3.0,2.6,25.3,23.9,32.6,,,,,,,,,,,,,,,32.2,1010.6,1011.2,1010.1,1012.5,1623.0,2243.0,,,,,268,126.2585,34.473
2020-08-17,27.7,23.8,32.9,1243.0,2329.0,,,,,,,,59.0,83.0,1219.0,1087.0,1.3,6.0,3.5,320.0,290.0,320.0,1315.0,1343.0,13.4,11.4,,,,1.1,0.3,24.2,22.7,34.1,,,,,,,,,,,,,,,30.3,1012.4,1013.0,1011.9,1013.9,131.0,949.0,,,,,268,126.2585,34.473
2020-08-18,26.7,22.3,32.8,1436.0,508.0,,,,,,,,54.0,82.8,1425.0,1002.0,1.2,5.2,3.0,290.0,320.0,320.0,1358.0,1258.0,13.4,10.3,,,,2.4,0.4,23.1,21.1,32.9,,,,,,,,,,,,,,,28.3,1011.8,1012.4,1010.8,1013.9,1713.0,707.0,,,,,268,126.2585,34.473
2020-08-19,26.4,21.3,32.7,1456.0,537.0,,,,,,,,58.0,82.4,1454.0,1040.0,1.2,5.3,3.3,290.0,320.0,290.0,1543.0,1019.0,13.3,11.2,,,,2.4,0.1,22.7,20.1,33.4,,,,,,,,,,,,,,,27.6,1010.4,1011.0,1009.2,1012.3,1512.0,309.0,,,,,268,126.2585,34.473
2020-08-20,25.8,22.3,31.9,1420.0,304.0,,,,,,,,57.0,87.4,1429.0,1238.0,1.4,5.6,3.7,290.0,320.0,320.0,1432.0,1203.0,13.3,9.5,,,,2.6,0.9,23.2,20.8,32.6,,,,,,,,,,,,,,,28.5,1011.1,1011.7,1010.3,1013.0,1618.0,2338.0,,,,,268,126.2585,34.473
2020-08-21,26.2,20.9,31.5,1532.0,623.0,,,,,,,,65.0,84.6,1322.0,951.0,1.1,5.4,3.3,320.0,320.0,110.0,1108.0,1058.0,13.3,7.4,,,,2.3,2.0,23.2,19.6,31.8,,,,,,,,,,,,,,,28.4,1012.4,1013.0,1011.8,1014.2,1542.0,1048.0,,,,,268,126.2585,34.473
2020-08-22,25.9,22.9,30.1,1354.0,2305.0,0.1,0.1,0.1,,,,,66.0,82.8,1324.0,1490.0,1.7,8.1,5.1,110.0,140.0,90.0,1602.0,1602.0,13.2,1.1,,,,8.6,6.1,22.6,22.0,30.1,,,,,,,,,,,,,,,27.4,1010.7,1011.3,1009.5,1013.7,1853.0,20.0,,,,,268,126.2585,34.473
2020-08-23,26.4,21.9,32.3,1413.0,405.0,,,,,,,,58.0,80.1,1159.0,1160.0,1.3,6.1,4.3,200.0,180.0,200.0,1431.0,1437.0,13.2,9.1,,,,4.9,1.9,22.3,20.8,32.7,,,,,,,,,,,,,,,27.0,1007.0,1007.6,1005.7,1009.9,1801.0,15.0,,,,,268,126.2585,34.473
2020-08-24,27.8,22.3,32.9,1413.0,551.0,,,,,,,,60.0,80.5,1410.0,1803.0,2.1,8.3,5.0,110.0,140.0,110.0,1648.0,2351.0,13.2,11.8,,,,4.0,0.0,23.9,21.5,33.9,,,,,,,,,,,,,,,29.8,1003.8,1004.4,1002.9,1007.0,1731.0,1.0,,,,,268,126.2585,34.473
2020-08-25,29.2,25.1,33.0,1436.0,348.0,,,,,,,,64.0,75.4,1457.0,2424.0,2.8,9.7,4.6,90.0,90.0,90.0,1121.0,1126.0,13.1,9.7,,,,4.1,0.6,24.3,23.6,34.2,,,,,,,,,,,,,,,30.4,1002.0,1002.6,1001.4,1003.6,1844.0,1032.0,,,,,268,126.2585,34.473
2020-08-26,27.4,24.5,29.0,537.0,705.0,51.1,21.0,7.2,,,1547.0,1531.0,76.0,81.6,1152.0,4428.0,5.1,19.5,9.0,110.0,200.0,90.0,1538.0,2349.0,13.1,0.1,,,,9.3,5.4,23.9,23.4,27.1,,,,,,,,,,,,,,,29.6,995.3,995.9,990.4,1002.5,1756.0,1.0,,,,,268,126.2585,34.473
2020-08-27,27.0,25.5,30.0,1253.0,748.0,0.0,0.0,0.0,,,,,79.0,89.4,1257.0,3073.0,3.6,19.9,9.8,200.0,200.0,180.0,43.0,52.0,13.1,0.4,,,,6.5,6.0,25.0,24.3,28.8,,,,,,,,,,,,,,,31.7,1001.7,1002.3,995.9,1005.6,1.0,2301.0,,,,,268,126.2585,34.473
2020-08-28,27.7,25.1,31.3,1259.0,933.0,0.0,0.0,0.0,,,,,72.0,86.5,1255.0,2036.0,2.4,8.4,4.8,110.0,110.0,180.0,1235.0,1530.0,13.0,8.4,,,,4.4,3.3,25.1,24.9,32.3,,,,,,,,,,,,,,,31.9,1005.6,1006.2,1005.1,1007.6,1605.0,2354.0,,,,,268,126.2585,34.473
2020-08-29,26.6,24.5,29.9,1529.0,2325.0,4.1,2.1,1.2,,,304.0,305.0,75.0,90.5,1531.0,1705.0,2.0,8.9,5.5,230.0,230.0,180.0,1614.0,1515.0,13.0,1.8,,,,6.0,5.1,24.8,23.5,30.1,,,,,,,,,,,,,,,31.4,1007.9,1008.5,1006.4,1010.5,428.0,2132.0,,,,,268,126.2585,34.473
2020-08-30,26.9,23.3,31.5,1621.0,529.0,0.0,0.0,0.0,,,,,73.0,88.5,1138.0,1037.0,1.2,4.8,3.3,340.0,320.0,320.0,1350.0,1159.0,13.0,6.7,,,,6.5,3.4,24.7,22.5,32.2,,,,,,,,,,,,,,,31.2,1009.7,1010.3,1009.3,1011.5,1545.0,2211.0,,,,,268,126.2585,34.473
2020-08-31,27.6,24.4,32.6,1416.0,2355.0,,,,,,,,67.0,84.4,1127.0,1109.0,1.3,7.7,4.3,110.0,140.0,70.0,1630.0,1632.0,12.9,8.1,,,,3.5,1.5,24.5,23.7,34.2,,,,,,,,,,,,,,,30.7,1009.5,1010.1,1008.8,1011.3,1637.0,1018.0,,,,,268,126.2585,34.473
2020-09-01,26.7,23.1,31.3,1145.0,546.0,0.0,0.0,0.0,,,,,64.0,82.4,1151.0,1615.0,1.9,6.7,3.8,160.0,110.0,70.0,1154.0,1230.0,12.9,4.6,,,,5.8,4.4,23.3,22.0,30.0,,,,,,,,,,,,,,,28.6,1006.1,1006.7,1004.8,1010.1,2400.0,4.0,,,,,268,126.2585,34.473
2020-09-02,25.0,23.0,27.1,249.0,2331.0,98.2,19.0,5.6,,,512.0,2238.0,81.0,91.4,107.0,4795.0,5.5,20.7,11.5,340.0,320.0,50.0,2049.0,2252.0,12.9,0.0,,,,10.0,6.1,23.5,22.2,25.9,,,,,,,,,,,,,,,28.9,995.3,995.9,987.2,1004.8,2342.0,1.0,,,,,268,126.2585,34.473
2020-09-03,23.0,19.0,26.4,1423.0,2353.0,10.7,9.6,3.7,,,14.0,1.0,73.0,86.3,1538.0,3368.0,3.9,18.3,8.5,320.0,290.0,250.0,143.0,103.0,12.8,5.1,,,,,,20.5,17.6,27.1,,,,,,,,,,,,,,,24.1,1002.8,1003.4,986.8,1011.3,55.0,2325.0,,,,,268,126.2585,34.473
2020-09-04,22.9,18.2,27.4,1245.0,458.0,,,,,,,,57.0,83.6,1501.0,1305.0,1.5,8.5,4.3,200.0,180.0,180.0,1345.0,1355.0,12.8,10.6,,,,4.3,0.1,19.6,16.6,29.7,,,,,,,,,,,,,,,22.9,1011.9,1012.5,1011.0,1013.5,42.0,2136.0,,,,,268,126.2585,34.473
2020-09-05,21.2,19.2,24.9,1110.0,614.0,,,,,,,,65.0,86.3,1016.0,1061.0,1.2,6.3,3.6,110.0,180.0,140.0,1515.0,1208.0,12.7,0.0,,,,9.9,5.3,18.6,18.8,23.9,,,,,,,,,,,,,,,21.5,1011.5,1012.1,1010.6,1013.6,1934.0,1022.0,,,,,268,126.2585,34.473
2020-09-06,21.2,19.3,22.7,2059.0,344.0,20.1,7.6,2.2,,,2351.0,2301.0,78.0,88.5,1106.0,2893.0,3.3,11.7,6.5,340.0,290.0,50.0,2348.0,2351.0,12.7,0.0,,,,10.0,5.4,19.1,18.3,22.5,,,,,,,,,,,,,,,22.2,1003.1,1003.7,994.4,1011.7,2359.0,1.0,,,,,268,126.2585,34.473
2020-09-07,21.7,19.7,24.4,1645.0,545.0,144.8,33.2,6.5,,,454.0,417.0,74.0,89.0,1649.0,5137.0,5.9,18.8,11.5,180.0,250.0,230.0,124.0,402.0,12.7,3.5,,,,6.5,5.8,19.7,18.0,24.1,,,,,,,,,,,,,,,23.0,996.3,996.9,988.2,1006.7,500.0,2333.0,,,,,268,126.2585,34.473
2020-09-08,25.1,20.0,29.2,1429.0,37.0,,,,,,,,60.0,83.6,1306.0,2236.0,2.6,9.4,5.1,230.0,230.0,230.0,1338.0,421.0,12.6,6.9,,,,3.4,1.9,21.9,17.4,28.6,,,,,,,,,,,,,,,26.3,1010.5,1011.1,1006.7,1012.9,1.0,2121.0,,,,,268,126.2585,34.473
2020-09-09,23.5,19.8,26.5,1505.0,647.0,4.7,4.7,4.7,,,1105.0,1015.0,74.0,85.3,1533.0,1817.0,2.1,11.3,7.0,360.0,20.0,180.0,525.0,531.0,12.6,4.4,,,,7.4,3.6,20.8,18.4,29.1,,,,,,,,,,,,,,,24.7,1009.5,1010.1,1008.0,1013.3,1553.0,1100.0,,,,,268,126.2585,34.473
2020-09-10,23.3,21.2,28.0,1513.0,256.0,,,,,,,,58.0,84.5,933.0,1032.0,1.2,5.7,3.2,200.0,180.0,180.0,1313.0,1318.0,12.6,5.4,,,,7.7,4.0,20.3,19.4,29.5,,,,,,,,,,,,,,,23.9,1008.0,1008.6,1007.4,1010.7,504.0,2306.0,,,,,268,126.2585,34.473
2020-09-11,21.9,20.3,24.7,1132.0,2235.0,2.4,1.1,0.5,,,2205.0,2120.0,79.0,91.5,1139.0,791.0,0.9,4.0,2.3,70.0,200.0,,1100.0,258.0,12.5,0.0,,,,9.9,6.0,20.4,20.3,23.6,,,,,,,,,,,,,,,24.0,1010.7,1011.3,1009.7,1012.6,540.0,938.0,,,,,268,126.2585,34.473
2020-09-12,21.8,19.6,25.5,1537.0,555.0,10.2,7.0,1.9,,,55.0,12.0,71.0,90.0,1539.0,,,,,,,,,,12.5,1.9,,,,6.1,3.6,20.0,18.8,26.0,,,,,,,,,,,,,,,23.3,1011.7,1012.3,1010.7,1013.9,423.0,2116.0,,,,,268,126.2585,34.473
2020-09-13,21.9,20.0,24.4,1209.0,456.0,1.9,1.2,1.0,,,810.0,801.0,79.0,91.5,1123.0,,,,,,,,,,12.5,0.2,,,,7.4,5.8,20.4,19.0,25.5,,,,,,,,,,,,,,,23.9,1013.7,1014.3,1013.3,1015.3,1531.0,2140.0,,,,,268,126.2585,34.473
2020-09-14,22.0,19.0,26.2,1231.0,603.0,,,,,,,,65.0,87.3,1252.0,424.0,0.5,2.7,2.0,230.0,230.0,,2257.0,2302.0,12.4,7.2,,,600.0,6.6,4.5,19.6,17.8,27.6,,,,,,,,,,,,,,,22.8,1013.2,1013.8,1012.5,1014.9,1542.0,1.0,,,,,268,126.2585,34.473
2020-09-15,22.5,17.8,26.6,1107.0,601.0,,,,,,,,65.0,84.9,1113.0,1324.0,1.5,6.7,4.9,200.0,200.0,90.0,1346.0,1354.0,12.4,5.5,,,,7.3,3.6,19.6,16.6,26.6,,,,,,,,,,,,,,,22.9,1011.3,1011.9,1010.4,1013.7,1902.0,1.0,,,,,268,126.2585,34.473
2020-09-16,22.7,21.0,24.8,1225.0,528.0,6.8,4.3,1.9,,,424.0,401.0,82.0,92.5,1351.0,1185.0,1.4,6.0,3.6,140.0,110.0,70.0,1.0,2.0,12.4,0.2,,,,6.6,5.4,21.3,20.7,25.8,,,,,,,,,,,,,,,25.3,1008.1,1008.7,1006.9,1010.4,1636.0,35.0,,,,,268,126.2585,34.473
2020-09-17,20.8,18.2,23.4,1100.0,2255.0,5.0,1.2,0.3,,,815.0,817.0,80.0,95.4,1230.0,710.0,0.8,4.6,3.1,140.0,140.0,50.0,1211.0,1214.0,12.3,0.0,,,,9.9,5.1,19.9,19.1,23.8,,,,,,,,,,,,,,,23.3,1010.0,1010.6,1009.3,1012.0,1.0,2126.0,,,,,268,126.2585,34.473
2020-09-18,19.3,15.0,23.9,1406.0,2352.0,3.7,2.0,0.7,,,231.0,141.0,63.0,87.8,1156.0,986.0,1.1,8.4,4.6,250.0,230.0,230.0,1516.0,1432.0,12.3,3.2,,,,6.9,2.0,17.0,13.3,23.3,,,,,,,,,,,,,,,19.4,1014.0,1014.6,1011.7,1016.8,1.0,2242.0,,,,,268,126.2585,34.473
2020-09-19,19.2,13.5,25.4,1421.0,420.0,,,,,,,,51.0,84.3,1309.0,919.0,1.1,6.4,3.2,230.0,290.0,270.0,1422.0,1437.0,12.3,9.5,,,,3.4,0.1,16.0,11.8,23.4,,,,,,,,,,,,,,,18.2,1016.1,1016.7,1015.6,1017.9,1641.0,935.0,,,,,268,126.2585,34.473
2020-09-20,18.9,13.2,25.3,1425.0,630.0,,,,,,,,39.0,84.5,1217.0,1109.0,1.3,6.7,4.2,320.0,320.0,320.0,1202.0,1312.0,12.2,10.0,,,,1.1,0.9,15.5,12.0,23.4,,,,,,,,,,,,,,,17.7,1016.4,1017.0,1016.0,1018.0,1535.0,2146.0,,,,,268,126.2585,34.473
2020-09-21,18.4,12.7,25.4,1513.0,641.0,,,,,,,,36.0,77.6,1449.0,1087.0,1.3,5.6,3.3,320.0,20.0,70.0,1536.0,1104.0,12.2,7.4,,,,4.8,0.4,13.6,11.0,21.6,,,,,,,,,,,,,,,15.6,1016.0,1016.6,1014.6,1018.2,1622.0,807.0,,,,,268,126.2585,34.473
2020-09-22,18.8,14.7,25.1,1533.0,2303.0,,,,,,,,51.0,77.1,1459.0,1362.0,1.6,6.7,3.8,320.0,50.0,50.0,1638.0,1028.0,12.2,5.8,,,,7.1,4.6,14.2,12.8,21.5,,,,,,,,,,,,,,,16.2,1015.3,1015.9,1014.5,1017.2,1439.0,838.0,,,,,268,126.2585,34.473
2020-09-23,19.9,14.5,24.7,1539.0,9.0,,,,,,,,56.0,75.9,1351.0,1367.0,1.6,6.8,4.2,20.0,20.0,70.0,1213.0,1222.0,12.1,0.9,,,,9.9,9.0,15.3,12.9,22.1,,,,,,,,,,,,,,,17.4,1013.9,1014.5,1013.4,1016.0,1621.0,1.0,,,,,268,126.2585,34.473
2020-09-24,20.5,16.7,26.1,1409.0,335.0,0.6,0.3,0.2,,,,401.0,55.0,78.0,1449.0,1547.0,1.8,6.2,4.1,360.0,320.0,50.0,1210.0,1555.0,12.1,6.3,,,,6.4,3.0,16.3,14.7,23.4,,,,,,,,,,,,,,,18.5,1011.5,1012.1,1010.6,1013.9,1547.0,1.0,,,,,268,126.2585,34.473
2020-09-25,20.8,16.0,24.7,1420.0,536.0,,,,,,,,52.0,82.0,1314.0,1586.0,1.8,9.6,5.7,340.0,320.0,320.0,1225.0,1439.0,12.0,10.0,,,,5.4,1.3,17.4,13.6,24.7,,,,,,,,,,,,,,,19.9,1010.1,1010.7,1009.3,1012.2,1418.0,2127.0,,,,,268,126.2585,34.473
2020-09-26,20.4,16.1,25.0,1421.0,2351.0,,,,,,,,60.0,83.6,1344.0,1004.0,1.2,5.4,3.2,320.0,230.0,70.0,1536.0,1139.0,12.0,4.4,,,,4.5,1.8,17.3,14.4,24.3,,,,,,,,,,,,,,,19.7,1012.9,1013.5,1011.3,1015.6,104.0,2315.0,,,,,268,126.2585,34.473
2020-09-27,19.8,14.9,26.4,1415.0,613.0,,,,,,,,46.0,80.0,1250.0,1088.0,1.3,6.8,3.1,90.0,20.0,90.0,1309.0,1253.0,12.0,7.7,,,,4.3,1.9,15.7,13.0,24.0,,,,,,,,,,,,,,,17.9,1016.0,1016.6,1015.5,1017.6,1.0,914.0,,,,,268,126.2585,34.473
2020-09-28,19.0,14.4,25.6,1454.0,643.0,,,,,,,,38.0,77.9,1400.0,1063.0,1.2,5.6,3.3,90.0,70.0,50.0,1238.0,1240.0,11.9,10.3,,,,2.5,0.0,14.3,12.2,23.6,,,,,,,,,,,,,,,16.4,1014.9,1015.5,1013.9,1017.5,1625.0,1.0,,,,,268,126.2585,34.473
2020-09-29,19.4,13.6,25.0,1333.0,610.0,,,,,,,,41.0,79.1,1339.0,1589.0,1.8,7.2,4.3,290.0,320.0,320.0,2108.0,1604.0,11.9,8.2,,,,6.6,4.0,15.2,11.5,22.6,,,,,,,,,,,,,,,17.4,1010.0,1010.6,1008.0,1014.2,1636.0,6.0,,,,,268,126.2585,34.473
2020-09-30,19.7,15.7,23.9,1246.0,641.0,,,,,,,,62.0,77.9,1342.0,1980.0,2.3,9.5,5.9,70.0,320.0,320.0,1224.0,1210.0,11.9,9.5,,,,3.3,2.3,15.6,12.6,22.7,,,,,,,,,,,,,,,17.7,1009.4,1010.0,1008.6,1011.6,321.0,2201.0,,,,,268,126.2585,34.473
2020-10-01,18.5,14.1,24.9,1307.0,621.0,,,,,,,,60.0,86.1,1311.0,875.0,1.0,7.0,3.6,200.0,200.0,70.0,1516.0,1552.0,11.8,5.0,,,,5.1,2.6,15.9,11.6,22.6,,,,,,,,,,,,,,,18.1,1012.7,1013.3,1011.5,1014.7,1.0,2359.0,,,,,268,126.2585,34.473
2020-10-02,19.8,13.9,25.3,1311.0,521.0,,,,,,,,60.0,85.1,1305.0,1039.0,1.2,5.8,3.4,230.0,200.0,230.0,1426.0,1335.0,11.8,6.7,,,,5.9,4.8,16.9,11.6,23.6,,,,,,,,,,,,,,,19.3,1014.3,1014.9,1013.6,1016.1,1617.0,2356.0,,,,,268,126.2585,34.473
2020-10-03,21.0,17.7,26.2,1400.0,615.0,0.3,0.3,0.1,,,,303.0,52.0,83.8,1426.0,991.0,1.1,5.2,3.3,180.0,320.0,70.0,1309.0,1459.0,11.8,6.5,,,,8.3,5.6,17.8,16.5,24.5,,,,,,,,,,,,,,,20.4,1014.0,1014.6,1012.8,1016.2,1429.0,1002.0,,,,,268,126.2585,34.473
2020-10-04,19.4,16.8,22.7,1106.0,2355.0,0.2,0.1,0.1,,,,,59.0,84.1,2351.0,1807.0,2.1,12.3,7.3,180.0,320.0,320.0,2332.0,2332.0,11.7,0.1,,,,9.8,5.1,16.4,15.2,21.9,,,,,,,,,,,,,,,18.9,1012.0,1012.6,1010.4,1015.0,1435.0,2345.0,,,,,268,126.2585,34.473
2020-10-05,17.0,13.7,20.1,1419.0,646.0,,,,,,,,37.0,56.6,954.0,4376.0,5.1,13.8,7.3,320.0,20.0,50.0,244.0,55.0,11.7,8.9,,,,5.4,3.3,8.3,11.2,19.8,,,,,,,,,,,,,,,10.9,1017.2,1017.8,1014.8,1019.5,18.0,2205.0,,,,,268,126.2585,34.473
2020-10-06,16.6,14.2,19.9,1320.0,544.0,,,,,,,,42.0,59.5,1058.0,3679.0,4.3,13.0,6.3,340.0,50.0,50.0,1612.0,908.0,11.7,10.1,,,,4.1,2.3,8.4,9.8,19.9,,,,,,,,,,,,,,,11.1,1020.0,1020.6,1018.9,1022.5,222.0,2337.0,,,,,268,126.2585,34.473
2020-10-07,16.9,12.7,21.9,1323.0,2350.0,,,,,,,,41.0,64.9,1207.0,1851.0,2.1,6.8,4.2,340.0,320.0,50.0,1242.0,1456.0,11.6,7.5,,,,6.3,4.6,9.8,8.7,20.4,,,,,,,,,,,,,,,12.1,1021.9,1022.5,1021.0,1024.0,1515.0,947.0,,,,,268,126.2585,34.473
2020-10-08,17.1,11.6,23.8,1335.0,224.0,,,,,,,,42.0,71.4,1345.0,1627.0,1.9,6.7,4.3,50.0,50.0,70.0,1110.0,1037.0,11.6,10.2,,,,0.6,0.0,11.4,7.0,20.4,,,,,,,,,,,,,,,13.5,1021.6,1022.2,1020.1,1024.2,1658.0,858.0,,,,,268,126.2585,34.473
2020-10-09,15.1,8.7,22.0,1435.0,610.0,,,,,,,,37.0,72.0,1426.0,1281.0,1.5,7.8,5.4,340.0,50.0,320.0,1411.0,1503.0,11.6,10.1,,,,2.6,0.3,9.3,4.7,19.1,,,,,,,,,,,,,,,11.7,1019.7,1020.3,1018.5,1022.6,1722.0,918.0,,,,,268,126.2585,34.473
2020-10-10,16.2,9.9,23.2,1418.0,643.0,,,,,,,,48.0,81.0,1407.0,1083.0,1.3,6.2,3.9,320.0,320.0,320.0,1219.0,1253.0,11.5,10.1,,,,3.8,0.1,12.4,6.9,20.0,,,,,,,,,,,,,,,14.5,1016.7,1017.3,1015.1,1019.2,1631.0,25.0,,,,,268,126.2585,34.473
2020-10-11,18.2,12.8,23.6,1435.0,226.0,,,,,,,,55.0,81.1,1231.0,919.0,1.1,5.1,3.1,50.0,70.0,50.0,1220.0,1226.0,11.5,4.7,,,,5.5,2.5,14.5,10.0,21.4,,,,,,,,,,,,,,,16.6,1014.1,1014.7,1012.8,1017.4,1505.0,2.0,,,,,268,126.2585,34.473
2020-10-12,18.3,14.4,22.4,1332.0,42.0,,,,,,,,45.0,76.4,1345.0,2460.0,2.8,9.8,6.1,160.0,340.0,320.0,1344.0,1353.0,11.4,7.1,,,,6.6,4.6,13.9,11.5,21.1,,,,,,,,,,,,,,,15.9,1014.9,1015.5,1013.9,1017.7,1410.0,2218.0,,,,,268,126.2585,34.473
2020-10-13,16.3,14.2,19.4,1213.0,2106.0,,,,,,,,45.0,57.1,2351.0,3467.0,4.0,11.6,6.3,290.0,20.0,50.0,1231.0,417.0,11.4,2.2,,,,7.3,6.5,7.6,9.3,18.7,,,,,,,,,,,,,,,10.5,1019.2,1019.8,1017.3,1022.0,19.0,2240.0,,,,,268,126.2585,34.473
2020-10-14,16.8,11.1,21.1,1348.0,325.0,,,,,,,,44.0,55.3,347.0,3488.0,4.0,12.8,6.5,50.0,50.0,50.0,1226.0,1227.0,11.4,7.6,,,,6.8,3.9,7.6,5.6,18.1,,,,,,,,,,,,,,,10.5,1023.1,1023.8,1021.5,1025.1,238.0,2312.0,,,,,268,126.2585,34.473
2020-10-15,15.3,13.0,18.3,1116.0,2350.0,,,,,,,,23.0,48.8,1106.0,3107.0,3.6,10.5,6.2,320.0,320.0,50.0,1327.0,1612.0,11.3,5.9,,,,7.9,7.1,4.0,9.7,19.0,,,,,,,,,,,,,,,8.3,1023.2,1023.9,1022.1,1025.7,1530.0,737.0,,,,,268,126.2585,34.473
2020-10-16,13.4,9.5,18.0,1452.0,2352.0,,,,,,,,43.0,67.9,1151.0,1178.0,1.4,6.1,3.4,340.0,320.0,70.0,1211.0,1214.0,11.3,0.0,,,,7.6,3.9,7.1,5.5,16.1,,,,,,,,,,,,,,,10.2,1021.4,1022.0,1020.4,1023.8,1548.0,1018.0,,,,,268,126.2585,34.473
2020-10-17,13.7,6.9,20.3,1307.0,452.0,,,,,,,,44.0,76.3,1124.0,1461.0,1.7,7.5,4.7,320.0,320.0,90.0,1353.0,1421.0,11.3,9.1,,,,3.6,2.5,9.1,3.4,16.7,,,,,,,,,,,,,,,11.6,1021.5,1022.2,1020.8,1023.5,1620.0,856.0,,,,,268,126.2585,34.473
2020-10-18,15.4,10.3,19.7,1144.0,657.0,,,,,,,,38.0,65.1,1535.0,1940.0,2.2,7.7,4.5,320.0,320.0,50.0,1324.0,1241.0,11.2,8.2,,,,5.0,1.8,8.6,5.2,17.4,,,,,,,,,,,,,,,11.2,1022.0,1022.6,1021.3,1024.1,1452.0,943.0,,,,,268,126.2585,34.473
2020-10-19,14.8,9.2,20.3,1238.0,2343.0,,,,,,,,44.0,70.1,1227.0,2114.0,2.4,8.2,5.2,70.0,50.0,70.0,1109.0,1114.0,11.2,5.8,,,,4.5,2.0,8.9,5.2,16.9,,,,,,,,,,,,,,,11.4,1023.0,1023.7,1021.9,1025.7,1428.0,2357.0,,,,,268,126.2585,34.473
2020-10-20,13.8,6.7,22.4,1358.0,547.0,,,,,,,,31.0,77.6,1148.0,848.0,1.0,7.7,3.8,290.0,250.0,90.0,1425.0,1433.0,11.2,9.8,,,,1.6,1.1,9.0,2.9,16.5,,,,,,,,,,,,,,,11.5,1023.6,1024.2,1022.3,1026.4,1848.0,900.0,,,,,268,126.2585,34.473
2020-10-21,14.3,10.9,18.4,1223.0,12.0,24.4,5.2,1.1,,,1802.0,1731.0,71.0,91.3,1228.0,876.0,1.0,4.5,3.0,20.0,50.0,70.0,1203.0,1203.0,11.1,0.0,,,,10.0,7.0,12.8,8.6,16.7,,,,,,,,,,,,,,,14.8,1017.2,1017.8,1015.0,1022.6,2357.0,1.0,,,,,268,126.2585,34.473
2020-10-22,14.7,11.1,19.3,1428.0,559.0,,,,,,,,51.0,78.0,2322.0,2446.0,2.8,14.3,8.2,340.0,340.0,320.0,2321.0,2023.0,11.1,0.6,,,,7.0,4.0,10.4,10.0,15.9,,,,,,,,,,,,,,,12.9,1013.4,1014.1,1012.0,1015.6,1557.0,2359.0,,,,,268,126.2585,34.473
2020-10-23,13.5,12.6,15.2,1227.0,2343.0,,,,,,,,47.0,54.1,2149.0,4716.0,5.5,15.1,7.8,320.0,340.0,320.0,46.0,1117.0,11.1,3.6,,,,7.6,5.6,4.3,9.5,12.8,,,,,,,,,,,,,,,8.3,1015.2,1016.4,1014.7,1018.1,304.0,2242.0,,,,,268,126.2585,34.473
2020-10-24,13.0,10.1,15.3,1345.0,2400.0,,,,,,,,43.0,60.0,1337.0,3649.0,4.2,14.1,6.9,320.0,360.0,320.0,420.0,1257.0,11.0,7.7,,,,2.9,2.1,5.2,5.9,13.1,,,,,,,,,,,,,,,8.9,1019.0,1020.2,1017.7,1021.7,27.0,2332.0,,,,,268,126.2585,34.473
2020-10-25,14.4,8.6,19.1,1433.0,201.0,,,,,,,,51.0,71.6,1434.0,1842.0,2.1,8.8,5.2,340.0,320.0,320.0,1041.0,1055.0,11.0,7.7,,,,4.1,1.5,9.0,5.1,14.4,,,,,,,,,,,,,,,11.5,1019.5,1020.7,1018.7,1022.3,1443.0,847.0,,,,,268,126.2585,34.473
2020-10-26,12.3,6.8,18.4,1352.0,447.0,,,,,,,,43.0,79.8,1312.0,1311.0,1.5,7.7,4.6,110.0,320.0,320.0,1307.0,1313.0,11.0,7.8,,,,2.0,0.3,8.4,3.3,13.4,,,,,,,,,,,,,,,11.1,1018.7,1019.9,1018.3,1021.2,1708.0,853.0,,,,,268,126.2585,34.473
2020-10-27,13.5,6.1,20.6,1330.0,400.0,,,,,,,,43.0,79.6,1250.0,1221.0,1.4,6.6,4.4,290.0,320.0,70.0,1534.0,1541.0,10.9,7.8,,,,5.3,2.8,9.5,3.1,14.0,,,,,,,,,,,,,,,12.0,1019.7,1020.9,1019.2,1022.5,34.0,2139.0,,,,,268,126.2585,34.473
2020-10-28,15.5,13.5,18.3,1522.0,319.0,,,,,,,,54.0,76.0,1605.0,2636.0,3.1,11.5,7.1,290.0,70.0,320.0,2305.0,2312.0,10.9,2.0,,,,7.3,2.8,11.1,8.7,15.5,,,,,,,,,,,,,,,13.5,1021.6,1022.8,1021.7,1024.2,10.0,2209.0,,,,,268,126.2585,34.473
2020-10-29,13.7,11.2,16.6,1342.0,716.0,,,,,,,,25.0,49.5,1005.0,3719.0,4.3,11.5,6.6,20.0,20.0,20.0,957.0,953.0,10.9,9.0,,,,4.9,3.0,3.0,6.4,13.4,,,,,,,,,,,,,,,7.7,1022.2,1023.4,1022.0,1025.5,1441.0,912.0,,,,,268,126.2585,34.473
2020-10-30,12.1,6.1,17.0,1302.0,2338.0,,,,,,,,34.0,60.8,1109.0,2448.0,2.8,9.6,5.4,20.0,20.0,20.0,257.0,303.0,10.8,9.3,,,,1.0,0.9,3.9,3.5,12.9,,,,,,,,,,,,,,,8.1,1023.1,1024.3,1022.6,1026.1,56.0,2206.0,,,,,268,126.2585,34.473
2020-10-31,13.5,5.1,18.7,1323.0,511.0,,,,,,,,52.0,70.0,1305.0,1526.0,1.8,7.4,4.5,90.0,110.0,110.0,1127.0,2059.0,10.8,9.1,,,,1.9,1.1,7.6,1.7,13.1,,,,,,,,,,,,,,,10.5,1023.1,1024.3,1022.3,1026.7,2400.0,921.0,,,,,268,126.2585,34.473
2020-11-01,15.1,13.0,18.5,1239.0,533.0,1.8,,,,,,,68.0,85.9,1411.0,967.0,1.1,5.5,3.1,110.0,250.0,90.0,15.0,1515.0,10.8,0.0,,,,9.8,6.5,12.6,10.8,15.7,,,,,,,,,,,,,,,14.7,1019.5,1020.7,1019.4,1022.6,1811.0,209.0,,,,,268,126.2585,34.473
2020-11-02,12.8,4.9,17.4,1412.0,2358.0,0.3,,,,,,,45.0,78.9,1507.0,1749.0,2.0,9.2,5.2,320.0,50.0,50.0,1540.0,1748.0,10.7,2.8,,,,6.4,4.5,8.7,2.3,14.6,,,,,,,,,,,,,,,11.5,1019.3,1020.5,1019.3,1021.7,1438.0,858.0,,,,,268,126.2585,34.473
2020-11-03,10.6,4.5,13.9,1348.0,134.0,1.0,,,,,,,41.0,60.0,1215.0,4459.0,5.2,15.1,8.3,360.0,320.0,320.0,1643.0,1222.0,10.7,5.6,,,,5.0,2.3,2.6,1.4,10.2,,,,,,,,,,,,,,,7.5,1020.8,1022.0,1019.8,1024.2,344.0,2332.0,,,,,268,126.2585,34.473
2020-11-04,9.1,1.9,12.1,1422.0,2350.0,,,,,,,,44.0,60.0,1507.0,2938.0,3.4,9.9,5.7,320.0,320.0,320.0,1132.0,1501.0,10.7,8.8,,,,3.9,2.0,1.3,-1.3,10.3,,,,,,,,,,,,,,,6.7,1024.0,1025.2,1023.9,1026.4,47.0,2315.0,,,,,268,126.2585,34.473
2020-11-05,10.9,1.6,17.5,1519.0,141.0,,,,,,,,23.0,57.5,1538.0,1363.0,1.6,5.7,4.1,70.0,70.0,70.0,440.0,435.0,10.7,4.0,,,,8.4,6.6,2.3,-1.4,11.3,,,,,,,,,,,,,,,7.4,1024.9,1026.1,1024.6,1028.2,1708.0,1034.0,,,,,268,126.2585,34.473
2020-11-06,14.4,9.4,20.3,1514.0,559.0,,,,,,,,65.0,82.5,1226.0,527.0,0.6,4.5,2.4,90.0,90.0,50.0,317.0,359.0,10.6,0.1,,,,8.6,4.3,11.2,5.5,15.1,,,,,,,,,,,,,,,13.4,1020.0,1021.2,1019.0,1025.8,1635.0,1.0,,,,,268,126.2585,34.473
2020-11-07,13.7,7.5,20.2,1320.0,2332.0,,,,,,,,59.0,88.4,1255.0,1136.0,1.3,7.7,5.4,340.0,320.0,320.0,1450.0,1447.0,10.6,5.4,,,,3.6,2.3,11.6,4.2,15.1,,,,,,,,,,,,,,,13.8,1018.2,1019.4,1017.7,1021.4,1359.0,2245.0,,,,,268,126.2585,34.473
2020-11-08,12.1,6.6,17.3,1109.0,215.0,,,,,,,,37.0,61.6,1516.0,3416.0,4.0,13.7,8.8,20.0,140.0,320.0,1719.0,1259.0,10.6,8.9,,,,1.5,0.6,4.5,3.8,11.3,,,,,,,,,,,,,,,8.6,1022.3,1023.5,1020.9,1026.2,314.0,2135.0,,,,,268,126.2585,34.473
2020-11-09,9.1,3.0,12.8,1407.0,2301.0,,,,,,,,27.0,59.0,1052.0,3050.0,3.5,12.6,6.2,340.0,320.0,320.0,151.0,33.0,10.5,9.2,,,,2.8,0.9,0.7,0.0,9.9,,,,,,,,,,,,,,,6.5,1024.8,1026.0,1024.4,1027.3,1441.0,2325.0,,,,,268,126.2585,34.473
2020-11-10,10.1,2.8,14.6,1201.0,52.0,,,,,,,,35.0,63.3,1152.0,2682.0,3.1,11.2,6.4,340.0,290.0,50.0,1449.0,1450.0,10.5,9.1,,,,2.3,0.5,2.5,-0.3,9.9,,,,,,,,,,,,,,,7.4,1026.9,1028.1,1025.9,1030.2,501.0,2250.0,,,,,268,126.2585,34.473
2020-11-11,9.7,4.2,16.3,1300.0,2349.0,,,,,,,,45.0,69.8,1212.0,1822.0,2.1,7.7,4.4,50.0,20.0,50.0,1223.0,1108.0,10.5,9.2,,,,0.1,0.0,3.9,0.5,10.0,,,,,,,,,,,,,,,8.2,1030.0,1031.2,1029.8,1032.4,1.0,906.0,,,,,268,126.2585,34.473
2020-11-12,9.1,1.9,18.6,1311.0,620.0,,,,,,,,41.0,79.0,1224.0,701.0,0.8,5.1,3.2,360.0,290.0,320.0,1314.0,1341.0,10.5,9.2,,,,0.1,0.0,4.8,-1.4,9.6,,,,,,,,,,,,,,,8.7,1028.5,1029.7,1027.9,1032.0,1546.0,1.0,,,,,268,126.2585,34.473
2020-11-13,10.8,2.1,16.5,1124.0,626.0,,,,,,,,45.0,80.6,1058.0,2295.0,2.7,9.2,6.4,320.0,320.0,320.0,1454.0,1456.0,10.4,9.1,,,,0.5,0.0,7.2,-1.7,9.9,,,,,,,,,,,,,,,10.3,1026.7,1027.9,1026.5,1029.2,1451.0,831.0,,,,,268,126.2585,34.473
2020-11-14,12.4,5.8,19.9,1349.0,515.0,,,,,,,,40.0,76.4,1404.0,1355.0,1.6,6.7,3.7,70.0,70.0,70.0,1316.0,1320.0,10.4,8.8,,,,2.1,0.9,7.7,0.9,11.7,,,,,,,,,,,,,,,10.5,1026.9,1028.1,1027.1,1029.5,1436.0,848.0,,,,,268,126.2585,34.473
2020-11-15,12.3,7.0,20.8,1228.0,2350.0,,,,,,,,47.0,81.8,1151.0,666.0,0.8,4.9,3.0,270.0,340.0,90.0,1416.0,1423.0,10.4,8.0,,,,2.6,2.1,8.6,3.0,12.6,,,,,,,,,,,,,,,11.2,1025.5,1026.7,1025.3,1028.3,1346.0,853.0,,,,,268,126.2585,34.473
2020-11-16,14.3,6.9,19.3,1327.0,110.0,,,,,,,,53.0,75.4,1043.0,1380.0,1.6,5.4,3.5,140.0,140.0,50.0,2159.0,2204.0,10.4,6.7,,,,6.5,3.8,9.7,3.6,13.8,,,,,,,,,,,,,,,12.1,1023.3,1024.5,1023.1,1025.9,1359.0,1.0,,,,,268,126.2585,34.473
2020-11-17,19.5,16.7,21.7,1345.0,501.0,0.0,,,,,,,67.0,79.8,955.0,2649.0,3.1,9.0,5.4,110.0,110.0,110.0,1227.0,1249.0,10.3,3.9,,,,5.5,4.5,15.8,12.6,17.8,,,,,,,,,,,,,,,18.0,1021.0,1022.2,1021.0,1024.2,2348.0,1.0,,,,,268,126.2585,34.473
2020-11-18,21.2,19.1,23.6,1141.0,201.0,0.3,,,,,,,72.0,83.3,1137.0,2453.0,2.8,10.4,4.7,110.0,110.0,110.0,848.0,440.0,10.3,1.0,,,,8.1,1.0,18.1,14.7,19.9,,,,,,,,,,,,,,,20.8,1014.9,1016.0,1012.1,1021.0,2357.0,1.0,,,,,268,126.2585,34.473
2020-11-19,18.2,13.5,22.4,858.0,2257.0,10.3,,,,,,,78.0,86.6,2146.0,4346.0,5.0,16.7,9.5,200.0,230.0,320.0,833.0,1143.0,10.3,0.0,,,,9.1,7.8,15.9,11.9,18.9,,,,,,,,,,,,,,,18.6,1009.7,1010.9,1007.9,1014.8,1020.0,2400.0,,,,,268,126.2585,34.473
2020-11-20,10.4,9.0,13.5,1.0,2243.0,,,,,,,,65.0,72.0,1830.0,4192.0,4.9,12.6,6.8,70.0,320.0,320.0,620.0,1146.0,10.3,0.0,,,,9.3,8.4,5.5,8.5,11.4,,,,,,,,,,,,,,,9.1,1017.9,1019.1,1014.1,1022.8,17.0,2210.0,,,,,268,126.2585,34.473
2020-11-21,10.7,4.5,15.2,1421.0,730.0,,,,,,,,62.0,76.3,1422.0,1587.0,1.8,8.9,4.9,320.0,50.0,70.0,102.0,116.0,10.2,3.9,,,,6.5,4.0,6.5,0.7,11.0,,,,,,,,,,,,,,,9.9,1020.8,1022.0,1020.4,1023.8,1433.0,722.0,,,,,268,126.2585,34.473
2020-11-22,10.8,8.4,12.5,28.0,2355.0,3.0,,,,,,,61.0,79.6,2326.0,3468.0,4.0,12.4,7.4,90.0,360.0,320.0,2355.0,633.0,10.2,0.0,,,,9.5,7.8,7.3,7.7,11.9,,,,,,,,,,,,,,,10.4,1021.5,1022.7,1019.6,1026.2,411.0,2305.0,,,,,268,126.2585,34.473
2020-11-23,8.0,6.6,9.7,1447.0,2205.0,,,,,,,,56.0,62.3,31.0,4085.0,4.7,13.2,7.3,320.0,320.0,320.0,127.0,130.0,10.2,0.3,,,,9.1,8.1,1.1,4.4,8.6,,,,,,,,,,,,,,,6.6,1026.0,1027.2,1025.9,1028.7,43.0,1009.0,,,,,268,126.2585,34.473
2020-11-24,8.4,5.8,10.9,1206.0,145.0,,,,,,,,21.0,51.0,1137.0,3400.0,3.9,10.3,6.3,320.0,360.0,50.0,1454.0,1831.0,10.2,6.5,,,,6.0,4.9,-1.9,4.2,7.8,,,,,,,,,,,,,,,5.5,1025.9,1027.1,1025.6,1028.6,1554.0,957.0,,,,,268,126.2585,34.473
2020-11-25,9.8,6.2,13.0,1406.0,658.0,,,,,,,,37.0,54.4,417.0,3268.0,3.8,9.7,5.9,340.0,20.0,20.0,1517.0,924.0,10.1,8.7,,,,4.6,3.1,0.9,1.8,8.3,,,,,,,,,,,,,,,6.6,1025.1,1026.3,1024.8,1027.9,1739.0,1024.0,,,,,268,126.2585,34.473
2020-11-26,10.3,8.3,13.7,1239.0,738.0,,,,,,,,50.0,62.5,1142.0,3021.0,3.5,10.2,6.4,320.0,340.0,20.0,1948.0,1942.0,10.1,4.7,,,,7.5,4.8,3.4,6.0,10.3,,,,,,,,,,,,,,,7.8,1024.8,1026.0,1024.0,1027.1,1521.0,932.0,,,,,268,126.2585,34.473
2020-11-27,9.3,7.3,11.5,1125.0,2036.0,,,,,,,,50.0,60.0,2047.0,4132.0,4.8,13.9,7.5,320.0,320.0,320.0,1610.0,1659.0,10.1,0.1,,,,8.9,6.3,1.8,5.5,9.6,,,,,,,,,,,,,,,7.1,1025.5,1026.7,1025.1,1028.8,1449.0,2315.0,,,,,268,126.2585,34.473
2020-11-28,6.6,5.9,7.8,101.0,1913.0,,,,,,,,49.0,59.0,1036.0,4542.0,5.3,12.6,7.6,320.0,320.0,320.0,524.0,729.0,10.1,0.2,,,,9.9,9.3,-0.8,5.1,7.2,,,,,,,,,,,,,,,5.8,1027.5,1028.7,1027.5,1030.8,1618.0,1022.0,,,,,268,126.2585,34.473
2020-11-29,6.8,2.1,8.5,1214.0,2237.0,0.6,,,,,,,58.0,70.8,9.0,2876.0,3.3,10.2,5.9,290.0,360.0,340.0,1432.0,1411.0,10.1,2.1,,,,7.4,5.0,1.7,-1.3,7.4,,,,,,,,,,,,,,,7.0,1028.2,1029.4,1027.3,1031.8,200.0,2337.0,,,,,268,126.2585,34.473
2020-11-30,6.3,3.5,9.1,1324.0,707.0,,,,,,,,55.0,64.3,2143.0,2708.0,3.1,9.7,6.2,230.0,320.0,50.0,1705.0,1728.0,10.0,3.5,,,,8.0,5.0,-0.1,-0.7,7.3,,,,,,,,,,,,,,,6.1,1032.5,1033.7,1031.5,1035.5,133.0,2204.0,,,,,268,126.2585,34.473
2020-12-01,5.1,2.3,8.7,1422.0,730.0,,,,,,,,27.0,49.4,1124.0,3038.0,3.5,10.3,5.7,50.0,20.0,50.0,342.0,358.0,10.0,8.4,,,,3.0,0.8,-4.9,-4.4,4.8,,,,,,,,,,,,,,,4.3,1032.0,1033.3,1030.8,1035.7,1734.0,910.0,,,,,268,126.2585,34.473
2020-12-02,6.2,0.3,10.3,1348.0,204.0,,,,,,,,26.0,46.0,1101.0,3026.0,3.5,10.2,6.1,50.0,360.0,50.0,2353.0,1807.0,10.0,7.4,,,,3.8,1.6,-4.8,-5.2,4.7,,,,,,,,,,,,,,,4.4,1027.7,1028.9,1027.3,1031.1,1628.0,1.0,,,,,268,126.2585,34.473
2020-12-03,5.8,2.2,9.3,1236.0,622.0,,,,,,,,53.0,66.1,1222.0,3242.0,3.8,12.5,7.9,160.0,20.0,20.0,1553.0,1538.0,10.0,3.6,,,,7.0,4.1,-0.2,-1.7,6.5,,,,,,,,,,,,,,,6.0,1028.0,1029.2,1027.7,1030.4,122.0,2054.0,,,,,268,126.2585,34.473
2020-12-04,4.3,-0.9,7.4,1214.0,2358.0,,,,,,,,52.0,68.9,47.0,2856.0,3.3,9.6,6.6,20.0,50.0,50.0,333.0,333.0,10.0,3.5,,,,5.1,2.9,-1.0,-5.2,5.7,,,,,,,,,,,,,,,5.7,1028.5,1029.7,1028.3,1030.7,1526.0,849.0,,,,,268,126.2585,34.473
2020-12-05,3.9,-2.7,10.0,1350.0,509.0,,,,,,,,48.0,75.1,1224.0,1172.0,1.4,7.8,3.9,320.0,320.0,340.0,1157.0,1543.0,10.0,5.5,,,,4.0,1.6,-0.6,-6.3,4.3,,,,,,,,,,,,,,,5.9,1028.5,1029.7,1028.2,1031.3,1455.0,1022.0,,,,,268,126.2585,34.473
2020-12-06,3.7,-1.7,10.6,1318.0,643.0,,,,,,,,50.0,77.4,1153.0,1310.0,1.5,7.7,4.3,200.0,50.0,50.0,1552.0,1315.0,10.0,8.5,,,,0.6,0.0,-0.4,-5.2,3.8,,,,,,,,,,,,,,,6.0,1027.2,1028.4,1026.8,1029.8,1524.0,1.0,,,,,268,126.2585,34.473
2020-12-07,5.7,-0.9,10.8,1437.0,452.0,,,,,,,,63.0,81.0,1248.0,1489.0,1.7,9.7,6.0,340.0,20.0,20.0,2207.0,2201.0,9.9,0.0,,,,8.1,6.3,2.5,-4.5,5.9,,,,,,,,,,,,,,,7.4,1026.5,1027.8,1026.0,1029.0,1412.0,1016.0,,,,,268,126.2585,34.473
2020-12-08,4.2,-0.8,7.2,1057.0,2255.0,,,,,,,,60.0,70.4,1010.0,2011.0,2.3,7.5,4.9,320.0,20.0,70.0,1141.0,1727.0,9.9,1.8,,,,4.6,3.4,-0.7,-5.9,5.1,,,,,,,,,,,,,,,5.8,1027.0,1028.2,1027.0,1029.4,1346.0,823.0,,,,,268,126.2585,34.473
2020-12-09,3.3,-3.0,9.5,1334.0,638.0,,,,,,,,30.0,65.5,1208.0,1936.0,2.2,8.1,4.8,50.0,50.0,70.0,1030.0,1036.0,9.9,8.4,,,,3.0,1.8,-3.1,-7.3,3.3,,,,,,,,,,,,,,,4.9,1024.2,1025.5,1023.0,1028.7,2015.0,107.0,,,,,268,126.2585,34.473
2020-12-10,6.0,2.2,10.3,1341.0,2340.0,,,,,,,,38.0,66.8,559.0,1057.0,1.2,6.2,4.0,340.0,320.0,320.0,1651.0,1522.0,9.9,0.1,,,,8.4,7.5,-0.2,-1.2,6.7,,,,,,,,,,,,,,,6.1,1021.3,1022.5,1021.0,1024.1,1428.0,919.0,,,,,268,126.2585,34.473
2020-12-11,7.2,2.1,13.2,1324.0,155.0,,,,,,,,57.0,83.1,1230.0,727.0,0.8,4.4,2.9,340.0,320.0,20.0,1339.0,1352.0,9.9,0.5,,,,8.9,5.3,4.2,-0.7,7.3,,,,,,,,,,,,,,,8.3,1018.5,1019.7,1018.1,1022.4,1359.0,305.0,,,,,268,126.2585,34.473
2020-12-12,6.4,-0.1,9.9,1243.0,2336.0,,,,,,,,41.0,69.1,1529.0,2514.0,2.9,11.7,7.0,340.0,50.0,320.0,1211.0,622.0,9.9,7.2,,,,4.5,2.6,0.7,-4.3,6.8,,,,,,,,,,,,,,,6.5,1017.7,1018.9,1017.6,1020.3,610.0,1053.0,,,,,268,126.2585,34.473
2020-12-13,4.9,-1.1,13.2,1422.0,605.0,0.0,,,,,,,46.0,69.9,2311.0,3166.0,3.7,15.4,9.6,110.0,320.0,320.0,1933.0,2036.0,9.9,2.1,,,,6.9,3.3,-0.5,-4.6,5.3,,,,,,,,,,,,,,,6.1,1018.5,1019.7,1015.7,1024.7,1433.0,2400.0,,,,,268,126.2585,34.473
2020-12-14,-1.0,-3.6,2.8,1.0,2309.0,3.8,,,,,,,51.0,82.6,1.0,3789.0,4.4,15.4,7.8,320.0,320.0,50.0,327.0,333.0,9.9,0.0,,,,9.0,6.3,-3.6,-0.8,2.5,,,,,,,,,,,,,,,4.7,1026.5,1027.7,1024.1,1029.9,110.0,2325.0,,,,,268,126.2585,34.473
2020-12-15,-2.4,-4.6,0.9,1402.0,744.0,,,,,,,,56.0,72.0,1525.0,2312.0,2.7,9.7,5.7,20.0,50.0,50.0,823.0,1026.0,9.9,8.3,,,,5.3,2.9,-6.8,-5.4,2.1,,,,,,,,,,,,,,,3.7,1028.9,1030.2,1029.0,1032.1,314.0,1049.0,,,,,268,126.2585,34.473
2020-12-16,-1.5,-5.4,1.6,1143.0,335.0,0.1,,,,,,,65.0,81.3,15.0,2249.0,2.6,10.9,5.9,320.0,340.0,50.0,1319.0,1306.0,9.9,4.7,,,,5.0,3.8,-4.3,-6.3,1.9,,,,,,,,,,,,,,,4.5,1029.4,1030.7,1029.3,1031.7,521.0,2216.0,,,,,268,126.2585,34.473
2020-12-17,0.9,-2.1,5.0,1304.0,719.0,,,,,,,,59.0,78.4,1146.0,1908.0,2.2,6.9,4.2,320.0,320.0,70.0,1525.0,1441.0,9.9,7.0,,,,5.6,4.5,-2.5,-4.2,2.5,,,,,,,,,,,,,,,5.1,1028.9,1030.2,1028.8,1031.6,1547.0,801.0,,,,,268,126.2585,34.473
2020-12-18,3.3,-1.8,8.7,1220.0,16.0,,,,,,,,45.0,72.4,1434.0,2580.0,3.0,11.5,7.2,340.0,50.0,290.0,2348.0,2110.0,9.9,3.5,,,,7.6,4.9,-1.6,-4.7,3.7,,,,,,,,,,,,,,,5.5,1027.5,1028.8,1026.5,1030.6,1525.0,2238.0,,,,,268,126.2585,34.473
2020-12-19,0.8,-3.1,3.3,50.0,2331.0,,,,,,,,52.0,60.8,2133.0,3777.0,4.4,12.7,7.3,320.0,320.0,50.0,1359.0,327.0,9.9,6.3,,,,5.4,4.4,-5.9,-6.9,2.6,,,,,,,,,,,,,,,3.9,1031.5,1032.8,1030.3,1034.2,15.0,1032.0,,,,,268,126.2585,34.473
2020-12-20,1.6,-3.2,6.5,1507.0,144.0,0.1,,,,,,,47.0,73.4,1123.0,1315.0,1.5,6.5,4.3,20.0,50.0,50.0,509.0,1136.0,9.9,3.0,,,,7.1,4.1,-2.9,-6.3,3.3,,,,,,,,,,,,,,,5.0,1030.7,1032.0,1030.8,1033.4,1509.0,9.0,,,,,268,126.2585,34.473
2020-12-21,2.5,-3.9,8.7,1422.0,551.0,,,,,,,,42.0,67.9,1157.0,1245.0,1.4,8.5,4.6,320.0,320.0,320.0,1229.0,1232.0,9.9,3.3,,,,4.4,3.1,-3.3,-7.0,3.2,,,,,,,,,,,,,,,4.8,1028.2,1029.5,1028.2,1031.9,1524.0,1.0,,,,,268,126.2585,34.473
2020-12-22,3.5,-1.3,10.4,1401.0,2336.0,,,,,,,,50.0,76.5,1139.0,1096.0,1.3,7.7,4.2,320.0,250.0,290.0,1402.0,1507.0,9.9,5.4,,,,3.5,2.8,-0.6,-5.6,4.0,,,,,,,,,,,,,,,5.9,1025.6,1026.8,1025.0,1028.3,1455.0,46.0,,,,,268,126.2585,34.473
2020-12-23,4.6,-2.2,12.5,1530.0,743.0,,,,,,,,58.0,83.4,1244.0,693.0,0.8,6.7,4.2,180.0,200.0,110.0,1251.0,1259.0,9.9,3.9,,,,6.9,4.4,1.7,-5.9,4.6,,,,,,,,,,,,,,,7.0,1021.9,1023.1,1019.5,1027.7,2355.0,1.0,,,,,268,126.2585,34.473
2020-12-24,6.7,3.2,10.0,1352.0,318.0,,,,,,,,42.0,65.3,1612.0,2853.0,3.3,13.6,7.4,90.0,340.0,320.0,1538.0,1527.0,9.9,6.8,,,,4.5,2.5,0.1,0.3,5.8,,,,,,,,,,,,,,,6.3,1018.2,1019.4,1017.9,1021.7,157.0,2324.0,,,,,268,126.2585,34.473
2020-12-25,4.0,-2.1,7.6,1333.0,2359.0,,,,,,,,41.0,58.1,238.0,3237.0,3.7,13.1,6.8,320.0,320.0,320.0,237.0,244.0,9.9,6.4,,,,4.5,2.4,-3.9,-6.5,4.7,,,,,,,,,,,,,,,4.6,1023.2,1024.5,1021.2,1026.5,47.0,2152.0,,,,,268,126.2585,34.473
2020-12-26,3.2,-2.5,11.1,1525.0,120.0,,,,,,,,26.0,71.3,1438.0,884.0,1.0,4.9,3.0,320.0,200.0,50.0,1147.0,2008.0,9.9,8.1,,,,5.5,4.0,-2.3,-5.9,3.7,,,,,,,,,,,,,,,5.2,1024.1,1025.4,1023.3,1028.0,2357.0,911.0,,,,,268,126.2585,34.473
2020-12-27,7.8,2.7,10.4,603.0,3.0,9.0,,,,,,,49.0,88.9,122.0,1769.0,2.0,9.8,6.3,90.0,110.0,50.0,153.0,207.0,9.9,0.0,,,,8.9,5.1,5.8,-0.7,7.7,,,,,,,,,,,,,,,9.3,1019.3,1020.5,1018.3,1023.2,1419.0,1.0,,,,,268,126.2585,34.473
2020-12-28,5.8,1.3,13.8,1417.0,836.0,,,,,,,,48.0,88.3,1545.0,1007.0,1.2,5.6,3.8,90.0,70.0,50.0,1210.0,1229.0,9.9,8.2,,,,5.0,3.1,3.5,-2.2,6.2,,,,,,,,,,,,,,,7.9,1021.6,1022.8,1021.2,1024.6,1.0,949.0,,,,,268,126.2585,34.473
2020-12-29,4.8,0.6,11.6,1140.0,2352.0,6.9,,,,,,,58.0,87.8,1240.0,4065.0,4.7,21.3,12.8,340.0,320.0,70.0,1836.0,1844.0,9.9,1.4,,,,9.1,6.5,2.7,-1.9,5.0,,,,,,,,,,,,,,,7.5,1018.8,1020.0,1016.8,1023.2,1446.0,252.0,,,,,268,126.2585,34.473
2020-12-30,-2.0,-3.8,1.1,40.0,2144.0,1.2,,,,,,,52.0,76.0,915.0,5781.0,6.7,18.7,9.5,290.0,320.0,320.0,301.0,732.0,9.9,0.8,,,,8.8,4.6,-5.8,-3.6,1.8,,,,,,,,,,,,,,,4.0,1022.3,1023.6,1020.7,1026.0,5.0,2137.0,,,,,268,126.2585,34.473
2020-12-31,-0.9,-6.3,2.8,1510.0,823.0,0.7,,,,,,,53.0,77.9,2243.0,3245.0,3.8,15.4,7.9,320.0,320.0,70.0,45.0,248.0,9.9,3.5,,,,8.3,5.4,-4.4,-1.7,1.9,,,,,,,,,,,,,,,4.5,1025.3,1026.6,1024.8,1028.1,1454.0,1035.0,,,,,268,126.2585,34.473
