dt,ta,tn,tn_at,tx,tx_at,rn,rx_1hr,rx_1hr_at,wx,wx_at,wa,wd_wx,nmin,code,x,y
1998-01-01,6.8,2.9,1998-01-01 12:42:00+00:00,13.8,1998-01-01 03:51:00+00:00,0.0,,,7.3,,0.8,245.5,0,850,129.51,35.83
1998-01-02,6.0,1.0,1998-01-01 22:39:00+00:00,12.0,1998-01-02 04:33:00+00:00,0.0,,,5.8,,1.3,127.4,0,850,129.51,35.83
1998-01-03,8.7,3.3,1998-01-02 17:45:00+00:00,14.2,1998-01-03 05:33:00+00:00,0.0,,,5.3,,1.1,142.9,0,850,129.51,35.83
1998-01-04,2.5,-3.2,1998-01-04 14:39:00+00:00,9.5,1998-01-03 15:56:00+00:00,0.0,,,10.5,,2.3,289.6,0,850,129.51,35.83
1998-01-05,1.9,-4.4,1998-01-04 20:01:00+00:00,7.0,1998-01-05 04:35:00+00:00,0.0,,,8.0,,1.8,282.0,0,850,129.51,35.83
1998-01-06,2.8,0.1,1998-01-05 22:56:00+00:00,8.2,1998-01-06 05:51:00+00:00,0.0,,,9.0,,1.5,189.7,0,850,129.51,35.83
1998-01-07,4.0,0.9,1998-01-06 16:00:00+00:00,8.0,1998-01-07 05:43:00+00:00,0.0,,,10.2,,1.0,253.7,0,850,129.51,35.83
1998-01-08,5.3,0.6,1998-01-07 17:33:00+00:00,7.8,1998-01-08 02:04:00+00:00,44.0,,,16.9,,5.9,331.3,0,850,129.51,35.83
1998-01-09,5.9,2.9,1998-01-08 22:32:00+00:00,11.0,1998-01-09 04:15:00+00:00,8.0,,,13.4,,2.5,316.0,0,850,129.51,35.83
1998-01-10,7.6,3.2,1998-01-09 18:45:00+00:00,11.5,1998-01-10 04:15:00+00:00,0.0,,,10.7,,2.3,16.8,0,850,129.51,35.83
1998-01-11,7.4,4.9,1998-01-11 14:56:00+00:00,10.5,1998-01-10 16:38:00+00:00,0.0,,,17.4,,11.4,349.1,0,850,129.51,35.83
1998-01-12,4.9,2.6,1998-01-12 12:58:00+00:00,9.1,1998-01-12 03:28:00+00:00,0.0,,,10.7,,2.0,282.1,0,850,129.51,35.83
1998-01-13,5.3,1.4,1998-01-12 18:58:00+00:00,9.1,1998-01-13 05:19:00+00:00,0.0,,,0.0,,0.0,298.0,0,850,129.51,35.83
1998-01-14,8.9,6.4,1998-01-13 15:05:00+00:00,10.3,1998-01-14 06:14:00+00:00,5.5,,,21.8,,0.5,34.1,0,850,129.51,35.83
1998-01-15,6.2,3.7,1998-01-15 10:27:00+00:00,9.8,1998-01-14 15:45:00+00:00,16.0,,,25.4,,14.6,348.6,0,850,129.51,35.83
1998-01-16,4.6,2.2,1998-01-15 22:13:00+00:00,7.9,1998-01-16 04:22:00+00:00,2.0,,,13.2,,4.1,335.1,0,850,129.51,35.83
1998-01-17,6.9,4.1,1998-01-16 16:49:00+00:00,10.7,1998-01-17 05:11:00+00:00,6.5,,,7.3,,2.4,276.9,0,850,129.51,35.83
1998-01-18,1.4,-5.9,1998-01-18 14:53:00+00:00,6.9,1998-01-18 03:06:00+00:00,1.5,,,10.9,,2.3,292.5,0,850,129.51,35.83
1998-01-19,-4.9,-8.5,1998-01-18 22:32:00+00:00,-0.8,1998-01-19 05:15:00+00:00,0.0,,,11.9,,2.4,251.2,0,850,129.51,35.83
1998-01-20,0.4,-7.5,1998-01-19 19:46:00+00:00,6.4,1998-01-20 05:37:00+00:00,0.0,,,9.9,,1.7,243.6,0,850,129.51,35.83
1998-01-21,0.6,-2.8,1998-01-20 21:36:00+00:00,5.6,1998-01-21 04:10:00+00:00,0.0,,,7.6,,1.2,186.0,0,850,129.51,35.83
1998-01-22,1.4,,,,,0.0,,,,,,,0,850,129.51,35.83
1998-01-23,-0.4,-4.9,1998-01-23 14:58:00+00:00,4.1,1998-01-23 05:04:00+00:00,0.0,,,9.8,,1.6,271.8,0,850,129.51,35.83
1998-01-24,-6.2,-9.4,1998-01-23 22:48:00+00:00,-1.2,1998-01-24 05:55:00+00:00,0.0,,,10.9,,2.1,252.6,0,850,129.51,35.83
1998-01-25,-1.5,-8.2,1998-01-24 16:38:00+00:00,5.6,1998-01-25 05:15:00+00:00,0.0,,,11.7,,1.8,261.0,0,850,129.51,35.83
1998-01-26,1.2,-2.8,1998-01-25 17:55:00+00:00,6.4,1998-01-26 04:02:00+00:00,0.0,,,11.1,,1.2,246.1,0,850,129.51,35.83
1998-01-27,0.7,-3.1,1998-01-26 20:30:00+00:00,4.1,1998-01-27 04:49:00+00:00,0.0,,,7.1,,1.0,279.3,0,850,129.51,35.83
1998-01-28,0.8,-2.5,1998-01-27 18:27:00+00:00,6.0,1998-01-28 04:19:00+00:00,0.0,,,9.5,,1.9,335.6,0,850,129.51,35.83
1998-01-29,1.5,-4.2,1998-01-28 21:03:00+00:00,9.2,1998-01-29 04:37:00+00:00,0.0,,,7.0,,1.0,287.7,0,850,129.51,35.83
1998-01-30,3.3,-1.6,1998-01-29 21:40:00+00:00,9.1,1998-01-30 05:19:00+00:00,0.0,,,7.5,,1.1,263.8,0,850,129.51,35.83
1998-01-31,4.6,0.1,1998-01-30 20:54:00+00:00,12.1,1998-01-31 05:56:00+00:00,0.0,,,5.3,,0.7,292.9,0,850,129.51,35.83
1998-02-01,5.2,1.2,1998-01-31 18:39:00+00:00,11.1,1998-02-01 06:05:00+00:00,0.0,,,3.3,,0.7,288.6,0,850,129.51,35.83
1998-02-02,6.2,1.6,1998-02-01 22:37:00+00:00,11.5,1998-02-02 04:00:00+00:00,0.0,,,5.5,,0.8,242.2,0,850,129.51,35.83
1998-02-03,5.1,1.6,1998-02-02 19:35:00+00:00,10.2,1998-02-03 04:25:00+00:00,0.0,,,6.2,,1.1,292.4,0,850,129.51,35.83
1998-02-04,2.1,-0.2,1998-02-04 14:54:00+00:00,6.4,1998-02-04 04:58:00+00:00,4.5,,,9.4,,2.0,285.8,0,850,129.51,35.83
1998-02-05,,,,,,0.0,,,,,,,0,850,129.51,35.83
1998-02-06,,,,,,0.0,,,,,,,0,850,129.51,35.83
1998-02-07,6.9,1.8,1998-02-06 22:26:00+00:00,13.1,1998-02-07 05:03:00+00:00,0.0,,,6.4,,0.7,196.3,0,850,129.51,35.83
1998-02-08,0.4,-2.6,1998-02-07 21:46:00+00:00,4.9,1998-02-07 15:01:00+00:00,0.0,,,13.8,,2.5,250.2,0,850,129.51,35.83
1998-02-09,1.7,-4.0,1998-02-08 19:40:00+00:00,7.1,1998-02-09 03:01:00+00:00,0.0,,,8.8,,1.6,249.7,0,850,129.51,35.83
1998-02-10,2.5,-0.9,1998-02-09 20:55:00+00:00,8.7,1998-02-10 05:05:00+00:00,1.0,,,7.3,,1.0,294.3,0,850,129.51,35.83
1998-02-11,7.8,-0.3,1998-02-10 21:39:00+00:00,12.7,1998-02-11 02:47:00+00:00,0.0,,,13.2,,2.1,149.8,0,850,129.51,35.83
1998-02-12,15.6,10.7,1998-02-12 14:48:00+00:00,22.3,1998-02-12 05:18:00+00:00,0.0,,,8.2,,1.3,246.5,0,850,129.51,35.83
1998-02-13,11.9,8.3,1998-02-12 18:57:00+00:00,16.3,1998-02-13 04:12:00+00:00,0.0,,,5.7,,1.2,287.7,0,850,129.51,35.83
1998-02-14,7.5,5.7,1998-02-14 09:34:00+00:00,10.2,1998-02-13 15:01:00+00:00,5.0,,,15.5,,4.9,353.3,0,850,129.51,35.83
1998-02-15,5.9,4.5,1998-02-14 20:04:00+00:00,9.8,1998-02-15 05:00:00+00:00,4.5,,,11.4,,1.3,351.9,0,850,129.51,35.83
1998-02-16,7.2,2.1,1998-02-15 19:55:00+00:00,12.8,1998-02-16 05:44:00+00:00,0.0,,,5.3,,1.3,275.1,0,850,129.51,35.83
1998-02-17,6.4,4.9,1998-02-16 17:58:00+00:00,8.8,1998-02-17 04:36:00+00:00,0.0,,,12.9,,3.8,334.1,0,850,129.51,35.83
1998-02-18,7.6,4.3,1998-02-17 17:56:00+00:00,10.2,1998-02-18 04:21:00+00:00,0.0,,,8.3,,3.5,49.6,0,850,129.51,35.83
1998-02-19,11.1,7.3,1998-02-18 19:05:00+00:00,13.8,1998-02-19 03:46:00+00:00,5.0,,,7.0,,2.9,333.2,0,850,129.51,35.83
1998-02-20,10.4,7.5,1998-02-20 14:23:00+00:00,12.5,1998-02-19 18:47:00+00:00,41.5,,,17.9,,6.8,334.6,0,850,129.51,35.83
1998-02-21,7.3,6.2,1998-02-21 13:55:00+00:00,8.5,1998-02-20 19:46:00+00:00,0.0,,,21.5,,13.1,334.1,0,850,129.51,35.83
1998-02-22,6.9,6.0,1998-02-21 17:58:00+00:00,7.9,1998-02-22 05:20:00+00:00,0.0,,,16.9,,9.4,350.0,0,850,129.51,35.83
1998-02-23,8.6,6.8,1998-02-22 15:02:00+00:00,9.8,1998-02-23 06:33:00+00:00,0.5,,,11.4,,6.2,356.2,0,850,129.51,35.83
1998-02-24,7.9,7.3,1998-02-24 09:53:00+00:00,9.1,1998-02-23 17:27:00+00:00,16.5,,,17.8,,7.6,332.7,0,850,129.51,35.83
1998-02-25,7.2,5.1,1998-02-25 14:58:00+00:00,9.2,1998-02-25 02:24:00+00:00,0.0,,,13.9,,4.7,336.5,0,850,129.51,35.83
1998-02-26,8.2,3.7,1998-02-25 20:26:00+00:00,13.1,1998-02-26 03:56:00+00:00,0.0,,,6.0,,1.6,143.3,0,850,129.51,35.83
1998-02-27,10.0,5.8,1998-02-26 19:25:00+00:00,14.8,1998-02-27 02:14:00+00:00,0.0,,,7.0,,1.2,265.1,0,850,129.51,35.83
1998-02-28,7.4,4.1,1998-02-27 21:56:00+00:00,10.6,1998-02-28 05:48:00+00:00,0.0,,,13.8,,3.3,253.0,0,850,129.51,35.83
1998-03-01,7.4,4.7,1998-02-28 17:04:00+00:00,11.5,1998-03-01 03:24:00+00:00,0.0,,,11.3,,3.7,337.4,0,850,129.51,35.83
1998-03-02,8.9,3.0,1998-03-01 20:38:00+00:00,14.2,1998-03-02 03:23:00+00:00,0.0,,,7.3,,2.1,143.3,0,850,129.51,35.83
1998-03-03,10.4,4.5,1998-03-02 17:26:00+00:00,16.7,1998-03-03 03:56:00+00:00,0.0,,,6.8,,1.9,257.7,0,850,129.51,35.83
1998-03-04,10.7,8.8,1998-03-03 19:33:00+00:00,13.3,1998-03-04 02:54:00+00:00,0.0,,,13.4,,5.9,351.9,0,850,129.51,35.83
1998-03-05,9.4,6.8,1998-03-05 12:46:00+00:00,12.7,1998-03-05 03:57:00+00:00,0.0,,,12.1,,4.3,331.8,0,850,129.51,35.83
1998-03-06,11.8,5.6,1998-03-05 18:49:00+00:00,18.5,1998-03-06 05:12:00+00:00,0.0,,,8.0,,1.5,246.0,0,850,129.51,35.83
1998-03-07,8.3,5.7,1998-03-07 14:16:00+00:00,10.8,1998-03-07 03:25:00+00:00,0.0,,,16.4,,6.4,335.6,0,850,129.51,35.83
1998-03-08,7.7,2.9,1998-03-07 21:49:00+00:00,11.3,1998-03-08 02:09:00+00:00,0.0,,,6.2,,1.5,147.1,0,850,129.51,35.83
1998-03-09,10.3,7.2,1998-03-08 15:01:00+00:00,13.8,1998-03-09 00:49:00+00:00,0.0,,,18.0,,7.8,14.0,0,850,129.51,35.83
1998-03-10,8.0,7.2,1998-03-09 17:22:00+00:00,9.2,1998-03-10 13:49:00+00:00,0.0,,,18.6,,11.4,359.5,0,850,129.51,35.83
1998-03-11,7.7,6.3,1998-03-11 11:52:00+00:00,9.2,1998-03-11 02:34:00+00:00,7.0,,,13.1,,6.9,14.0,0,850,129.51,35.83
1998-03-12,8.6,5.6,1998-03-11 20:33:00+00:00,14.3,1998-03-12 05:04:00+00:00,0.0,,,8.2,,1.2,269.0,0,850,129.51,35.83
1998-03-13,11.5,5.3,1998-03-12 20:41:00+00:00,18.2,1998-03-13 06:35:00+00:00,0.0,,,9.9,,1.2,291.0,0,850,129.51,35.83
1998-03-14,10.7,4.0,1998-03-14 14:57:00+00:00,16.9,1998-03-14 05:45:00+00:00,0.0,,,12.0,,2.3,274.9,0,850,129.51,35.83
1998-03-15,5.3,-0.6,1998-03-14 20:14:00+00:00,11.2,1998-03-15 06:19:00+00:00,0.0,,,13.9,,2.5,287.3,0,850,129.51,35.83
1998-03-16,8.9,4.5,1998-03-15 19:02:00+00:00,15.0,1998-03-16 05:41:00+00:00,0.0,,,8.1,,1.5,280.7,0,850,129.51,35.83
1998-03-17,9.3,4.8,1998-03-16 17:06:00+00:00,13.3,1998-03-17 02:48:00+00:00,0.0,,,9.2,,3.5,348.6,0,850,129.51,35.83
1998-03-18,10.5,7.1,1998-03-17 21:11:00+00:00,12.7,1998-03-18 02:31:00+00:00,0.0,,,9.5,,2.8,130.2,0,850,129.51,35.83
1998-03-19,13.4,,,,,6.0,,,,,,,0,850,129.51,35.83
1998-03-20,3.6,2.1,1998-03-19 22:33:00+00:00,11.2,1998-03-19 15:01:00+00:00,0.0,,,11.3,,2.5,230.8,0,850,129.51,35.83
1998-03-21,5.2,0.2,1998-03-20 18:33:00+00:00,11.5,1998-03-21 05:14:00+00:00,0.0,,,7.2,,1.3,285.4,0,850,129.51,35.83
1998-03-22,5.2,0.5,1998-03-21 21:20:00+00:00,11.8,1998-03-22 06:59:00+00:00,0.0,,,10.3,,1.6,294.8,0,850,129.51,35.83
1998-03-23,7.2,2.2,1998-03-22 15:13:00+00:00,12.3,1998-03-23 03:08:00+00:00,0.0,,,6.2,,1.7,165.4,0,850,129.51,35.83
1998-03-24,,,,,,0.0,,,,,,,0,850,129.51,35.83
1998-03-25,12.3,9.2,1998-03-25 14:38:00+00:00,18.2,1998-03-25 05:08:00+00:00,0.0,,,7.3,,1.7,290.1,0,850,129.51,35.83
1998-03-26,,,,,,,,,,,,,0,850,129.51,35.83
1998-03-27,12.0,8.2,1998-03-26 15:10:00+00:00,16.2,1998-03-27 06:01:00+00:00,5.5,,,7.9,,0.7,199.1,0,850,129.51,35.83
1998-03-28,14.0,9.1,1998-03-27 21:46:00+00:00,17.7,1998-03-28 02:57:00+00:00,0.0,,,5.2,,1.1,152.7,0,850,129.51,35.83
1998-03-29,15.3,10.5,1998-03-28 21:59:00+00:00,22.5,1998-03-29 01:59:00+00:00,0.0,,,7.3,,1.6,146.6,0,850,129.51,35.83
1998-03-30,16.3,11.2,1998-03-30 14:05:00+00:00,21.0,1998-03-30 00:27:00+00:00,0.0,,,9.9,,2.0,335.1,0,850,129.51,35.83
1998-03-31,12.3,9.9,1998-03-30 19:09:00+00:00,14.0,1998-03-31 03:43:00+00:00,0.0,,,11.3,,3.2,347.3,0,850,129.51,35.83
1998-04-01,8.1,6.1,1998-04-01 13:25:00+00:00,12.5,1998-03-31 15:02:00+00:00,19.5,,,18.2,,10.4,357.6,0,850,129.51,35.83
1998-04-02,6.8,4.1,1998-04-01 21:46:00+00:00,9.9,1998-04-02 07:14:00+00:00,1.0,,,16.4,,3.4,351.5,0,850,129.51,35.83
1998-04-03,9.7,3.2,1998-04-02 20:34:00+00:00,15.3,1998-04-03 03:06:00+00:00,0.0,,,6.5,,1.8,128.3,0,850,129.51,35.83
1998-04-04,13.2,7.6,1998-04-03 21:21:00+00:00,15.9,1998-04-04 01:50:00+00:00,0.0,,,8.3,,2.4,129.7,0,850,129.51,35.83
1998-04-05,13.4,12.0,1998-04-04 20:23:00+00:00,14.6,1998-04-05 00:44:00+00:00,18.5,,,6.3,,1.5,67.5,0,850,129.51,35.83
1998-04-06,12.2,10.0,1998-04-06 14:26:00+00:00,13.4,1998-04-05 17:30:00+00:00,5.0,,,13.2,,4.6,331.8,0,850,129.51,35.83
1998-04-07,13.2,8.9,1998-04-06 21:12:00+00:00,17.4,1998-04-07 02:23:00+00:00,0.0,,,4.3,,1.6,174.8,0,850,129.51,35.83
1998-04-08,13.6,11.6,1998-04-07 20:56:00+00:00,15.4,1998-04-08 05:54:00+00:00,0.5,,,5.4,,1.3,34.1,0,850,129.51,35.83
1998-04-09,13.1,11.0,1998-04-09 14:04:00+00:00,15.4,1998-04-09 06:12:00+00:00,0.0,,,7.9,,2.9,348.6,0,850,129.51,35.83
1998-04-10,15.0,9.6,1998-04-09 18:47:00+00:00,19.3,1998-04-10 00:43:00+00:00,0.0,,,6.6,,1.3,165.4,0,850,129.51,35.83
1998-04-11,16.9,13.5,1998-04-10 20:56:00+00:00,22.8,1998-04-11 04:02:00+00:00,0.0,,,7.9,,1.4,351.9,0,850,129.51,35.83
1998-04-12,15.6,13.4,1998-04-11 19:10:00+00:00,18.5,1998-04-12 10:26:00+00:00,5.5,,,10.9,,2.6,145.7,0,850,129.51,35.83
1998-04-13,14.4,12.3,1998-04-13 14:44:00+00:00,18.8,1998-04-12 17:45:00+00:00,3.5,,,11.1,,3.1,139.1,0,850,129.51,35.83
1998-04-14,14.5,12.0,1998-04-13 20:32:00+00:00,19.8,1998-04-14 03:15:00+00:00,0.0,,,5.1,,1.4,348.6,0,850,129.51,35.83
1998-04-15,12.9,10.8,1998-04-15 14:08:00+00:00,15.4,1998-04-15 04:52:00+00:00,0.0,,,7.7,,3.4,349.6,0,850,129.51,35.83
1998-04-16,13.7,10.8,1998-04-15 15:01:00+00:00,19.3,1998-04-16 04:34:00+00:00,0.0,,,4.4,,1.9,16.8,0,850,129.51,35.83
1998-04-17,13.4,11.6,1998-04-16 20:53:00+00:00,17.4,1998-04-17 02:49:00+00:00,2.5,,,7.3,,2.8,339.8,0,850,129.51,35.83
1998-04-18,14.6,11.0,1998-04-17 22:50:00+00:00,19.8,1998-04-18 06:00:00+00:00,2.5,,,5.3,,1.7,67.0,0,850,129.51,35.83
1998-04-19,16.7,12.8,1998-04-18 15:09:00+00:00,23.2,1998-04-19 01:50:00+00:00,0.0,,,6.3,,1.2,123.7,0,850,129.51,35.83
1998-04-20,17.7,13.8,1998-04-19 19:02:00+00:00,21.2,1998-04-20 04:10:00+00:00,0.0,,,7.6,,1.2,145.6,0,850,129.51,35.83
1998-04-21,19.7,15.8,1998-04-20 19:05:00+00:00,25.4,1998-04-21 03:19:00+00:00,0.0,,,8.3,,2.4,185.5,0,850,129.51,35.83
1998-04-22,16.3,15.1,1998-04-21 18:19:00+00:00,17.6,1998-04-22 02:58:00+00:00,4.0,,,6.3,,2.8,144.8,0,850,129.51,35.83
1998-04-23,17.6,15.1,1998-04-22 23:23:00+00:00,22.8,1998-04-23 07:35:00+00:00,5.0,,,4.8,,0.8,146.6,0,850,129.51,35.83
1998-04-24,18.9,15.1,1998-04-24 14:52:00+00:00,24.1,1998-04-24 02:24:00+00:00,0.0,,,11.2,,1.3,339.3,0,850,129.51,35.83
1998-04-25,13.0,12.0,1998-04-25 14:25:00+00:00,15.1,1998-04-24 15:01:00+00:00,0.0,,,13.6,,5.6,334.6,0,850,129.51,35.83
1998-04-26,14.6,10.4,1998-04-25 20:25:00+00:00,19.9,1998-04-26 04:04:00+00:00,0.0,,,4.6,,1.9,297.6,0,850,129.51,35.83
1998-04-27,15.2,11.6,1998-04-26 15:23:00+00:00,20.1,1998-04-27 03:14:00+00:00,0.0,,,3.6,,1.3,329.2,0,850,129.51,35.83
1998-04-28,16.1,11.2,1998-04-27 20:27:00+00:00,20.5,1998-04-28 06:31:00+00:00,0.0,,,3.7,,0.6,162.1,0,850,129.51,35.83
1998-04-29,17.2,15.0,1998-04-29 12:19:00+00:00,20.5,1998-04-28 22:07:00+00:00,0.0,,,10.9,,3.3,350.0,0,850,129.51,35.83
1998-04-30,16.6,13.8,1998-04-29 18:27:00+00:00,18.9,1998-04-30 02:19:00+00:00,0.0,,,8.8,,3.1,340.7,0,850,129.51,35.83
1998-05-01,16.2,13.9,1998-04-30 19:34:00+00:00,18.9,1998-05-01 14:45:00+00:00,9.0,,,7.6,,1.8,163.5,0,850,129.51,35.83
1998-05-02,17.8,13.9,1998-05-02 14:54:00+00:00,21.4,1998-05-02 07:45:00+00:00,9.0,,,15.2,,5.6,163.1,0,850,129.51,35.83
1998-05-03,14.5,12.0,1998-05-03 14:52:00+00:00,16.3,1998-05-03 02:47:00+00:00,0.0,,,8.1,,3.2,337.9,0,850,129.51,35.83
1998-05-04,14.9,11.9,1998-05-03 16:00:00+00:00,22.7,1998-05-04 03:18:00+00:00,3.5,,,4.8,,3.0,341.6,0,850,129.51,35.83
1998-05-05,16.0,11.9,1998-05-04 18:25:00+00:00,20.2,1998-05-05 06:11:00+00:00,0.0,,,4.2,,1.9,286.8,0,850,129.51,35.83
1998-05-06,18.0,13.4,1998-05-05 18:16:00+00:00,24.1,1998-05-06 04:39:00+00:00,0.0,,,5.0,,1.1,142.0,0,850,129.51,35.83
1998-05-07,19.1,17.3,1998-05-06 16:06:00+00:00,22.8,1998-05-07 00:30:00+00:00,0.0,,,5.2,,2.0,109.1,0,850,129.51,35.83
1998-05-08,16.4,13.2,1998-05-08 14:35:00+00:00,20.0,1998-05-07 18:34:00+00:00,0.5,,,7.7,,2.2,347.2,0,850,129.51,35.83
1998-05-09,17.0,12.3,1998-05-08 20:27:00+00:00,20.6,1998-05-09 13:20:00+00:00,0.0,,,4.9,,1.2,193.0,0,850,129.51,35.83
1998-05-10,17.3,14.5,1998-05-10 13:19:00+00:00,20.3,1998-05-09 17:21:00+00:00,1.0,,,5.0,,1.3,336.5,0,850,129.51,35.83
1998-05-11,13.3,12.0,1998-05-11 02:54:00+00:00,16.2,1998-05-10 19:34:00+00:00,18.0,,,8.4,,4.0,0.0,0,850,129.51,35.83
1998-05-12,15.5,12.3,1998-05-11 16:25:00+00:00,21.2,1998-05-12 06:46:00+00:00,17.5,,,6.5,,1.7,75.8,0,850,129.51,35.83
1998-05-13,17.3,13.4,1998-05-12 19:54:00+00:00,22.6,1998-05-13 02:53:00+00:00,0.0,,,7.8,,1.3,285.4,0,850,129.51,35.83
1998-05-14,17.7,12.2,1998-05-13 19:13:00+00:00,23.7,1998-05-14 05:12:00+00:00,0.0,,,4.8,,1.1,286.8,0,850,129.51,35.83
1998-05-15,17.9,15.2,1998-05-14 19:28:00+00:00,22.1,1998-05-15 04:24:00+00:00,0.0,,,7.0,,3.1,335.1,0,850,129.51,35.83
1998-05-16,16.4,15.0,1998-05-15 23:49:00+00:00,17.8,1998-05-16 04:43:00+00:00,31.5,,,8.2,,2.3,8.3,0,850,129.51,35.83
1998-05-17,18.4,16.4,1998-05-16 20:25:00+00:00,23.3,1998-05-17 01:49:00+00:00,0.0,,,6.2,,1.5,127.9,0,850,129.51,35.83
1998-05-18,20.0,16.6,1998-05-17 16:13:00+00:00,26.6,1998-05-18 02:25:00+00:00,0.0,,,8.2,,1.9,133.0,0,850,129.51,35.83
1998-05-19,21.5,16.1,1998-05-19 14:59:00+00:00,27.1,1998-05-19 00:57:00+00:00,0.0,,,6.5,,1.3,290.5,0,850,129.51,35.83
1998-05-20,18.9,15.1,1998-05-19 17:46:00+00:00,25.0,1998-05-20 08:31:00+00:00,0.0,,,4.2,,0.6,348.6,0,850,129.51,35.83
1998-05-21,20.9,14.9,1998-05-20 16:40:00+00:00,26.8,1998-05-21 05:55:00+00:00,0.0,,,2.7,,0.6,14.4,0,850,129.51,35.83
1998-05-22,20.8,15.5,1998-05-21 19:02:00+00:00,26.4,1998-05-22 06:08:00+00:00,0.0,,,3.4,,0.7,134.9,0,850,129.51,35.83
1998-05-23,21.2,18.0,1998-05-22 19:42:00+00:00,26.4,1998-05-23 03:27:00+00:00,0.0,,,5.9,,0.9,349.1,0,850,129.51,35.83
1998-05-24,19.7,17.6,1998-05-23 17:28:00+00:00,22.3,1998-05-24 03:15:00+00:00,0.0,,,3.9,,0.7,174.3,0,850,129.51,35.83
1998-05-25,17.8,15.1,1998-05-25 14:05:00+00:00,21.3,1998-05-25 04:28:00+00:00,1.5,,,9.4,,2.6,337.5,0,850,129.51,35.83
1998-05-26,18.6,14.1,1998-05-25 19:52:00+00:00,22.8,1998-05-26 02:00:00+00:00,0.0,,,4.5,,1.4,164.5,0,850,129.51,35.83
1998-05-27,20.2,14.7,1998-05-26 17:54:00+00:00,27.2,1998-05-27 05:42:00+00:00,0.0,,,2.7,,0.6,127.9,0,850,129.51,35.83
1998-05-28,18.5,15.1,1998-05-27 19:56:00+00:00,23.7,1998-05-28 01:21:00+00:00,0.0,,,4.6,,0.8,163.0,0,850,129.51,35.83
1998-05-29,20.8,16.1,1998-05-28 20:10:00+00:00,26.1,1998-05-29 04:46:00+00:00,0.0,,,4.6,,0.9,289.1,0,850,129.51,35.83
1998-05-30,21.1,14.7,1998-05-29 19:08:00+00:00,29.9,1998-05-30 04:51:00+00:00,0.0,,,7.6,,1.4,283.0,0,850,129.51,35.83
1998-05-31,20.5,13.9,1998-05-30 19:57:00+00:00,27.3,1998-05-31 02:16:00+00:00,0.0,,,6.2,,1.3,289.1,0,850,129.51,35.83
1998-06-01,22.2,17.6,1998-05-31 15:07:00+00:00,26.4,1998-06-01 03:42:00+00:00,0.0,,,10.3,,1.7,188.8,0,850,129.51,35.83
1998-06-02,16.2,14.8,1998-06-01 20:31:00+00:00,18.0,1998-06-01 15:02:00+00:00,12.0,,,11.5,,4.6,67.9,0,850,129.51,35.83
1998-06-03,19.0,14.6,1998-06-02 15:00:00+00:00,24.9,1998-06-03 04:31:00+00:00,0.5,,,8.1,,1.8,241.3,0,850,129.51,35.83
1998-06-04,15.3,14.2,1998-06-03 15:42:00+00:00,17.7,1998-06-04 07:39:00+00:00,0.0,,,5.3,,2.0,274.6,0,850,129.51,35.83
1998-06-05,15.2,14.3,1998-06-05 14:25:00+00:00,16.7,1998-06-05 03:32:00+00:00,0.5,,,8.3,,2.9,333.6,0,850,129.51,35.83
1998-06-06,15.8,13.5,1998-06-06 14:39:00+00:00,19.1,1998-06-06 05:24:00+00:00,0.5,,,6.9,,3.5,349.1,0,850,129.51,35.83
1998-06-07,17.4,12.8,1998-06-06 19:11:00+00:00,24.3,1998-06-07 06:22:00+00:00,0.0,,,4.4,,2.1,284.4,0,850,129.51,35.83
1998-06-08,19.0,14.7,1998-06-07 19:33:00+00:00,21.4,1998-06-08 01:43:00+00:00,0.0,,,5.8,,2.0,132.1,0,850,129.51,35.83
1998-06-09,19.0,18.2,1998-06-08 21:27:00+00:00,20.6,1998-06-08 23:57:00+00:00,9.0,,,7.5,,3.0,137.8,0,850,129.51,35.83
1998-06-10,18.7,17.8,1998-06-09 16:58:00+00:00,21.0,1998-06-10 06:49:00+00:00,3.0,,,8.1,,3.5,348.2,0,850,129.51,35.83
1998-06-11,20.0,16.8,1998-06-11 14:56:00+00:00,24.5,1998-06-11 05:20:00+00:00,0.0,,,4.6,,2.0,331.3,0,850,129.51,35.83
1998-06-12,20.1,16.3,1998-06-11 15:38:00+00:00,24.4,1998-06-12 03:04:00+00:00,0.0,,,5.3,,2.6,354.3,0,850,129.51,35.83
1998-06-13,18.3,17.6,1998-06-12 23:14:00+00:00,19.1,1998-06-12 15:04:00+00:00,0.0,,,15.8,,6.9,22.0,0,850,129.51,35.83
1998-06-14,,,,,,,,,,,,,0,850,129.51,35.83
1998-06-15,19.2,15.3,1998-06-14 20:17:00+00:00,21.7,1998-06-15 02:05:00+00:00,13.0,,,5.6,,1.6,25.7,0,850,129.51,35.83
1998-06-16,20.4,17.8,1998-06-15 15:34:00+00:00,23.3,1998-06-16 02:05:00+00:00,0.0,,,3.5,,0.5,0.0,0,850,129.51,35.83
1998-06-17,19.9,17.4,1998-06-16 19:08:00+00:00,23.0,1998-06-17 04:36:00+00:00,0.0,,,5.7,,2.9,5.5,0,850,129.51,35.83
1998-06-18,20.1,17.1,1998-06-17 17:34:00+00:00,23.0,1998-06-18 03:08:00+00:00,0.0,,,5.5,,2.1,5.5,0,850,129.51,35.83
1998-06-19,20.1,18.6,1998-06-19 00:59:00+00:00,23.6,1998-06-19 06:40:00+00:00,9.0,,,5.2,,0.8,5.5,0,850,129.51,35.83
1998-06-20,21.7,18.5,1998-06-19 20:07:00+00:00,26.3,1998-06-20 00:38:00+00:00,0.0,,,6.2,,1.8,5.5,0,850,129.51,35.83
1998-06-21,20.3,19.8,1998-06-21 13:19:00+00:00,21.4,1998-06-21 01:03:00+00:00,0.5,,,7.1,,5.7,5.5,0,850,129.51,35.83
1998-06-22,19.7,18.8,1998-06-22 14:15:00+00:00,21.3,1998-06-22 01:48:00+00:00,0.0,,,7.3,,6.5,5.5,0,850,129.51,35.83
1998-06-23,19.5,18.6,1998-06-22 18:13:00+00:00,22.2,1998-06-23 03:57:00+00:00,0.0,,,7.0,,5.0,5.5,0,850,129.51,35.83
1998-06-24,19.4,18.2,1998-06-23 17:13:00+00:00,20.6,1998-06-24 00:33:00+00:00,19.5,,,6.4,,2.1,5.5,0,850,129.51,35.83
1998-06-25,21.2,19.3,1998-06-24 15:01:00+00:00,23.3,1998-06-25 11:01:00+00:00,74.0,,,6.9,,1.2,0.0,0,850,129.51,35.83
1998-06-26,21.2,19.0,1998-06-26 13:00:00+00:00,24.0,1998-06-26 03:27:00+00:00,10.5,,,6.9,,3.7,0.0,0,850,129.51,35.83
1998-06-27,20.8,19.2,1998-06-27 00:29:00+00:00,24.5,1998-06-27 13:27:00+00:00,11.0,,,5.0,,0.5,0.0,0,850,129.51,35.83
1998-06-28,21.7,18.9,1998-06-27 18:01:00+00:00,25.3,1998-06-28 06:00:00+00:00,4.5,,,3.4,,0.0,0.0,0,850,129.51,35.83
1998-06-29,22.8,17.8,1998-06-29 14:35:00+00:00,28.7,1998-06-29 00:26:00+00:00,0.0,,,3.4,,0.0,0.0,0,850,129.51,35.83
1998-06-30,20.1,16.5,1998-06-29 19:14:00+00:00,24.8,1998-06-30 03:23:00+00:00,3.5,,,5.4,,0.9,0.0,0,850,129.51,35.83
1998-07-01,20.1,17.2,1998-07-01 14:56:00+00:00,26.4,1998-07-01 03:54:00+00:00,2.0,,,7.1,,3.2,0.0,0,850,129.51,35.83
1998-07-02,19.6,16.8,1998-07-01 20:54:00+00:00,22.9,1998-07-02 02:46:00+00:00,0.0,,,6.3,,1.7,0.0,0,850,129.51,35.83
1998-07-03,19.7,17.2,1998-07-03 14:32:00+00:00,22.9,1998-07-03 10:43:00+00:00,0.0,,,6.1,,1.8,0.0,0,850,129.51,35.83
1998-07-04,21.8,16.5,1998-07-03 17:02:00+00:00,26.8,1998-07-04 02:17:00+00:00,14.5,,,5.1,,0.4,0.0,0,850,129.51,35.83
1998-07-05,22.1,18.4,1998-07-04 18:08:00+00:00,26.0,1998-07-05 05:07:00+00:00,0.0,,,3.6,,0.1,0.0,0,850,129.51,35.83
1998-07-06,,,,,,0.0,,,,,,,0,850,129.51,35.83
1998-07-07,,,,,,0.0,,,,,,,0,850,129.51,35.83
1998-07-08,19.9,15.9,1998-07-07 16:45:00+00:00,24.2,1998-07-07 23:27:00+00:00,0.0,,,5.7,,1.6,0.0,0,850,129.51,35.83
1998-07-09,21.2,16.5,1998-07-09 12:36:00+00:00,30.1,1998-07-09 03:55:00+00:00,0.0,,,5.2,,0.8,0.0,0,850,129.51,35.83
1998-07-10,21.6,17.8,1998-07-10 03:14:00+00:00,24.8,1998-07-10 12:06:00+00:00,0.0,,,3.9,,0.7,354.2,0,850,129.51,35.83
1998-07-11,20.5,18.1,1998-07-11 13:10:00+00:00,24.3,1998-07-10 16:14:00+00:00,12.0,,,8.2,,1.8,354.8,0,850,129.51,35.83
1998-07-12,20.9,18.8,1998-07-11 19:57:00+00:00,23.6,1998-07-12 03:18:00+00:00,0.0,,,8.4,,3.1,357.6,0,850,129.51,35.83
1998-07-13,21.2,19.4,1998-07-12 17:00:00+00:00,24.0,1998-07-13 06:42:00+00:00,0.0,,,11.0,,3.8,0.4,0,850,129.51,35.83
1998-07-14,22.1,19.4,1998-07-13 15:33:00+00:00,27.2,1998-07-14 02:15:00+00:00,1.5,,,5.3,,2.4,309.8,0,850,129.51,35.83
1998-07-15,21.9,19.9,1998-07-14 18:58:00+00:00,23.6,1998-07-15 02:53:00+00:00,25.5,,,9.4,,1.7,106.7,0,850,129.51,35.83
1998-07-16,22.1,19.9,1998-07-16 13:51:00+00:00,23.3,1998-07-15 16:04:00+00:00,38.0,,,11.6,,5.0,27.2,0,850,129.51,35.83
1998-07-17,20.4,19.0,1998-07-16 17:17:00+00:00,21.4,1998-07-17 09:09:00+00:00,0.0,,,14.0,,4.3,321.5,0,850,129.51,35.83
1998-07-18,22.3,20.2,1998-07-17 17:37:00+00:00,25.2,1998-07-18 04:08:00+00:00,2.5,,,9.7,,4.8,358.5,0,850,129.51,35.83
1998-07-19,24.2,20.6,1998-07-18 18:24:00+00:00,30.6,1998-07-19 08:16:00+00:00,23.5,,,8.5,,2.6,310.7,0,850,129.51,35.83
1998-07-20,24.8,20.9,1998-07-19 19:47:00+00:00,30.3,1998-07-20 03:44:00+00:00,0.0,,,6.0,,2.0,58.0,0,850,129.51,35.83
1998-07-21,23.0,21.4,1998-07-21 12:28:00+00:00,24.6,1998-07-21 05:04:00+00:00,14.0,,,10.0,,2.4,3.7,0,850,129.51,35.83
1998-07-22,22.7,21.1,1998-07-21 16:36:00+00:00,25.6,1998-07-22 03:58:00+00:00,12.0,,,11.2,,3.3,0.0,0,850,129.51,35.83
1998-07-23,24.0,21.3,1998-07-22 18:27:00+00:00,27.7,1998-07-23 02:41:00+00:00,0.5,,,11.9,,4.9,3.2,0,850,129.51,35.83
1998-07-24,23.9,23.0,1998-07-23 18:25:00+00:00,25.6,1998-07-24 03:33:00+00:00,0.0,,,14.1,,9.2,2.7,0,850,129.51,35.83
1998-07-25,23.1,21.3,1998-07-24 18:11:00+00:00,24.2,1998-07-25 14:36:00+00:00,42.5,,,18.0,,9.4,3.2,0,850,129.51,35.83
1998-07-26,23.5,22.3,1998-07-26 10:26:00+00:00,25.3,1998-07-26 02:47:00+00:00,39.0,,,14.2,,6.4,67.4,0,850,129.51,35.83
1998-07-27,23.8,22.0,1998-07-27 14:44:00+00:00,27.6,1998-07-27 04:06:00+00:00,2.5,,,12.0,,4.3,323.3,0,850,129.51,35.83
1998-07-28,22.4,21.3,1998-07-28 14:03:00+00:00,23.5,1998-07-28 05:42:00+00:00,18.5,,,8.3,,2.2,2.3,0,850,129.51,35.83
1998-07-29,22.4,21.3,1998-07-28 15:01:00+00:00,24.4,1998-07-29 04:48:00+00:00,0.0,,,8.8,,3.3,0.9,0,850,129.51,35.83
1998-07-30,22.9,20.2,1998-07-30 08:30:00+00:00,26.3,1998-07-30 03:50:00+00:00,0.0,,,5.2,,1.9,0.9,0,850,129.51,35.83
1998-07-31,23.5,21.7,1998-07-30 20:21:00+00:00,25.6,1998-07-31 03:18:00+00:00,0.0,,,4.6,,1.1,358.1,0,850,129.51,35.83
1998-08-01,24.1,23.3,1998-08-01 11:38:00+00:00,26.0,1998-08-01 07:28:00+00:00,86.0,,,18.0,,4.6,166.8,0,850,129.51,35.83
1998-08-02,23.4,22.5,1998-08-01 20:58:00+00:00,25.6,1998-08-02 01:40:00+00:00,5.5,,,7.9,,2.1,141.5,0,850,129.51,35.83
1998-08-03,25.3,23.1,1998-08-03 12:24:00+00:00,29.1,1998-08-03 07:40:00+00:00,0.5,,,8.1,,2.0,179.5,0,850,129.51,35.83
1998-08-04,26.3,23.5,1998-08-03 17:50:00+00:00,29.6,1998-08-04 03:16:00+00:00,0.0,,,5.0,,1.4,179.9,0,850,129.51,35.83
1998-08-05,26.4,23.6,1998-08-04 20:48:00+00:00,31.6,1998-08-05 05:44:00+00:00,0.0,,,9.2,,2.6,143.8,0,850,129.51,35.83
1998-08-06,25.8,23.5,1998-08-06 14:36:00+00:00,30.2,1998-08-06 07:25:00+00:00,5.5,,,7.7,,1.3,312.6,0,850,129.51,35.83
1998-08-07,25.5,23.3,1998-08-06 15:07:00+00:00,30.9,1998-08-07 03:21:00+00:00,0.0,,,12.4,,2.4,359.5,0,850,129.51,35.83
1998-08-08,25.5,23.7,1998-08-07 16:42:00+00:00,29.8,1998-08-08 04:48:00+00:00,17.5,,,7.0,,2.3,358.1,0,850,129.51,35.83
1998-08-09,26.1,23.9,1998-08-08 18:35:00+00:00,31.1,1998-08-09 03:19:00+00:00,41.5,,,6.1,,2.0,1.3,0,850,129.51,35.83
1998-08-10,25.6,23.7,1998-08-09 20:19:00+00:00,27.6,1998-08-10 00:45:00+00:00,0.0,,,5.9,,1.4,314.0,0,850,129.51,35.83
1998-08-11,27.1,25.0,1998-08-10 15:01:00+00:00,30.3,1998-08-11 00:40:00+00:00,1.0,,,10.1,,3.3,147.1,0,850,129.51,35.83
1998-08-12,26.8,25.1,1998-08-12 13:17:00+00:00,30.3,1998-08-12 02:21:00+00:00,0.5,,,7.2,,1.5,304.6,0,850,129.51,35.83
1998-08-13,25.4,24.0,1998-08-12 22:50:00+00:00,28.4,1998-08-13 06:54:00+00:00,7.0,,,7.4,,1.4,243.2,0,850,129.51,35.83
1998-08-14,,,,,,,,,,,,,0,850,129.51,35.83
1998-08-15,25.3,22.6,1998-08-15 11:45:00+00:00,28.0,1998-08-15 05:12:00+00:00,3.0,,,9.9,,3.6,164.0,0,850,129.51,35.83
1998-08-16,22.4,21.5,1998-08-16 06:14:00+00:00,24.4,1998-08-16 02:49:00+00:00,52.5,,,6.1,,1.7,0.4,0,850,129.51,35.83
1998-08-17,23.2,21.7,1998-08-16 18:02:00+00:00,26.4,1998-08-17 03:12:00+00:00,25.5,,,6.7,,2.0,358.5,0,850,129.51,35.83
1998-08-18,23.0,22.3,1998-08-17 19:17:00+00:00,24.0,1998-08-18 06:38:00+00:00,57.5,,,9.5,,2.7,324.3,0,850,129.51,35.83
1998-08-19,23.9,21.6,1998-08-18 20:28:00+00:00,29.5,1998-08-19 02:17:00+00:00,0.0,,,6.1,,1.7,143.3,0,850,129.51,35.83
1998-08-20,25.0,21.6,1998-08-19 19:53:00+00:00,29.8,1998-08-20 03:33:00+00:00,0.0,,,8.5,,1.6,310.7,0,850,129.51,35.83
1998-08-21,24.4,22.6,1998-08-20 20:47:00+00:00,27.2,1998-08-21 01:32:00+00:00,0.0,,,8.4,,3.6,17.2,0,850,129.51,35.83
1998-08-22,25.9,23.7,1998-08-21 16:02:00+00:00,29.4,1998-08-22 02:53:00+00:00,0.0,,,5.6,,2.5,358.1,0,850,129.51,35.83
1998-08-23,25.2,23.6,1998-08-22 20:33:00+00:00,27.6,1998-08-22 23:25:00+00:00,0.5,,,12.1,,2.9,145.7,0,850,129.51,35.83
1998-08-24,26.1,23.1,1998-08-23 20:15:00+00:00,32.2,1998-08-24 06:58:00+00:00,0.0,,,6.5,,1.5,128.3,0,850,129.51,35.83
1998-08-25,25.1,21.2,1998-08-24 20:51:00+00:00,30.7,1998-08-25 04:38:00+00:00,0.0,,,7.3,,1.5,98.8,0,850,129.51,35.83
1998-08-26,24.6,21.0,1998-08-25 20:21:00+00:00,29.5,1998-08-26 02:34:00+00:00,0.0,,,5.0,,1.5,89.5,0,850,129.51,35.83
1998-08-27,23.7,21.2,1998-08-26 20:20:00+00:00,28.7,1998-08-27 00:55:00+00:00,0.0,,,6.4,,1.8,0.9,0,850,129.51,35.83
1998-08-28,23.5,20.7,1998-08-27 18:38:00+00:00,26.8,1998-08-28 01:31:00+00:00,0.0,,,9.4,,4.1,1.3,0,850,129.51,35.83
1998-08-29,22.8,20.6,1998-08-28 18:56:00+00:00,25.4,1998-08-29 02:41:00+00:00,0.0,,,10.3,,4.7,358.1,0,850,129.51,35.83
1998-08-30,22.6,20.6,1998-08-29 20:48:00+00:00,26.3,1998-08-30 04:15:00+00:00,1.0,,,11.5,,4.3,2.3,0,850,129.51,35.83
1998-08-31,22.0,17.8,1998-08-31 14:57:00+00:00,26.3,1998-08-31 05:19:00+00:00,0.0,,,9.5,,5.1,0.9,0,850,129.51,35.83
1998-09-01,20.9,10.7,1998-09-01 03:42:00+00:00,24.8,1998-09-01 00:39:00+00:00,0.0,,,8.4,,3.8,0.9,0,850,129.51,35.83
1998-09-02,15.7,9.1,1998-09-02 10:24:00+00:00,22.1,1998-09-02 00:59:00+00:00,0.0,,,7.5,,3.4,30.4,0,850,129.51,35.83
1998-09-03,15.3,8.2,1998-09-02 15:45:00+00:00,20.2,1998-09-03 03:03:00+00:00,0.0,,,6.0,,1.8,75.8,0,850,129.51,35.83
1998-09-04,14.9,7.7,1998-09-03 16:37:00+00:00,20.5,1998-09-04 01:21:00+00:00,0.0,,,5.0,,1.7,135.4,0,850,129.51,35.83
1998-09-05,15.3,11.6,1998-09-04 22:38:00+00:00,18.0,1998-09-05 02:50:00+00:00,0.0,,,7.0,,1.9,185.5,0,850,129.51,35.83
1998-09-06,16.2,12.0,1998-09-05 20:30:00+00:00,23.6,1998-09-06 02:32:00+00:00,0.0,,,7.6,,2.4,151.3,0,850,129.51,35.83
1998-09-07,16.9,10.5,1998-09-06 22:49:00+00:00,23.6,1998-09-07 03:40:00+00:00,0.0,,,7.2,,1.7,146.2,0,850,129.51,35.83
1998-09-08,18.8,8.5,1998-09-07 23:22:00+00:00,24.4,1998-09-08 03:32:00+00:00,0.0,,,7.4,,2.0,319.1,0,850,129.51,35.83
1998-09-09,23.3,17.5,1998-09-08 21:04:00+00:00,28.9,1998-09-09 01:54:00+00:00,0.0,,,5.9,,2.6,313.1,0,850,129.51,35.83
1998-09-10,25.2,22.4,1998-09-09 18:29:00+00:00,29.8,1998-09-10 04:38:00+00:00,0.0,,,3.6,,1.1,136.3,0,850,129.51,35.83
1998-09-11,24.9,21.6,1998-09-11 14:46:00+00:00,29.5,1998-09-11 01:28:00+00:00,0.0,,,3.0,,0.8,93.7,0,850,129.51,35.83
1998-09-12,24.1,20.9,1998-09-11 19:35:00+00:00,27.5,1998-09-12 04:24:00+00:00,0.0,,,9.2,,3.2,2.3,0,850,129.51,35.83
1998-09-13,24.6,21.9,1998-09-12 20:30:00+00:00,28.2,1998-09-13 02:55:00+00:00,0.0,,,8.6,,4.0,1.3,0,850,129.51,35.83
1998-09-14,25.2,21.6,1998-09-13 20:23:00+00:00,30.5,1998-09-14 02:54:00+00:00,0.0,,,5.2,,2.2,321.9,0,850,129.51,35.83
1998-09-15,26.0,21.6,1998-09-15 13:02:00+00:00,32.3,1998-09-15 02:20:00+00:00,1.0,,,15.2,,1.9,358.1,0,850,129.51,35.83
1998-09-16,21.0,18.8,1998-09-16 14:12:00+00:00,25.2,1998-09-16 04:12:00+00:00,0.5,,,20.0,,6.6,358.5,0,850,129.51,35.83
1998-09-17,20.9,18.5,1998-09-16 20:15:00+00:00,23.7,1998-09-17 04:12:00+00:00,0.0,,,14.9,,6.6,359.9,0,850,129.51,35.83
1998-09-18,21.7,18.0,1998-09-17 19:15:00+00:00,24.3,1998-09-18 02:25:00+00:00,0.0,,,12.4,,6.4,4.6,0,850,129.51,35.83
1998-09-19,20.7,20.1,1998-09-18 17:51:00+00:00,22.6,1998-09-18 15:03:00+00:00,2.5,,,11.9,,4.3,359.5,0,850,129.51,35.83
1998-09-20,22.3,20.3,1998-09-19 18:43:00+00:00,23.8,1998-09-20 06:58:00+00:00,3.0,,,7.8,,2.4,6.0,0,850,129.51,35.83
1998-09-21,24.1,20.7,1998-09-21 12:58:00+00:00,27.7,1998-09-21 06:00:00+00:00,5.0,,,8.7,,1.8,165.4,0,850,129.51,35.83
1998-09-22,21.0,17.6,1998-09-22 14:32:00+00:00,23.4,1998-09-22 03:18:00+00:00,4.0,,,19.5,,6.4,359.0,0,850,129.51,35.83
1998-09-23,20.4,17.6,1998-09-22 19:21:00+00:00,23.4,1998-09-23 01:31:00+00:00,2.5,,,11.9,,5.6,3.7,0,850,129.51,35.83
1998-09-24,20.2,19.1,1998-09-23 21:26:00+00:00,21.7,1998-09-24 04:06:00+00:00,3.0,,,12.7,,4.1,358.5,0,850,129.51,35.83
1998-09-25,22.8,19.8,1998-09-24 15:16:00+00:00,26.7,1998-09-25 05:50:00+00:00,0.0,,,6.7,,2.8,316.3,0,850,129.51,35.83
1998-09-26,22.1,20.6,1998-09-26 14:28:00+00:00,25.8,1998-09-26 06:27:00+00:00,0.0,,,4.6,,1.1,321.5,0,850,129.51,35.83
1998-09-27,22.3,20.3,1998-09-26 19:55:00+00:00,24.5,1998-09-27 02:36:00+00:00,0.0,,,8.9,,2.7,0.9,0,850,129.51,35.83
1998-09-28,21.0,20.3,1998-09-28 05:20:00+00:00,22.3,1998-09-28 13:35:00+00:00,3.5,,,13.7,,4.5,359.0,0,850,129.51,35.83
1998-09-29,20.3,18.7,1998-09-28 23:57:00+00:00,22.6,1998-09-29 14:26:00+00:00,99.0,,,17.3,,7.5,358.5,0,850,129.51,35.83
1998-09-30,22.2,20.7,1998-09-30 14:38:00+00:00,23.9,1998-09-30 08:14:00+00:00,163.5,,,27.3,,10.3,72.1,0,850,129.51,35.83
1998-10-01,22.4,20.7,1998-09-30 16:33:00+00:00,25.0,1998-10-01 02:25:00+00:00,2.5,,,24.7,,6.8,3.2,0,850,129.51,35.83
1998-10-02,21.1,17.5,1998-10-01 19:55:00+00:00,23.4,1998-10-02 03:53:00+00:00,0.0,,,8.7,,3.2,33.7,0,850,129.51,35.83
1998-10-03,21.7,18.6,1998-10-02 21:03:00+00:00,25.1,1998-10-03 01:21:00+00:00,0.0,,,6.5,,1.5,281.6,0,850,129.51,35.83
1998-10-04,20.2,18.2,1998-10-03 18:13:00+00:00,22.5,1998-10-04 02:04:00+00:00,0.0,,,14.6,,6.7,40.2,0,850,129.51,35.83
1998-10-05,20.0,17.1,1998-10-05 13:56:00+00:00,23.7,1998-10-05 02:52:00+00:00,0.0,,,8.4,,3.2,45.9,0,850,129.51,35.83
1998-10-06,20.9,15.9,1998-10-05 19:14:00+00:00,25.8,1998-10-06 03:44:00+00:00,0.0,,,11.4,,2.5,1.8,0,850,129.51,35.83
1998-10-07,20.4,18.3,1998-10-07 14:17:00+00:00,22.6,1998-10-07 02:53:00+00:00,0.0,,,14.6,,6.5,358.5,0,850,129.51,35.83
1998-10-08,20.4,17.5,1998-10-07 19:32:00+00:00,24.2,1998-10-08 01:36:00+00:00,0.0,,,8.3,,3.4,0.4,0,850,129.51,35.83
1998-10-09,20.9,16.1,1998-10-08 18:22:00+00:00,26.5,1998-10-09 02:06:00+00:00,0.0,,,5.2,,1.6,143.8,0,850,129.51,35.83
1998-10-10,21.4,19.0,1998-10-09 20:35:00+00:00,25.0,1998-10-10 02:30:00+00:00,0.0,,,9.3,,3.6,22.0,0,850,129.51,35.83
1998-10-11,22.1,19.6,1998-10-10 15:01:00+00:00,24.5,1998-10-11 02:12:00+00:00,0.0,,,8.0,,3.9,37.4,0,850,129.51,35.83
1998-10-12,19.8,18.7,1998-10-12 03:34:00+00:00,21.9,1998-10-11 15:04:00+00:00,38.0,,,13.2,,5.1,92.3,0,850,129.51,35.83
1998-10-13,21.6,20.0,1998-10-13 14:34:00+00:00,25.7,1998-10-13 02:29:00+00:00,7.5,,,13.0,,4.6,104.4,0,850,129.51,35.83
1998-10-14,21.6,19.6,1998-10-13 21:46:00+00:00,25.6,1998-10-14 04:56:00+00:00,18.5,,,10.0,,2.2,147.6,0,850,129.51,35.83
1998-10-15,18.6,15.7,1998-10-15 14:33:00+00:00,23.5,1998-10-15 05:18:00+00:00,0.5,,,6.9,,1.6,314.9,0,850,129.51,35.83
1998-10-16,18.8,14.2,1998-10-15 17:49:00+00:00,21.3,1998-10-16 03:45:00+00:00,0.0,,,9.5,,3.7,40.2,0,850,129.51,35.83
1998-10-17,18.8,17.0,1998-10-17 07:33:00+00:00,20.9,1998-10-16 16:38:00+00:00,5.5,,,17.7,,6.6,2.7,0,850,129.51,35.83
1998-10-18,19.2,15.1,1998-10-18 14:40:00+00:00,24.6,1998-10-18 04:19:00+00:00,0.0,,,12.1,,2.1,258.7,0,850,129.51,35.83
1998-10-19,15.0,12.4,1998-10-19 12:11:00+00:00,19.8,1998-10-19 05:07:00+00:00,0.0,,,11.9,,3.1,264.8,0,850,129.51,35.83
1998-10-20,16.3,12.6,1998-10-19 18:44:00+00:00,19.2,1998-10-20 01:59:00+00:00,0.0,,,13.1,,6.3,52.4,0,850,129.51,35.83
1998-10-21,18.6,16.1,1998-10-20 18:36:00+00:00,20.3,1998-10-21 05:48:00+00:00,0.0,,,12.2,,6.8,15.4,0,850,129.51,35.83
1998-10-22,19.1,17.9,1998-10-22 09:48:00+00:00,20.2,1998-10-22 02:22:00+00:00,0.0,,,13.4,,8.8,31.3,0,850,129.51,35.83
1998-10-23,19.1,16.8,1998-10-23 14:09:00+00:00,21.9,1998-10-23 02:26:00+00:00,0.0,,,12.1,,5.4,2.7,0,850,129.51,35.83
1998-10-24,18.1,15.2,1998-10-24 12:18:00+00:00,22.5,1998-10-24 02:41:00+00:00,0.0,,,8.3,,3.1,309.2,0,850,129.51,35.83
1998-10-25,17.8,13.4,1998-10-24 19:50:00+00:00,23.1,1998-10-25 02:52:00+00:00,0.0,,,7.1,,1.7,147.6,0,850,129.51,35.83
1998-10-26,18.7,14.0,1998-10-25 17:14:00+00:00,22.6,1998-10-26 03:37:00+00:00,0.0,,,11.8,,4.8,68.4,0,850,129.51,35.83
1998-10-27,18.8,14.5,1998-10-27 14:53:00+00:00,24.5,1998-10-27 03:10:00+00:00,0.0,,,8.0,,2.1,296.3,0,850,129.51,35.83
1998-10-28,16.1,12.1,1998-10-27 21:37:00+00:00,21.6,1998-10-28 02:17:00+00:00,0.0,,,9.5,,1.8,288.7,0,850,129.51,35.83
1998-10-29,16.8,13.7,1998-10-28 20:24:00+00:00,21.1,1998-10-29 01:49:00+00:00,0.0,,,9.8,,2.5,264.3,0,850,129.51,35.83
1998-10-30,16.0,13.1,1998-10-30 14:30:00+00:00,19.7,1998-10-30 04:38:00+00:00,0.0,,,7.2,,1.3,319.6,0,850,129.51,35.83
1998-10-31,17.3,12.1,1998-10-30 16:35:00+00:00,22.7,1998-10-31 06:08:00+00:00,0.0,,,9.4,,2.5,145.7,0,850,129.51,35.83
1998-11-01,,,,,,0.0,,,,,,,0,850,129.51,35.83
1998-11-02,13.9,9.5,1998-11-01 19:56:00+00:00,19.8,1998-11-02 02:29:00+00:00,0.0,,,10.3,,2.0,313.1,0,850,129.51,35.83
1998-11-03,14.0,9.8,1998-11-02 16:20:00+00:00,19.3,1998-11-03 02:26:00+00:00,0.0,,,7.9,,2.2,138.2,0,850,129.51,35.83
1998-11-04,15.7,11.3,1998-11-03 17:45:00+00:00,21.7,1998-11-04 03:07:00+00:00,0.0,,,15.0,,2.4,2.3,0,850,129.51,35.83
1998-11-05,14.8,12.7,1998-11-04 19:54:00+00:00,16.7,1998-11-05 02:51:00+00:00,0.0,,,14.8,,6.5,61.3,0,850,129.51,35.83
1998-11-06,13.9,11.3,1998-11-06 13:38:00+00:00,16.3,1998-11-06 02:05:00+00:00,0.0,,,15.3,,7.7,67.9,0,850,129.51,35.83
1998-11-07,14.3,10.5,1998-11-06 20:53:00+00:00,20.4,1998-11-07 04:57:00+00:00,0.0,,,7.3,,2.3,33.2,0,850,129.51,35.83
1998-11-08,13.3,7.1,1998-11-07 20:56:00+00:00,20.0,1998-11-08 03:47:00+00:00,0.0,,,7.9,,1.9,149.9,0,850,129.51,35.83
1998-11-09,12.9,5.9,1998-11-09 14:36:00+00:00,19.5,1998-11-09 03:14:00+00:00,0.0,,,12.1,,2.4,314.9,0,850,129.51,35.83
1998-11-10,7.3,3.1,1998-11-09 21:43:00+00:00,13.9,1998-11-10 04:59:00+00:00,0.0,,,10.2,,1.9,261.1,0,850,129.51,35.83
1998-11-11,12.3,5.0,1998-11-10 15:36:00+00:00,18.1,1998-11-11 05:09:00+00:00,0.0,,,9.2,,1.8,313.5,0,850,129.51,35.83
1998-11-12,12.3,8.2,1998-11-11 21:24:00+00:00,18.4,1998-11-12 02:01:00+00:00,0.0,,,6.6,,1.9,306.5,0,850,129.51,35.83
1998-11-13,13.5,9.0,1998-11-12 21:11:00+00:00,17.6,1998-11-13 02:46:00+00:00,0.0,,,10.1,,2.1,158.8,0,850,129.51,35.83
1998-11-14,16.2,11.4,1998-11-13 15:13:00+00:00,21.6,1998-11-14 02:34:00+00:00,0.0,,,6.3,,1.7,141.5,0,850,129.51,35.83
1998-11-15,16.9,12.8,1998-11-15 14:57:00+00:00,24.4,1998-11-15 04:50:00+00:00,0.0,,,9.5,,1.9,205.2,0,850,129.51,35.83
1998-11-16,15.2,11.8,1998-11-15 21:50:00+00:00,20.5,1998-11-16 03:10:00+00:00,0.0,,,6.1,,1.6,1.4,0,850,129.51,35.83
1998-11-17,7.3,1.1,1998-11-17 14:54:00+00:00,13.1,1998-11-16 19:17:00+00:00,0.0,,,15.0,,3.3,285.4,0,850,129.51,35.83
1998-11-18,2.2,-1.3,1998-11-17 20:38:00+00:00,7.1,1998-11-18 04:08:00+00:00,0.0,,,11.1,,2.2,313.0,0,850,129.51,35.83
1998-11-19,2.7,-2.4,1998-11-18 19:57:00+00:00,7.3,1998-11-19 04:39:00+00:00,0.0,,,7.1,,2.0,30.4,0,850,129.51,35.83
1998-11-20,4.7,1.4,1998-11-19 22:07:00+00:00,9.7,1998-11-20 04:57:00+00:00,0.0,,,7.7,,2.0,304.1,0,850,129.51,35.83
1998-11-21,5.3,0.4,1998-11-20 19:11:00+00:00,8.6,1998-11-21 04:12:00+00:00,0.0,,,6.6,,1.9,231.7,0,850,129.51,35.83
1998-11-22,2.9,-4.4,1998-11-22 10:01:00+00:00,9.2,1998-11-22 03:55:00+00:00,10.0,,,12.5,,4.0,290.5,0,850,129.51,35.83
1998-11-23,1.4,-2.9,1998-11-22 19:09:00+00:00,6.8,1998-11-23 03:30:00+00:00,0.0,,,9.7,,2.2,276.0,0,850,129.51,35.83
1998-11-24,2.6,-1.4,1998-11-24 13:51:00+00:00,6.6,1998-11-24 03:52:00+00:00,0.0,,,10.7,,2.6,312.1,0,850,129.51,35.83
1998-11-25,2.6,-1.4,1998-11-24 17:52:00+00:00,6.8,1998-11-25 04:47:00+00:00,0.0,,,9.5,,3.1,359.9,0,850,129.51,35.83
1998-11-26,5.6,1.5,1998-11-25 18:45:00+00:00,10.7,1998-11-26 02:22:00+00:00,0.0,,,4.7,,1.1,142.9,0,850,129.51,35.83
1998-11-27,4.5,1.3,1998-11-27 14:51:00+00:00,6.1,1998-11-26 21:56:00+00:00,4.5,,,5.8,,0.9,330.8,0,850,129.51,35.83
1998-11-28,3.3,0.3,1998-11-27 21:00:00+00:00,7.4,1998-11-28 02:42:00+00:00,0.0,,,10.2,,3.0,12.1,0,850,129.51,35.83
1998-11-29,5.6,1.6,1998-11-28 20:08:00+00:00,11.1,1998-11-29 03:12:00+00:00,0.0,,,7.2,,1.9,143.8,0,850,129.51,35.83
1998-11-30,4.2,2.0,1998-11-29 17:34:00+00:00,6.8,1998-11-30 02:16:00+00:00,0.0,,,3.6,,1.0,3.2,0,850,129.51,35.83
1998-12-01,5.2,1.6,1998-11-30 16:49:00+00:00,8.8,1998-12-01 05:52:00+00:00,0.0,,,8.4,,2.5,302.3,0,850,129.51,35.83
1998-12-02,2.2,0.3,1998-12-02 14:56:00+00:00,4.3,1998-12-02 04:25:00+00:00,0.0,,,10.4,,3.9,305.5,0,850,129.51,35.83
1998-12-03,0.0,-3.7,1998-12-03 07:58:00+00:00,4.0,1998-12-03 03:19:00+00:00,0.0,,,12.6,,4.6,9.7,0,850,129.51,35.83
1998-12-04,-1.8,-5.7,1998-12-03 18:30:00+00:00,4.8,1998-12-04 05:39:00+00:00,0.0,,,7.1,,2.0,46.3,0,850,129.51,35.83
1998-12-05,-2.3,-5.1,1998-12-05 14:18:00+00:00,4.3,1998-12-05 01:45:00+00:00,0.0,,,9.3,,2.1,317.7,0,850,129.51,35.83
1998-12-06,2.3,-5.4,1998-12-06 04:17:00+00:00,9.8,1998-12-06 07:27:00+00:00,3.0,,,16.0,,4.8,3.2,0,850,129.51,35.83
1998-12-07,6.0,2.2,1998-12-07 14:44:00+00:00,10.0,1998-12-07 03:37:00+00:00,0.0,,,9.1,,1.5,253.5,0,850,129.51,35.83
1998-12-08,0.9,-2.3,1998-12-08 14:39:00+00:00,5.3,1998-12-08 04:21:00+00:00,0.0,,,10.7,,2.9,262.4,0,850,129.51,35.83
1998-12-09,-1.2,-4.0,1998-12-08 21:56:00+00:00,4.0,1998-12-09 04:38:00+00:00,0.0,,,10.8,,2.2,318.2,0,850,129.51,35.83
1998-12-10,-1.2,-4.6,1998-12-09 21:37:00+00:00,4.7,1998-12-10 04:38:00+00:00,0.0,,,9.5,,2.2,275.1,0,850,129.51,35.83
1998-12-11,0.8,-1.7,1998-12-10 15:41:00+00:00,5.7,1998-12-11 04:03:00+00:00,0.0,,,10.1,,2.1,255.4,0,850,129.51,35.83
1998-12-12,2.7,-2.7,1998-12-11 21:10:00+00:00,9.7,1998-12-12 04:43:00+00:00,0.0,,,7.7,,1.6,211.3,0,850,129.51,35.83
1998-12-13,5.0,-1.7,1998-12-12 20:52:00+00:00,12.1,1998-12-13 04:45:00+00:00,0.0,,,8.6,,1.5,249.8,0,850,129.51,35.83
1998-12-14,6.9,3.0,1998-12-13 16:47:00+00:00,12.4,1998-12-14 04:37:00+00:00,0.0,,,9.9,,1.7,292.4,0,850,129.51,35.83
1998-12-15,3.4,0.0,1998-12-14 22:31:00+00:00,8.2,1998-12-15 05:03:00+00:00,0.0,,,10.6,,1.8,254.9,0,850,129.51,35.83
1998-12-16,5.9,0.8,1998-12-15 19:41:00+00:00,12.6,1998-12-16 05:24:00+00:00,0.0,,,8.2,,1.6,214.1,0,850,129.51,35.83
1998-12-17,7.0,2.1,1998-12-16 17:56:00+00:00,12.4,1998-12-17 03:11:00+00:00,0.0,,,8.6,,2.3,6.5,0,850,129.51,35.83
1998-12-18,8.4,4.3,1998-12-17 19:27:00+00:00,12.4,1998-12-18 00:49:00+00:00,0.0,,,8.1,,1.9,167.7,0,850,129.51,35.83
1998-12-19,8.9,3.8,1998-12-18 22:23:00+00:00,14.6,1998-12-19 04:05:00+00:00,0.0,,,9.0,,1.8,303.6,0,850,129.51,35.83
1998-12-20,4.3,0.7,1998-12-19 20:43:00+00:00,9.3,1998-12-20 02:48:00+00:00,0.0,,,9.4,,2.2,258.2,0,850,129.51,35.83
1998-12-21,5.7,0.6,1998-12-20 18:51:00+00:00,11.6,1998-12-21 01:50:00+00:00,0.0,,,6.0,,1.7,163.0,0,850,129.51,35.83
1998-12-22,6.7,3.2,1998-12-21 16:20:00+00:00,12.9,1998-12-22 05:41:00+00:00,0.0,,,12.7,,1.3,304.5,0,850,129.51,35.83
1998-12-23,6.0,2.2,1998-12-22 22:15:00+00:00,10.0,1998-12-23 05:09:00+00:00,0.0,,,8.2,,2.2,312.4,0,850,129.51,35.83
1998-12-24,4.8,,,,,1.5,,,,,,,0,850,129.51,35.83
1998-12-25,4.7,1.5,1998-12-24 20:36:00+00:00,9.6,1998-12-25 05:08:00+00:00,0.0,,,9.3,,1.8,300.0,0,850,129.51,35.83
1998-12-26,5.9,1.9,1998-12-25 22:18:00+00:00,10.9,1998-12-26 02:51:00+00:00,0.0,,,7.8,,2.0,304.6,0,850,129.51,35.83
1998-12-27,5.8,3.1,1998-12-27 14:55:00+00:00,10.8,1998-12-27 04:45:00+00:00,0.0,,,7.3,,1.6,321.5,0,850,129.51,35.83
1998-12-28,5.7,2.8,1998-12-27 15:30:00+00:00,11.0,1998-12-28 01:47:00+00:00,0.0,,,7.6,,2.0,129.2,0,850,129.51,35.83
1998-12-29,5.4,,,,,0.0,,,,,,,0,850,129.51,35.83
1998-12-30,0.9,,,,,0.0,,,,,,,0,850,129.51,35.83
1998-12-31,0.5,-2.6,1998-12-30 22:29:00+00:00,5.2,1998-12-31 04:41:00+00:00,0.0,,,11.0,,3.2,278.3,0,850,129.51,35.83
