dt,ta,tn,tn_at,tx,tx_at,rn,rx_1hr,rx_1hr_at,wx,wx_at,wa,wd_wx,nmin,code,x,y
2002-01-01,3.5,0.9,2002-01-01 10:17:00+00:00,11.8,2001-12-31 15:51:00+00:00,0.0,,,17.8,,7.8,341.0,1253,302,126.1491,34.6432
2002-01-02,0.2,-0.7,2002-01-02 00:03:00+00:00,2.6,2002-01-01 15:22:00+00:00,0.0,,,22.5,,6.9,312.0,1340,302,126.1491,34.6432
2002-01-03,3.1,0.2,2002-01-02 15:01:00+00:00,7.2,2002-01-03 14:57:00+00:00,0.0,,,12.5,,2.5,334.0,1278,302,126.1491,34.6432
2002-01-04,9.8,7.1,2002-01-03 15:01:00+00:00,12.2,2002-01-04 05:43:00+00:00,0.0,,,11.2,,4.7,271.0,1281,302,126.1491,34.6432
2002-01-05,5.8,2.3,2002-01-05 14:53:00+00:00,9.2,2002-01-04 15:33:00+00:00,0.0,,,14.3,,4.8,323.0,1269,302,126.1491,34.6432
2002-01-06,4.8,-1.4,2002-01-05 22:34:00+00:00,10.5,2002-01-06 05:16:00+00:00,0.0,,,5.2,,1.3,139.0,1280,302,126.1491,34.6432
2002-01-07,5.3,-0.2,2002-01-07 13:23:00+00:00,12.8,2002-01-06 19:27:00+00:00,0.0,,,20.5,,8.3,301.0,1295,302,126.1491,34.6432
2002-01-08,1.8,-0.5,2002-01-07 15:23:00+00:00,3.4,2002-01-08 04:07:00+00:00,0.0,,,19.5,,8.9,327.0,1316,302,126.1491,34.6432
2002-01-09,,,,,,0.0,,,,,,,557,302,126.1491,34.6432
2002-01-15,,,,,,5.0,,,,,,,349,302,126.1491,34.6432
2002-01-16,9.8,7.4,2002-01-16 13:47:00+00:00,17.8,2002-01-15 15:37:00+00:00,2.5,,,13.3,,5.2,331.0,1162,302,126.1491,34.6432
2002-01-17,6.4,,,,,0.0,,,,,,,1129,302,126.1491,34.6432
2002-01-18,6.8,4.6,2002-01-17 15:37:00+00:00,9.7,2002-01-18 05:12:00+00:00,0.0,,,7.6,,2.7,33.0,1303,302,126.1491,34.6432
2002-01-19,9.1,6.6,2002-01-19 14:18:00+00:00,14.1,2002-01-19 06:15:00+00:00,0.0,,,6.2,,1.7,22.0,1299,302,126.1491,34.6432
2002-01-20,7.7,5.3,2002-01-19 17:18:00+00:00,10.3,2002-01-20 02:53:00+00:00,2.0,,,9.0,,2.0,339.0,1300,302,126.1491,34.6432
2002-01-21,6.0,4.0,2002-01-21 14:58:00+00:00,8.5,2002-01-21 03:17:00+00:00,1.5,,,19.9,,6.9,290.0,1255,302,126.1491,34.6432
2002-01-22,3.4,0.6,2002-01-22 13:51:00+00:00,5.9,2002-01-22 04:15:00+00:00,0.0,,,17.1,,8.0,313.0,1275,302,126.1491,34.6432
2002-01-23,3.5,0.3,2002-01-22 15:50:00+00:00,5.3,2002-01-23 05:49:00+00:00,0.0,,,15.7,,6.2,314.0,1237,302,126.1491,34.6432
2002-01-24,5.1,2.9,2002-01-23 16:42:00+00:00,7.7,2002-01-24 03:01:00+00:00,0.0,,,10.5,,3.3,320.0,1302,302,126.1491,34.6432
2002-01-25,4.2,0.9,2002-01-24 20:14:00+00:00,5.7,2002-01-25 06:41:00+00:00,0.0,,,8.4,,2.6,33.0,1267,302,126.1491,34.6432
2002-01-26,5.6,4.9,2002-01-25 18:30:00+00:00,6.3,2002-01-26 14:38:00+00:00,7.0,,,12.4,,4.0,335.0,1206,302,126.1491,34.6432
2002-01-27,5.6,4.1,2002-01-27 12:14:00+00:00,7.4,2002-01-27 02:53:00+00:00,0.0,,,16.2,,6.0,318.0,1194,302,126.1491,34.6432
2002-01-28,4.5,1.8,2002-01-28 12:01:00+00:00,6.3,2002-01-28 06:40:00+00:00,0.0,,,15.3,,6.3,334.0,1318,302,126.1491,34.6432
2002-01-29,4.9,2.0,2002-01-28 18:57:00+00:00,6.9,2002-01-29 12:47:00+00:00,0.0,,,13.6,,4.9,0.0,1351,302,126.1491,34.6432
2002-01-30,6.0,3.8,2002-01-30 14:05:00+00:00,8.4,2002-01-30 04:48:00+00:00,0.0,,,13.1,,5.9,315.0,1293,302,126.1491,34.6432
2002-01-31,4.5,1.1,2002-01-31 14:37:00+00:00,7.3,2002-01-31 04:15:00+00:00,0.0,,,11.2,,3.8,326.0,1301,302,126.1491,34.6432
2002-02-01,4.9,-0.4,2002-01-31 20:24:00+00:00,10.6,2002-02-01 05:06:00+00:00,0.0,,,4.7,,0.8,330.0,1224,302,126.1491,34.6432
2002-02-02,6.8,2.2,2002-02-01 15:26:00+00:00,12.1,2002-02-02 04:47:00+00:00,0.0,,,5.2,,0.9,331.0,1220,302,126.1491,34.6432
2002-02-03,6.5,,,,,0.0,,,,,,,1035,302,126.1491,34.6432
2002-02-04,7.4,1.7,2002-02-03 19:00:00+00:00,13.3,2002-02-04 04:19:00+00:00,1.5,,,4.4,,0.6,317.0,1245,302,126.1491,34.6432
2002-02-05,8.0,5.1,2002-02-05 14:19:00+00:00,11.3,2002-02-05 03:51:00+00:00,0.0,,,7.9,,2.8,326.0,1285,302,126.1491,34.6432
2002-02-06,8.9,2.5,2002-02-05 20:24:00+00:00,14.1,2002-02-06 06:29:00+00:00,0.0,,,9.1,,1.6,297.0,1206,302,126.1491,34.6432
2002-02-07,7.1,2.4,2002-02-07 14:12:00+00:00,11.6,2002-02-07 06:28:00+00:00,2.0,,,12.0,,3.1,330.0,1248,302,126.1491,34.6432
2002-02-08,6.3,1.4,2002-02-07 21:41:00+00:00,12.8,2002-02-08 02:45:00+00:00,0.0,,,14.1,,2.8,354.0,1263,302,126.1491,34.6432
2002-02-09,3.0,1.6,2002-02-08 22:18:00+00:00,5.4,2002-02-09 03:33:00+00:00,0.0,,,16.7,,5.5,354.0,1193,302,126.1491,34.6432
2002-02-10,5.2,0.0,2002-02-09 22:22:00+00:00,8.6,2002-02-10 02:54:00+00:00,1.5,,,13.9,,3.7,10.0,1259,302,126.1491,34.6432
2002-02-11,5.5,3.5,2002-02-10 19:29:00+00:00,9.7,2002-02-11 05:49:00+00:00,0.0,,,17.9,,6.6,327.0,1238,302,126.1491,34.6432
2002-02-12,,,,,,0.0,,,,,,,536,302,126.1491,34.6432
2002-02-13,5.7,3.9,2002-02-12 22:37:00+00:00,9.6,2002-02-13 03:41:00+00:00,0.0,,,13.8,,4.1,344.0,1313,302,126.1491,34.6432
2002-02-14,5.2,2.8,2002-02-13 22:32:00+00:00,8.2,2002-02-14 06:27:00+00:00,0.0,,,13.7,,4.0,355.0,1208,302,126.1491,34.6432
2002-02-15,5.9,2.4,2002-02-15 14:46:00+00:00,9.6,2002-02-15 04:33:00+00:00,0.0,,,9.8,,3.0,351.0,1241,302,126.1491,34.6432
2002-02-16,6.6,0.7,2002-02-15 18:14:00+00:00,12.0,2002-02-16 05:45:00+00:00,0.0,,,5.2,,0.9,46.0,1237,302,126.1491,34.6432
2002-02-17,7.8,4.3,2002-02-17 14:11:00+00:00,13.4,2002-02-17 03:58:00+00:00,0.0,,,15.7,,4.1,313.0,1410,302,126.1491,34.6432
2002-02-18,4.3,3.0,2002-02-18 09:35:00+00:00,6.2,2002-02-18 05:41:00+00:00,0.0,,,16.8,,6.8,332.0,1157,302,126.1491,34.6432
2002-02-19,4.5,2.2,2002-02-19 14:58:00+00:00,7.2,2002-02-19 05:01:00+00:00,0.0,,,15.7,,6.1,337.0,1225,302,126.1491,34.6432
2002-02-20,5.3,-0.1,2002-02-19 21:26:00+00:00,11.2,2002-02-20 06:54:00+00:00,0.0,,,5.8,,1.3,280.0,1285,302,126.1491,34.6432
2002-02-21,8.6,,,,,16.0,,,,,,,1028,302,126.1491,34.6432
2002-02-22,7.6,5.6,2002-02-21 21:13:00+00:00,11.5,2002-02-22 04:47:00+00:00,0.0,,,9.8,,2.8,331.0,1220,302,126.1491,34.6432
2002-02-23,7.1,5.5,2002-02-22 21:52:00+00:00,9.9,2002-02-23 01:41:00+00:00,0.0,,,11.1,,3.9,334.0,1257,302,126.1491,34.6432
2002-02-24,7.2,4.0,2002-02-23 21:43:00+00:00,12.4,2002-02-24 06:33:00+00:00,0.0,,,8.7,,2.2,13.0,1329,302,126.1491,34.6432
2002-02-25,8.7,3.0,2002-02-24 21:25:00+00:00,14.8,2002-02-25 05:44:00+00:00,0.0,,,4.9,,1.0,319.0,1224,302,126.1491,34.6432
2002-02-26,8.0,,,,,0.0,,,,,,,1148,302,126.1491,34.6432
2002-02-27,8.0,5.8,2002-02-26 15:01:00+00:00,10.3,2002-02-27 04:21:00+00:00,0.0,,,5.3,,1.3,337.0,1308,302,126.1491,34.6432
2002-02-28,,,,,,0.0,,,,,,,782,302,126.1491,34.6432
2002-03-01,7.5,4.1,2002-02-28 21:01:00+00:00,12.6,2002-03-01 06:01:00+00:00,0.0,,,7.4,,1.6,50.0,1206,302,126.1491,34.6432
2002-03-02,8.8,4.8,2002-03-01 16:45:00+00:00,13.4,2002-03-02 03:25:00+00:00,0.0,,,8.2,,2.0,7.0,1346,302,126.1491,34.6432
2002-03-03,7.2,4.8,2002-03-03 14:57:00+00:00,10.3,2002-03-03 04:23:00+00:00,0.0,,,9.6,,3.0,330.0,1197,302,126.1491,34.6432
2002-03-04,7.7,4.0,2002-03-03 17:22:00+00:00,12.6,2002-03-04 05:23:00+00:00,0.0,,,8.5,,2.5,345.0,1210,302,126.1491,34.6432
2002-03-05,7.5,6.7,2002-03-04 20:00:00+00:00,9.0,2002-03-05 02:30:00+00:00,1.0,,,9.8,,3.5,321.0,1258,302,126.1491,34.6432
2002-03-06,7.4,5.5,2002-03-06 13:47:00+00:00,8.8,2002-03-06 04:21:00+00:00,0.5,,,17.8,,7.9,303.0,1229,302,126.1491,34.6432
2002-03-07,5.8,2.4,2002-03-07 14:39:00+00:00,8.5,2002-03-07 05:49:00+00:00,0.0,,,13.5,,4.5,337.0,1163,302,126.1491,34.6432
2002-03-08,8.3,,,,,0.0,,,,,,,1055,302,126.1491,34.6432
2002-03-09,13.1,5.1,2002-03-08 20:30:00+00:00,18.3,2002-03-09 03:50:00+00:00,0.0,,,13.7,,3.1,208.0,1205,302,126.1491,34.6432
2002-03-10,11.7,6.8,2002-03-10 14:07:00+00:00,15.5,2002-03-09 18:06:00+00:00,0.0,,,16.4,,5.1,212.0,1203,302,126.1491,34.6432
2002-03-11,9.0,3.2,2002-03-10 20:45:00+00:00,14.8,2002-03-11 05:26:00+00:00,0.0,,,8.5,,1.9,344.0,1309,302,126.1491,34.6432
2002-03-12,9.7,4.2,2002-03-11 16:15:00+00:00,16.2,2002-03-12 05:03:00+00:00,0.0,,,4.6,,0.9,299.0,1304,302,126.1491,34.6432
2002-03-13,,,,,,0.0,,,,,,,960,302,126.1491,34.6432
2002-03-14,13.9,10.2,2002-03-14 14:53:00+00:00,15.7,2002-03-14 04:52:00+00:00,22.0,,,10.2,,3.1,318.0,1283,302,126.1491,34.6432
2002-03-15,10.6,7.9,2002-03-15 14:36:00+00:00,12.5,2002-03-15 06:27:00+00:00,0.0,,,10.9,,3.8,318.0,1360,302,126.1491,34.6432
2002-03-16,12.1,6.1,2002-03-15 21:54:00+00:00,17.5,2002-03-16 03:59:00+00:00,0.0,,,8.1,,1.5,196.0,1187,302,126.1491,34.6432
2002-03-17,14.3,9.0,2002-03-16 21:42:00+00:00,20.0,2002-03-17 06:29:00+00:00,0.0,,,11.0,,1.6,273.0,1205,302,126.1491,34.6432
2002-03-18,11.7,6.8,2002-03-18 13:17:00+00:00,16.2,2002-03-18 03:47:00+00:00,0.0,,,13.7,,3.9,307.0,1182,302,126.1491,34.6432
2002-03-19,13.4,6.3,2002-03-18 18:20:00+00:00,18.3,2002-03-19 04:41:00+00:00,0.0,,,15.1,,3.2,231.0,1227,302,126.1491,34.6432
2002-03-20,16.9,9.0,2002-03-19 17:28:00+00:00,21.4,2002-03-20 03:48:00+00:00,0.0,,,15.7,,2.5,212.0,1325,302,126.1491,34.6432
2002-03-21,12.5,10.1,2002-03-20 22:01:00+00:00,19.6,2002-03-20 15:01:00+00:00,7.0,,,21.9,,5.5,328.0,1259,302,126.1491,34.6432
2002-03-22,10.4,7.7,2002-03-22 14:44:00+00:00,12.4,2002-03-21 15:52:00+00:00,0.0,,,13.3,,4.5,301.0,1268,302,126.1491,34.6432
2002-03-23,10.5,7.3,2002-03-22 15:34:00+00:00,14.2,2002-03-23 05:53:00+00:00,0.0,,,11.6,,4.3,272.0,1227,302,126.1491,34.6432
2002-03-24,9.2,4.3,2002-03-23 21:33:00+00:00,15.8,2002-03-24 04:06:00+00:00,0.0,,,8.7,,1.1,342.0,1256,302,126.1491,34.6432
2002-03-25,12.0,,,,,0.0,,,,,,,1151,302,126.1491,34.6432
2002-03-26,13.5,7.5,2002-03-25 17:47:00+00:00,19.4,2002-03-26 06:17:00+00:00,0.0,,,11.1,,1.6,343.0,1207,302,126.1491,34.6432
2002-03-27,11.9,7.7,2002-03-27 13:13:00+00:00,16.1,2002-03-27 06:42:00+00:00,0.0,,,11.6,,4.0,357.0,1311,302,126.1491,34.6432
2002-03-28,13.8,7.6,2002-03-27 15:09:00+00:00,19.1,2002-03-28 04:39:00+00:00,4.0,,,11.7,,2.6,127.0,1208,302,126.1491,34.6432
2002-03-29,13.1,9.2,2002-03-29 14:33:00+00:00,17.5,2002-03-29 03:32:00+00:00,4.0,,,12.6,,3.8,323.0,1277,302,126.1491,34.6432
2002-03-30,13.8,,,,,0.0,,,,,,,1003,302,126.1491,34.6432
2002-03-31,12.4,9.6,2002-03-30 20:29:00+00:00,15.5,2002-03-31 06:59:00+00:00,0.0,,,9.2,,2.9,306.0,1180,302,126.1491,34.6432
2002-04-01,15.3,8.2,2002-03-31 21:15:00+00:00,23.8,2002-04-01 03:19:00+00:00,0.0,,,7.5,,1.4,258.0,1189,302,126.1491,34.6432
2002-04-02,17.4,9.8,2002-04-01 18:19:00+00:00,23.7,2002-04-02 04:26:00+00:00,0.0,,,5.6,,1.1,196.0,1229,302,126.1491,34.6432
2002-04-03,15.1,12.7,2002-04-03 12:00:00+00:00,18.4,2002-04-03 04:11:00+00:00,0.0,,,9.2,,2.5,330.0,1215,302,126.1491,34.6432
2002-04-04,15.8,10.1,2002-04-03 19:27:00+00:00,22.3,2002-04-04 04:49:00+00:00,0.0,,,7.6,,1.9,121.0,1202,302,126.1491,34.6432
2002-04-05,17.7,,,,,0.0,,,,,,,1127,302,126.1491,34.6432
2002-04-06,16.7,13.1,2002-04-06 14:18:00+00:00,20.1,2002-04-05 20:52:00+00:00,100.0,,,18.7,,4.2,197.0,1233,302,126.1491,34.6432
2002-04-07,,,,,,0.0,,,,,,,576,302,126.1491,34.6432
2002-04-08,13.1,10.9,2002-04-07 19:50:00+00:00,15.7,2002-04-08 06:22:00+00:00,0.0,,,10.3,,3.9,327.0,1232,302,126.1491,34.6432
2002-04-09,11.8,9.3,2002-04-08 20:15:00+00:00,14.8,2002-04-09 05:19:00+00:00,0.0,,,11.0,,4.7,292.0,1283,302,126.1491,34.6432
2002-04-10,12.2,7.6,2002-04-09 20:58:00+00:00,16.2,2002-04-10 03:43:00+00:00,0.0,,,8.1,,2.0,327.0,1283,302,126.1491,34.6432
2002-04-11,11.5,9.0,2002-04-10 20:03:00+00:00,15.0,2002-04-11 07:03:00+00:00,0.0,,,6.4,,1.6,276.0,1163,302,126.1491,34.6432
2002-04-12,12.2,9.2,2002-04-12 14:55:00+00:00,16.7,2002-04-12 05:15:00+00:00,0.0,,,15.4,,4.0,209.0,1164,302,126.1491,34.6432
2002-04-13,12.7,5.8,2002-04-12 21:45:00+00:00,17.3,2002-04-13 05:58:00+00:00,0.0,,,11.8,,3.2,188.0,1254,302,126.1491,34.6432
2002-04-14,16.6,13.5,2002-04-13 18:50:00+00:00,19.3,2002-04-14 03:37:00+00:00,0.0,,,18.1,,5.3,158.0,1201,302,126.1491,34.6432
2002-04-15,16.6,14.8,2002-04-14 15:01:00+00:00,17.7,2002-04-14 22:53:00+00:00,0.0,,,12.5,,3.5,220.0,1220,302,126.1491,34.6432
2002-04-16,15.0,11.1,2002-04-16 14:01:00+00:00,19.0,2002-04-15 23:21:00+00:00,9.0,,,21.4,,5.9,206.0,1263,302,126.1491,34.6432
2002-04-17,11.6,9.6,2002-04-17 13:23:00+00:00,13.6,2002-04-17 01:39:00+00:00,0.0,,,13.4,,4.8,312.0,1173,302,126.1491,34.6432
2002-04-18,10.9,7.3,2002-04-17 20:51:00+00:00,15.0,2002-04-18 06:22:00+00:00,0.0,,,8.1,,3.1,320.0,1279,302,126.1491,34.6432
2002-04-19,11.8,6.1,2002-04-18 19:12:00+00:00,19.1,2002-04-19 05:11:00+00:00,0.0,,,6.9,,1.4,211.0,1256,302,126.1491,34.6432
2002-04-20,13.4,8.1,2002-04-19 20:42:00+00:00,18.4,2002-04-20 03:50:00+00:00,0.0,,,7.5,,1.5,135.0,1158,302,126.1491,34.6432
2002-04-21,16.5,12.2,2002-04-20 20:31:00+00:00,22.4,2002-04-21 03:51:00+00:00,0.0,,,7.4,,2.1,314.0,1283,302,126.1491,34.6432
2002-04-22,16.4,11.9,2002-04-21 20:39:00+00:00,20.6,2002-04-22 02:23:00+00:00,2.0,,,8.0,,1.7,149.0,1285,302,126.1491,34.6432
2002-04-23,15.4,10.9,2002-04-23 14:43:00+00:00,19.9,2002-04-23 04:55:00+00:00,10.5,,,11.3,,3.6,329.0,1312,302,126.1491,34.6432
2002-04-24,10.0,7.4,2002-04-24 10:23:00+00:00,13.7,2002-04-24 00:34:00+00:00,0.0,,,18.3,,6.5,324.0,1254,302,126.1491,34.6432
2002-04-25,10.3,7.8,2002-04-24 15:01:00+00:00,14.4,2002-04-25 04:31:00+00:00,0.0,,,12.1,,3.9,37.0,1211,302,126.1491,34.6432
2002-04-26,11.8,6.2,2002-04-25 21:02:00+00:00,16.9,2002-04-26 04:46:00+00:00,0.0,,,6.6,,1.5,319.0,1192,302,126.1491,34.6432
2002-04-27,13.2,8.3,2002-04-26 20:49:00+00:00,19.7,2002-04-27 06:34:00+00:00,0.0,,,7.7,,1.3,76.0,1220,302,126.1491,34.6432
2002-04-28,14.7,12.4,2002-04-27 16:53:00+00:00,18.4,2002-04-28 05:25:00+00:00,0.0,,,8.0,,2.4,132.0,1227,302,126.1491,34.6432
2002-04-29,17.3,14.5,2002-04-28 22:13:00+00:00,19.5,2002-04-29 06:31:00+00:00,0.0,,,12.7,,4.1,141.0,1264,302,126.1491,34.6432
2002-04-30,15.4,13.0,2002-04-30 09:48:00+00:00,18.3,2002-04-29 15:22:00+00:00,7.0,,,13.6,,3.5,214.0,1253,302,126.1491,34.6432
2002-05-01,14.3,12.2,2002-04-30 18:26:00+00:00,16.6,2002-05-01 06:11:00+00:00,0.5,,,6.9,,1.5,125.0,1204,302,126.1491,34.6432
2002-05-02,16.8,12.3,2002-05-01 16:19:00+00:00,21.0,2002-05-02 06:07:00+00:00,0.5,,,10.6,,2.6,157.0,1223,302,126.1491,34.6432
2002-05-03,16.4,13.9,2002-05-02 17:49:00+00:00,21.9,2002-05-03 05:50:00+00:00,10.5,,,6.7,,1.7,109.0,1173,302,126.1491,34.6432
2002-05-04,16.0,13.2,2002-05-03 19:02:00+00:00,20.0,2002-05-04 03:05:00+00:00,0.0,,,8.5,,2.8,284.0,1215,302,126.1491,34.6432
2002-05-05,16.9,14.1,2002-05-04 15:30:00+00:00,20.0,2002-05-05 03:24:00+00:00,0.0,,,5.3,,1.3,44.0,1152,302,126.1491,34.6432
2002-05-06,14.6,11.9,2002-05-06 09:54:00+00:00,16.8,2002-05-05 23:18:00+00:00,3.5,,,12.1,,3.3,110.0,1286,302,126.1491,34.6432
2002-05-07,13.4,11.2,2002-05-07 12:28:00+00:00,16.3,2002-05-07 00:07:00+00:00,11.5,,,11.4,,3.5,129.0,1187,302,126.1491,34.6432
2002-05-08,14.3,,,,,0.0,,,,,,,1068,302,126.1491,34.6432
2002-05-09,15.2,,,,,0.0,,,,,,,1079,302,126.1491,34.6432
2002-05-10,13.4,11.8,2002-05-10 14:36:00+00:00,16.5,2002-05-10 06:38:00+00:00,0.0,,,6.6,,2.2,310.0,1296,302,126.1491,34.6432
2002-05-11,13.6,11.0,2002-05-10 18:19:00+00:00,19.3,2002-05-11 06:21:00+00:00,0.0,,,6.0,,1.7,245.0,1241,302,126.1491,34.6432
2002-05-12,14.8,11.3,2002-05-11 21:01:00+00:00,22.1,2002-05-12 04:23:00+00:00,0.0,,,9.5,,2.0,320.0,1207,302,126.1491,34.6432
2002-05-13,16.7,11.6,2002-05-12 19:45:00+00:00,23.2,2002-05-13 03:48:00+00:00,0.0,,,5.5,,1.4,70.0,1272,302,126.1491,34.6432
2002-05-14,16.6,13.8,2002-05-13 18:46:00+00:00,21.4,2002-05-14 02:11:00+00:00,0.0,,,12.0,,2.3,75.0,1234,302,126.1491,34.6432
2002-05-15,16.5,14.3,2002-05-14 15:01:00+00:00,18.8,2002-05-15 06:07:00+00:00,8.5,,,12.1,,3.9,83.0,1245,302,126.1491,34.6432
2002-05-16,15.4,15.0,2002-05-16 08:47:00+00:00,16.8,2002-05-15 15:38:00+00:00,0.5,,,7.3,,1.8,126.0,1200,302,126.1491,34.6432
2002-05-17,15.6,14.7,2002-05-16 16:34:00+00:00,17.4,2002-05-17 08:11:00+00:00,0.5,,,7.1,,1.9,144.0,1230,302,126.1491,34.6432
2002-05-18,15.8,12.5,2002-05-18 13:45:00+00:00,20.8,2002-05-18 05:38:00+00:00,0.0,,,6.5,,2.1,319.0,1182,302,126.1491,34.6432
2002-05-19,13.8,,,,,0.0,,,,,2.7,,1132,302,126.1491,34.6432
2002-05-20,16.5,11.5,2002-05-19 15:57:00+00:00,22.4,2002-05-20 04:27:00+00:00,0.0,,,7.4,,2.0,328.0,1223,302,126.1491,34.6432
2002-05-21,18.4,14.2,2002-05-20 21:06:00+00:00,24.1,2002-05-21 03:55:00+00:00,0.0,,,6.0,,1.8,330.0,1306,302,126.1491,34.6432
2002-05-22,17.4,14.6,2002-05-21 19:41:00+00:00,21.7,2002-05-22 05:23:00+00:00,1.0,,,9.7,,2.6,19.0,1232,302,126.1491,34.6432
2002-05-23,18.6,14.8,2002-05-22 18:58:00+00:00,26.6,2002-05-23 04:42:00+00:00,0.0,,,8.7,,3.3,317.0,1258,302,126.1491,34.6432
2002-05-24,18.6,12.7,2002-05-23 19:49:00+00:00,24.3,2002-05-24 06:30:00+00:00,0.0,,,7.0,,2.5,302.0,1205,302,126.1491,34.6432
2002-05-25,18.7,12.4,2002-05-24 20:37:00+00:00,26.0,2002-05-25 04:07:00+00:00,0.5,,,9.4,,2.4,270.0,1192,302,126.1491,34.6432
2002-05-26,18.5,13.7,2002-05-26 14:57:00+00:00,24.8,2002-05-26 07:09:00+00:00,0.5,,,7.8,,2.3,321.0,1269,302,126.1491,34.6432
2002-05-27,18.8,13.0,2002-05-26 19:19:00+00:00,25.8,2002-05-27 04:43:00+00:00,0.0,,,6.2,,1.4,262.0,1277,302,126.1491,34.6432
2002-05-28,16.7,13.0,2002-05-27 19:14:00+00:00,21.9,2002-05-28 03:16:00+00:00,0.5,,,10.2,,0.8,258.0,1253,302,126.1491,34.6432
2002-05-29,19.7,13.8,2002-05-28 15:14:00+00:00,25.2,2002-05-29 05:53:00+00:00,0.0,,,5.6,,1.4,233.0,1172,302,126.1491,34.6432
2002-05-30,19.0,16.8,2002-05-30 14:59:00+00:00,23.0,2002-05-30 07:15:00+00:00,0.0,,,9.8,,2.7,211.0,1207,302,126.1491,34.6432
2002-05-31,17.1,15.1,2002-05-30 21:13:00+00:00,21.1,2002-05-31 04:54:00+00:00,0.0,,,7.9,,2.1,243.0,1252,302,126.1491,34.6432
2002-06-01,18.9,16.2,2002-05-31 18:21:00+00:00,23.3,2002-06-01 03:16:00+00:00,0.0,,,8.2,,2.2,255.0,1177,302,126.1491,34.6432
2002-06-02,19.2,16.9,2002-06-01 15:23:00+00:00,24.0,2002-06-02 03:51:00+00:00,4.5,,,15.3,,1.9,255.0,1239,302,126.1491,34.6432
2002-06-03,18.9,14.5,2002-06-03 14:22:00+00:00,24.9,2002-06-03 04:59:00+00:00,0.0,,,6.2,,1.6,293.0,1228,302,126.1491,34.6432
2002-06-04,19.5,13.8,2002-06-03 16:55:00+00:00,26.7,2002-06-04 05:29:00+00:00,0.0,,,6.3,,1.2,294.0,1169,302,126.1491,34.6432
2002-06-05,22.3,16.8,2002-06-04 18:10:00+00:00,28.8,2002-06-05 04:15:00+00:00,0.0,,,6.5,,1.4,250.0,1196,302,126.1491,34.6432
2002-06-06,22.6,17.8,2002-06-05 20:21:00+00:00,29.3,2002-06-06 02:35:00+00:00,0.0,,,6.4,,1.5,258.0,1270,302,126.1491,34.6432
2002-06-07,23.1,16.8,2002-06-06 20:18:00+00:00,30.1,2002-06-07 06:01:00+00:00,0.0,,,6.3,,1.3,254.0,1192,302,126.1491,34.6432
2002-06-08,21.9,18.5,2002-06-07 17:23:00+00:00,26.2,2002-06-08 05:25:00+00:00,0.0,,,8.2,,1.9,328.0,1203,302,126.1491,34.6432
2002-06-09,22.3,18.6,2002-06-08 20:51:00+00:00,26.3,2002-06-09 06:53:00+00:00,0.0,,,7.7,,2.0,197.0,1251,302,126.1491,34.6432
2002-06-10,21.9,19.5,2002-06-09 16:39:00+00:00,24.7,2002-06-10 06:19:00+00:00,52.0,,,13.3,,4.0,195.0,1250,302,126.1491,34.6432
2002-06-11,21.5,16.8,2002-06-11 14:18:00+00:00,24.8,2002-06-11 03:48:00+00:00,4.5,,,10.7,,3.0,252.0,1298,302,126.1491,34.6432
2002-06-12,21.3,16.4,2002-06-11 16:15:00+00:00,26.3,2002-06-12 03:57:00+00:00,0.0,,,10.2,,3.1,197.0,1253,302,126.1491,34.6432
2002-06-13,19.6,16.6,2002-06-12 19:47:00+00:00,24.5,2002-06-13 03:36:00+00:00,0.0,,,10.3,,2.8,325.0,1215,302,126.1491,34.6432
2002-06-14,20.8,17.3,2002-06-13 16:30:00+00:00,26.0,2002-06-14 06:00:00+00:00,0.0,,,6.4,,2.2,296.0,1268,302,126.1491,34.6432
2002-06-15,20.9,16.0,2002-06-14 20:19:00+00:00,25.2,2002-06-15 06:31:00+00:00,0.0,,,5.0,,0.8,140.0,1228,302,126.1491,34.6432
2002-06-16,21.9,16.4,2002-06-15 16:06:00+00:00,27.5,2002-06-16 04:58:00+00:00,0.0,,,6.1,,1.1,259.0,1281,302,126.1491,34.6432
2002-06-17,22.7,18.6,2002-06-16 18:13:00+00:00,29.3,2002-06-17 05:42:00+00:00,0.0,,,6.5,,1.3,312.0,1230,302,126.1491,34.6432
2002-06-18,21.9,18.4,2002-06-17 20:47:00+00:00,26.2,2002-06-18 06:29:00+00:00,0.0,,,6.9,,1.9,258.0,1255,302,126.1491,34.6432
2002-06-19,22.8,19.9,2002-06-18 17:03:00+00:00,26.2,2002-06-19 03:54:00+00:00,0.0,,,8.0,,1.9,144.0,1310,302,126.1491,34.6432
2002-06-20,22.7,19.4,2002-06-19 20:21:00+00:00,26.1,2002-06-20 03:03:00+00:00,0.0,,,7.8,,2.1,296.0,1246,302,126.1491,34.6432
2002-06-21,22.1,19.2,2002-06-21 14:29:00+00:00,25.7,2002-06-21 04:25:00+00:00,0.0,,,8.6,,2.3,305.0,1203,302,126.1491,34.6432
2002-06-22,21.8,18.9,2002-06-21 18:34:00+00:00,26.1,2002-06-22 01:26:00+00:00,0.0,,,8.3,,2.5,150.0,1313,302,126.1491,34.6432
2002-06-23,,,,,,0.0,,,,,,,304,302,126.1491,34.6432
2002-06-24,,,,,,0.5,,,,,,,857,302,126.1491,34.6432
2002-06-25,18.9,15.4,2002-06-24 17:34:00+00:00,22.2,2002-06-25 03:12:00+00:00,0.0,,,6.1,,2.4,55.0,1358,302,126.1491,34.6432
2002-06-26,19.3,17.0,2002-06-26 14:20:00+00:00,22.4,2002-06-26 03:58:00+00:00,0.0,,,8.3,,2.1,274.0,1248,302,126.1491,34.6432
2002-06-27,19.5,15.0,2002-06-26 20:01:00+00:00,24.6,2002-06-27 02:49:00+00:00,0.5,,,5.6,,1.4,299.0,1180,302,126.1491,34.6432
2002-06-28,20.8,16.1,2002-06-27 20:33:00+00:00,25.2,2002-06-28 06:16:00+00:00,0.0,,,6.8,,1.3,162.0,1281,302,126.1491,34.6432
2002-06-29,22.3,18.6,2002-06-28 16:20:00+00:00,27.4,2002-06-29 04:37:00+00:00,0.0,,,5.9,,2.1,62.0,1226,302,126.1491,34.6432
2002-06-30,22.6,20.8,2002-06-29 19:14:00+00:00,26.6,2002-06-30 06:43:00+00:00,0.0,,,3.8,,1.2,70.0,1296,302,126.1491,34.6432
2002-07-01,,,,,,0.0,,,,,,,489,302,126.1491,34.6432
2002-07-02,22.5,20.0,2002-07-01 19:17:00+00:00,25.8,2002-07-02 06:13:00+00:00,0.0,,,4.6,,1.0,318.0,1219,302,126.1491,34.6432
2002-07-03,25.1,20.1,2002-07-02 16:22:00+00:00,30.3,2002-07-03 04:49:00+00:00,0.0,,,4.8,,1.0,337.0,1214,302,126.1491,34.6432
2002-07-04,25.0,23.1,2002-07-03 15:01:00+00:00,28.0,2002-07-04 02:57:00+00:00,0.5,,,6.2,,1.6,105.0,1239,302,126.1491,34.6432
2002-07-05,23.1,21.0,2002-07-05 14:51:00+00:00,25.6,2002-07-05 06:37:00+00:00,83.0,,,18.4,,5.5,142.0,1273,302,126.1491,34.6432
2002-07-06,20.8,20.0,2002-07-05 17:07:00+00:00,22.9,2002-07-06 08:37:00+00:00,3.5,,,20.0,,6.3,215.0,1208,302,126.1491,34.6432
2002-07-07,21.5,19.3,2002-07-06 20:51:00+00:00,26.4,2002-07-07 04:21:00+00:00,0.0,,,10.0,,2.7,215.0,1219,302,126.1491,34.6432
2002-07-08,20.7,,,,,17.0,,,,,,,1088,302,126.1491,34.6432
2002-07-09,22.4,20.3,2002-07-08 15:00:00+00:00,27.0,2002-07-09 07:23:00+00:00,8.5,,,5.5,,1.8,316.0,1234,302,126.1491,34.6432
2002-07-10,22.3,19.1,2002-07-09 18:48:00+00:00,25.4,2002-07-10 04:44:00+00:00,0.0,,,7.3,,2.9,331.0,1240,302,126.1491,34.6432
2002-07-11,22.0,20.2,2002-07-11 14:54:00+00:00,25.3,2002-07-11 04:34:00+00:00,0.0,,,5.6,,1.7,157.0,1255,302,126.1491,34.6432
2002-07-12,21.9,19.4,2002-07-11 16:30:00+00:00,27.6,2002-07-12 05:07:00+00:00,0.0,,,4.9,,1.4,244.0,1188,302,126.1491,34.6432
2002-07-13,24.8,19.0,2002-07-12 17:11:00+00:00,31.4,2002-07-13 07:07:00+00:00,0.0,,,5.8,,1.1,155.0,1194,302,126.1491,34.6432
2002-07-14,23.9,22.5,2002-07-13 21:22:00+00:00,26.1,2002-07-13 15:01:00+00:00,0.5,,,10.1,,2.9,220.0,1190,302,126.1491,34.6432
2002-07-15,25.2,22.8,2002-07-15 11:14:00+00:00,30.1,2002-07-15 04:12:00+00:00,0.0,,,8.3,,2.3,255.0,1279,302,126.1491,34.6432
2002-07-16,24.8,21.9,2002-07-15 20:48:00+00:00,30.6,2002-07-16 05:10:00+00:00,0.0,,,8.5,,2.3,267.0,1280,302,126.1491,34.6432
2002-07-17,23.6,20.8,2002-07-17 14:16:00+00:00,27.8,2002-07-17 04:27:00+00:00,0.0,,,9.2,,2.7,215.0,1259,302,126.1491,34.6432
2002-07-18,23.3,20.0,2002-07-17 20:30:00+00:00,25.9,2002-07-18 06:52:00+00:00,0.0,,,5.2,,1.1,81.0,1307,302,126.1491,34.6432
2002-07-19,22.8,20.5,2002-07-19 14:58:00+00:00,25.5,2002-07-19 05:41:00+00:00,4.5,,,9.4,,3.1,33.0,1224,302,126.1491,34.6432
2002-07-20,23.1,20.1,2002-07-19 15:22:00+00:00,28.0,2002-07-20 04:30:00+00:00,19.5,,,7.7,,1.5,148.0,1253,302,126.1491,34.6432
2002-07-21,23.7,22.0,2002-07-20 15:39:00+00:00,25.7,2002-07-21 02:31:00+00:00,4.5,,,6.1,,1.4,131.0,1185,302,126.1491,34.6432
2002-07-22,23.9,22.4,2002-07-21 20:32:00+00:00,25.1,2002-07-22 09:13:00+00:00,3.5,,,11.3,,2.8,203.0,1281,302,126.1491,34.6432
2002-07-23,24.3,22.6,2002-07-22 19:35:00+00:00,27.6,2002-07-23 05:54:00+00:00,0.0,,,10.0,,2.7,216.0,1178,302,126.1491,34.6432
2002-07-24,25.7,23.0,2002-07-23 15:42:00+00:00,31.3,2002-07-24 07:43:00+00:00,0.0,,,6.3,,1.5,145.0,1221,302,126.1491,34.6432
2002-07-25,24.1,21.5,2002-07-24 21:10:00+00:00,29.2,2002-07-25 02:45:00+00:00,0.0,,,7.5,,1.8,309.0,1290,302,126.1491,34.6432
2002-07-26,25.2,23.8,2002-07-25 18:14:00+00:00,28.0,2002-07-26 03:42:00+00:00,33.5,,,13.3,,3.6,102.0,1175,302,126.1491,34.6432
2002-07-27,26.9,24.1,2002-07-26 22:39:00+00:00,31.0,2002-07-27 06:59:00+00:00,0.5,,,17.2,,4.2,121.0,1191,302,126.1491,34.6432
2002-07-28,24.6,22.7,2002-07-27 20:41:00+00:00,26.8,2002-07-28 04:45:00+00:00,0.0,,,12.1,,2.1,110.0,1213,302,126.1491,34.6432
2002-07-29,25.0,22.7,2002-07-28 18:17:00+00:00,28.9,2002-07-29 05:41:00+00:00,1.5,,,5.3,,1.8,198.0,1197,302,126.1491,34.6432
2002-07-30,,,,,,0.0,,,,,,,1,302,126.1491,34.6432
2002-07-31,26.2,22.7,2002-07-30 18:07:00+00:00,31.8,2002-07-31 06:00:00+00:00,0.0,,,5.9,,1.5,241.0,1321,302,126.1491,34.6432
2002-08-01,26.3,23.4,2002-07-31 17:37:00+00:00,30.8,2002-08-01 05:44:00+00:00,0.0,,,7.5,,1.8,228.0,1178,302,126.1491,34.6432
2002-08-02,25.9,23.6,2002-08-01 20:16:00+00:00,30.1,2002-08-02 07:18:00+00:00,0.0,,,5.9,,1.3,270.0,1225,302,126.1491,34.6432
2002-08-03,26.3,23.8,2002-08-03 14:30:00+00:00,30.7,2002-08-03 04:52:00+00:00,0.0,,,7.0,,1.5,252.0,1249,302,126.1491,34.6432
2002-08-04,26.5,23.5,2002-08-03 20:45:00+00:00,29.9,2002-08-04 04:06:00+00:00,0.0,,,8.7,,2.5,197.0,1270,302,126.1491,34.6432
2002-08-05,26.9,25.1,2002-08-04 16:40:00+00:00,29.9,2002-08-05 03:56:00+00:00,0.0,,,11.7,,4.3,233.0,1267,302,126.1491,34.6432
2002-08-06,25.7,23.7,2002-08-05 18:59:00+00:00,28.3,2002-08-06 05:01:00+00:00,17.5,,,12.9,,4.4,221.0,1247,302,126.1491,34.6432
2002-08-07,24.0,22.4,2002-08-07 14:52:00+00:00,26.4,2002-08-06 15:18:00+00:00,91.5,,,16.9,,4.9,198.0,1338,302,126.1491,34.6432
2002-08-08,23.6,22.0,2002-08-08 14:39:00+00:00,26.9,2002-08-08 06:09:00+00:00,2.0,,,10.0,,2.5,335.0,1284,302,126.1491,34.6432
2002-08-09,23.9,20.9,2002-08-08 21:09:00+00:00,27.1,2002-08-09 04:51:00+00:00,0.0,,,8.0,,2.6,333.0,1248,302,126.1491,34.6432
2002-08-10,21.5,,,,,8.5,,,,,,,1064,302,126.1491,34.6432
2002-08-11,22.2,20.7,2002-08-10 19:21:00+00:00,25.1,2002-08-11 07:04:00+00:00,0.0,,,6.9,,2.3,313.0,1199,302,126.1491,34.6432
2002-08-12,21.0,19.8,2002-08-11 22:47:00+00:00,21.6,2002-08-11 15:01:00+00:00,56.5,,,5.6,,1.6,28.0,1390,302,126.1491,34.6432
2002-08-13,22.6,21.1,2002-08-12 19:42:00+00:00,25.1,2002-08-13 02:58:00+00:00,0.5,,,5.8,,1.7,287.0,1257,302,126.1491,34.6432
2002-08-14,20.5,19.1,2002-08-13 20:56:00+00:00,21.3,2002-08-13 15:34:00+00:00,29.5,,,7.1,,2.1,62.0,1174,302,126.1491,34.6432
2002-08-15,22.2,20.7,2002-08-14 17:36:00+00:00,25.1,2002-08-15 05:02:00+00:00,11.0,,,8.2,,2.1,335.0,1222,302,126.1491,34.6432
2002-08-16,22.5,20.6,2002-08-15 19:48:00+00:00,24.4,2002-08-16 01:46:00+00:00,15.0,,,4.1,,0.9,143.0,1284,302,126.1491,34.6432
2002-08-17,24.6,21.7,2002-08-16 20:41:00+00:00,28.7,2002-08-17 06:30:00+00:00,0.0,,,7.3,,1.7,130.0,1275,302,126.1491,34.6432
2002-08-18,24.7,21.1,2002-08-17 21:08:00+00:00,28.9,2002-08-18 04:08:00+00:00,0.0,,,6.3,,1.2,217.0,1246,302,126.1491,34.6432
2002-08-19,24.6,21.9,2002-08-18 20:47:00+00:00,29.0,2002-08-19 06:09:00+00:00,0.0,,,5.0,,0.9,217.0,1260,302,126.1491,34.6432
2002-08-20,22.6,20.9,2002-08-20 13:29:00+00:00,24.7,2002-08-20 07:03:00+00:00,0.0,,,5.4,,1.0,149.0,1234,302,126.1491,34.6432
2002-08-21,23.5,20.0,2002-08-20 19:59:00+00:00,28.0,2002-08-21 05:44:00+00:00,0.0,,,5.2,,1.3,273.0,1224,302,126.1491,34.6432
2002-08-22,23.3,21.0,2002-08-21 19:40:00+00:00,25.9,2002-08-22 00:53:00+00:00,3.0,,,11.2,,1.6,194.0,1293,302,126.1491,34.6432
2002-08-23,24.4,22.7,2002-08-22 17:49:00+00:00,27.0,2002-08-23 09:06:00+00:00,3.5,,,12.6,,2.1,201.0,1183,302,126.1491,34.6432
2002-08-24,24.6,22.1,2002-08-23 20:17:00+00:00,27.8,2002-08-24 03:19:00+00:00,0.0,,,8.7,,1.4,204.0,1210,302,126.1491,34.6432
2002-08-25,23.6,20.9,2002-08-24 20:29:00+00:00,27.4,2002-08-25 05:08:00+00:00,0.0,,,4.2,,1.2,45.0,1173,302,126.1491,34.6432
2002-08-26,25.4,22.3,2002-08-25 18:34:00+00:00,28.3,2002-08-26 05:44:00+00:00,0.0,,,9.3,,2.3,101.0,1383,302,126.1491,34.6432
2002-08-27,25.2,23.3,2002-08-27 02:33:00+00:00,29.0,2002-08-27 05:16:00+00:00,4.0,,,16.0,,2.4,230.0,1219,302,126.1491,34.6432
2002-08-28,25.6,,,,,2.0,,,,,,,1035,302,126.1491,34.6432
2002-08-29,26.9,22.9,2002-08-28 20:13:00+00:00,32.5,2002-08-29 06:13:00+00:00,0.0,,,6.4,,1.5,65.0,1213,302,126.1491,34.6432
2002-08-30,25.2,23.3,2002-08-30 12:24:00+00:00,27.3,2002-08-30 01:22:00+00:00,4.5,,,11.8,,3.8,61.0,1245,302,126.1491,34.6432
2002-08-31,,,,,,26.0,,,,,,,688,302,126.1491,34.6432
2002-09-01,,,,,,0.0,,,,,,,469,302,126.1491,34.6432
2002-09-02,25.4,21.4,2002-09-01 19:17:00+00:00,31.3,2002-09-02 06:13:00+00:00,0.0,,,7.2,,1.6,209.0,1237,302,126.1491,34.6432
2002-09-03,24.9,22.3,2002-09-02 21:47:00+00:00,29.9,2002-09-03 07:16:00+00:00,0.0,,,4.6,,1.0,20.0,1230,302,126.1491,34.6432
2002-09-04,25.5,22.3,2002-09-03 21:22:00+00:00,32.1,2002-09-04 05:39:00+00:00,0.0,,,6.0,,1.7,302.0,1176,302,126.1491,34.6432
2002-09-05,23.7,21.6,2002-09-05 14:41:00+00:00,28.0,2002-09-05 04:21:00+00:00,0.0,,,10.3,,2.5,339.0,1206,302,126.1491,34.6432
2002-09-06,24.0,,,,,0.0,,,,,,,1150,302,126.1491,34.6432
2002-09-07,23.4,20.2,2002-09-06 20:45:00+00:00,28.7,2002-09-07 06:51:00+00:00,0.0,,,7.0,,1.9,67.0,1286,302,126.1491,34.6432
2002-09-08,23.3,20.0,2002-09-07 20:46:00+00:00,27.7,2002-09-08 02:31:00+00:00,0.0,,,6.3,,1.4,315.0,1255,302,126.1491,34.6432
2002-09-09,22.8,20.0,2002-09-08 18:48:00+00:00,26.7,2002-09-09 04:16:00+00:00,0.0,,,7.7,,2.3,331.0,1283,302,126.1491,34.6432
2002-09-10,22.6,20.6,2002-09-09 21:04:00+00:00,26.1,2002-09-10 04:08:00+00:00,0.0,,,6.0,,1.6,302.0,1235,302,126.1491,34.6432
2002-09-11,22.9,19.6,2002-09-10 21:22:00+00:00,26.9,2002-09-11 04:52:00+00:00,0.0,,,6.8,,1.5,311.0,1187,302,126.1491,34.6432
2002-09-12,22.7,20.3,2002-09-11 21:01:00+00:00,26.7,2002-09-12 04:06:00+00:00,0.0,,,8.6,,2.4,316.0,1266,302,126.1491,34.6432
2002-09-13,21.6,18.3,2002-09-13 14:48:00+00:00,25.4,2002-09-13 05:41:00+00:00,0.0,,,10.5,,3.2,32.0,1336,302,126.1491,34.6432
2002-09-14,21.1,17.1,2002-09-13 18:35:00+00:00,26.0,2002-09-14 04:05:00+00:00,0.0,,,6.4,,1.2,332.0,1244,302,126.1491,34.6432
2002-09-15,17.1,16.0,2002-09-15 13:23:00+00:00,20.2,2002-09-14 15:19:00+00:00,63.0,,,13.6,,4.4,36.0,1303,302,126.1491,34.6432
2002-09-16,17.8,,,,,12.0,,,,,,,1137,302,126.1491,34.6432
2002-09-17,20.9,17.7,2002-09-16 21:52:00+00:00,25.2,2002-09-17 06:32:00+00:00,0.0,,,6.3,,2.0,44.0,1216,302,126.1491,34.6432
2002-09-18,21.1,17.4,2002-09-17 20:52:00+00:00,27.0,2002-09-18 05:36:00+00:00,0.0,,,5.3,,0.9,62.0,1251,302,126.1491,34.6432
2002-09-19,20.5,15.9,2002-09-18 17:08:00+00:00,25.0,2002-09-19 03:07:00+00:00,0.0,,,7.4,,1.3,59.0,1204,302,126.1491,34.6432
2002-09-20,21.0,16.7,2002-09-19 21:10:00+00:00,25.5,2002-09-20 04:05:00+00:00,0.0,,,8.0,,1.8,350.0,1252,302,126.1491,34.6432
2002-09-21,20.3,18.2,2002-09-21 13:13:00+00:00,23.7,2002-09-21 03:39:00+00:00,0.0,,,9.2,,2.1,304.0,1175,302,126.1491,34.6432
2002-09-22,20.5,18.3,2002-09-21 16:37:00+00:00,23.1,2002-09-22 04:28:00+00:00,0.0,,,13.7,,3.6,333.0,1273,302,126.1491,34.6432
2002-09-23,20.4,16.2,2002-09-22 19:37:00+00:00,24.2,2002-09-23 03:49:00+00:00,0.0,,,9.1,,2.4,338.0,1262,302,126.1491,34.6432
2002-09-24,20.6,,,,,0.0,,,,,,,1142,302,126.1491,34.6432
2002-09-25,21.0,16.4,2002-09-24 18:44:00+00:00,25.5,2002-09-25 03:28:00+00:00,0.0,,,6.4,,1.5,142.0,1250,302,126.1491,34.6432
2002-09-26,21.3,17.4,2002-09-25 21:57:00+00:00,26.8,2002-09-26 05:48:00+00:00,0.0,,,6.9,,1.9,59.0,1226,302,126.1491,34.6432
2002-09-27,19.5,,,,,0.0,,,,,,,1144,302,126.1491,34.6432
2002-09-28,20.1,16.0,2002-09-28 14:56:00+00:00,25.4,2002-09-28 05:35:00+00:00,9.0,,,9.8,,1.8,243.0,1260,302,126.1491,34.6432
2002-09-29,19.8,16.1,2002-09-28 15:01:00+00:00,23.4,2002-09-29 04:23:00+00:00,0.0,,,9.4,,2.0,263.0,1187,302,126.1491,34.6432
2002-09-30,19.4,16.1,2002-09-29 17:33:00+00:00,23.3,2002-09-30 04:17:00+00:00,0.0,,,6.7,,1.8,326.0,1328,302,126.1491,34.6432
2002-10-01,19.2,15.4,2002-09-30 20:46:00+00:00,22.9,2002-10-01 04:03:00+00:00,0.0,,,7.6,,1.9,324.0,1232,302,126.1491,34.6432
2002-10-02,18.8,14.2,2002-10-01 15:00:00+00:00,22.5,2002-10-02 00:59:00+00:00,0.0,,,9.6,,2.5,316.0,1228,302,126.1491,34.6432
2002-10-03,20.8,13.5,2002-10-02 15:20:00+00:00,25.2,2002-10-03 05:06:00+00:00,0.5,,,12.8,,3.0,223.0,1204,302,126.1491,34.6432
2002-10-04,19.4,16.3,2002-10-03 21:01:00+00:00,23.8,2002-10-04 06:49:00+00:00,0.0,,,5.5,,1.3,64.0,1175,302,126.1491,34.6432
2002-10-05,22.5,18.0,2002-10-04 17:03:00+00:00,25.4,2002-10-05 04:48:00+00:00,0.0,,,10.6,,2.8,197.0,1227,302,126.1491,34.6432
2002-10-06,18.4,16.1,2002-10-06 00:27:00+00:00,22.6,2002-10-05 15:49:00+00:00,11.0,,,15.2,,3.6,328.0,1368,302,126.1491,34.6432
2002-10-07,17.5,13.7,2002-10-07 12:28:00+00:00,19.8,2002-10-07 05:56:00+00:00,0.0,,,12.2,,3.9,324.0,1225,302,126.1491,34.6432
2002-10-08,16.2,13.9,2002-10-08 14:56:00+00:00,18.6,2002-10-08 01:30:00+00:00,0.0,,,11.0,,3.0,347.0,1276,302,126.1491,34.6432
2002-10-09,15.7,11.5,2002-10-08 20:12:00+00:00,19.0,2002-10-09 06:14:00+00:00,0.0,,,9.5,,3.0,34.0,1181,302,126.1491,34.6432
2002-10-10,16.7,,,,,0.0,,,,,,,1059,302,126.1491,34.6432
2002-10-11,17.3,12.8,2002-10-10 18:13:00+00:00,23.3,2002-10-11 03:31:00+00:00,0.0,,,4.6,,0.7,244.0,1297,302,126.1491,34.6432
2002-10-12,18.9,14.2,2002-10-11 15:07:00+00:00,23.6,2002-10-12 04:47:00+00:00,0.0,,,6.5,,1.6,182.0,1193,302,126.1491,34.6432
2002-10-13,19.6,16.3,2002-10-13 14:27:00+00:00,24.0,2002-10-13 04:26:00+00:00,0.0,,,7.9,,2.1,325.0,1336,302,126.1491,34.6432
2002-10-14,18.4,13.5,2002-10-13 21:40:00+00:00,23.7,2002-10-14 04:03:00+00:00,0.0,,,6.0,,1.5,264.0,1185,302,126.1491,34.6432
2002-10-15,18.1,14.6,2002-10-14 20:37:00+00:00,21.3,2002-10-14 18:39:00+00:00,1.5,,,13.2,,4.8,325.0,1167,302,126.1491,34.6432
2002-10-16,16.1,10.6,2002-10-15 21:39:00+00:00,21.8,2002-10-16 07:18:00+00:00,0.0,,,4.7,,0.9,284.0,1207,302,126.1491,34.6432
2002-10-17,18.5,,,,,0.0,,,,,1.0,,1136,302,126.1491,34.6432
2002-10-18,18.4,17.2,2002-10-17 15:01:00+00:00,20.6,2002-10-18 04:43:00+00:00,8.0,,,12.9,,3.8,64.0,1333,302,126.1491,34.6432
2002-10-19,19.3,16.7,2002-10-18 21:18:00+00:00,22.8,2002-10-19 05:14:00+00:00,0.0,,,13.6,,4.2,53.0,1166,302,126.1491,34.6432
2002-10-20,16.7,15.2,2002-10-20 12:29:00+00:00,18.9,2002-10-19 15:01:00+00:00,3.5,,,8.5,,1.6,29.0,1206,302,126.1491,34.6432
2002-10-21,14.6,11.4,2002-10-21 14:22:00+00:00,18.4,2002-10-21 03:50:00+00:00,0.0,,,15.5,,4.9,6.0,1289,302,126.1491,34.6432
2002-10-22,11.0,9.8,2002-10-22 08:53:00+00:00,12.5,2002-10-22 02:31:00+00:00,0.0,,,16.6,,5.5,312.0,1286,302,126.1491,34.6432
2002-10-23,9.5,6.7,2002-10-23 13:53:00+00:00,11.6,2002-10-23 05:27:00+00:00,0.0,,,11.9,,2.7,346.0,1170,302,126.1491,34.6432
2002-10-24,13.5,7.7,2002-10-23 15:47:00+00:00,18.6,2002-10-24 04:45:00+00:00,0.0,,,5.1,,0.9,325.0,1306,302,126.1491,34.6432
2002-10-25,14.7,10.0,2002-10-24 19:32:00+00:00,20.1,2002-10-25 04:11:00+00:00,0.0,,,5.7,,0.9,31.0,1250,302,126.1491,34.6432
2002-10-26,11.8,9.3,2002-10-26 14:45:00+00:00,16.0,2002-10-25 18:40:00+00:00,1.5,,,18.3,,6.5,335.0,1223,302,126.1491,34.6432
2002-10-27,9.5,7.4,2002-10-26 16:22:00+00:00,11.3,2002-10-27 03:48:00+00:00,0.0,,,20.7,,8.0,330.0,1237,302,126.1491,34.6432
2002-10-28,8.7,6.9,2002-10-28 03:05:00+00:00,9.9,2002-10-27 17:17:00+00:00,1.5,,,12.2,,4.6,343.0,1303,302,126.1491,34.6432
2002-10-29,10.0,8.2,2002-10-28 15:27:00+00:00,12.8,2002-10-29 05:27:00+00:00,0.0,,,10.6,,3.1,347.0,1154,302,126.1491,34.6432
2002-10-30,11.0,,,,,0.0,,,,,,,1102,302,126.1491,34.6432
2002-10-31,13.7,10.0,2002-10-30 19:40:00+00:00,17.0,2002-10-31 04:03:00+00:00,0.0,,,8.0,,1.9,41.0,1194,302,126.1491,34.6432
2002-11-01,10.1,8.5,2002-11-01 11:43:00+00:00,13.4,2002-10-31 16:03:00+00:00,0.0,,,17.4,,6.5,344.0,1256,302,126.1491,34.6432
2002-11-02,9.3,6.2,2002-11-01 21:32:00+00:00,11.3,2002-11-02 14:24:00+00:00,0.0,,,13.6,,5.8,332.0,1279,302,126.1491,34.6432
2002-11-03,9.2,5.8,2002-11-03 13:56:00+00:00,12.9,2002-11-03 01:06:00+00:00,5.5,,,23.1,,7.5,320.0,1260,302,126.1491,34.6432
2002-11-04,7.3,4.4,2002-11-03 21:53:00+00:00,9.7,2002-11-04 04:37:00+00:00,0.5,,,17.7,,6.2,311.0,1236,302,126.1491,34.6432
2002-11-05,8.6,4.4,2002-11-04 21:33:00+00:00,12.3,2002-11-05 06:35:00+00:00,0.0,,,5.2,,1.2,50.0,1259,302,126.1491,34.6432
2002-11-06,13.2,8.0,2002-11-05 20:14:00+00:00,18.3,2002-11-06 05:11:00+00:00,0.0,,,8.4,,1.9,143.0,1298,302,126.1491,34.6432
2002-11-07,14.6,11.0,2002-11-07 14:42:00+00:00,18.5,2002-11-07 04:13:00+00:00,6.5,,,14.3,,4.1,218.0,1205,302,126.1491,34.6432
2002-11-08,,,,,,0.5,,,,,,,1020,302,126.1491,34.6432
2002-11-09,7.8,5.2,2002-11-08 15:37:00+00:00,9.3,2002-11-09 14:56:00+00:00,0.0,,,20.0,,6.3,334.0,1264,302,126.1491,34.6432
2002-11-10,12.8,4.6,2002-11-09 20:30:00+00:00,16.7,2002-11-10 06:44:00+00:00,0.0,,,20.0,,2.8,334.0,1255,302,126.1491,34.6432
2002-11-11,16.3,12.3,2002-11-11 14:55:00+00:00,19.7,2002-11-11 04:17:00+00:00,0.0,,,13.5,,5.0,219.0,1244,302,126.1491,34.6432
2002-11-12,8.9,,,,,0.0,,,,,,,1131,302,126.1491,34.6432
2002-11-13,7.7,5.0,2002-11-13 14:49:00+00:00,10.6,2002-11-13 04:43:00+00:00,0.0,,,8.0,,1.4,349.0,1206,302,126.1491,34.6432
2002-11-14,7.7,3.8,2002-11-13 21:54:00+00:00,12.1,2002-11-14 04:30:00+00:00,0.0,,,11.7,,0.8,40.0,1254,302,126.1491,34.6432
2002-11-15,5.5,3.3,2002-11-15 13:11:00+00:00,9.7,2002-11-14 15:02:00+00:00,0.0,,,12.8,,4.0,20.0,1227,302,126.1491,34.6432
2002-11-16,5.5,,,,,0.0,,,,,,,1059,302,126.1491,34.6432
2002-11-17,7.4,3.2,2002-11-16 15:34:00+00:00,12.8,2002-11-17 01:34:00+00:00,7.5,,,15.6,,4.3,331.0,1274,302,126.1491,34.6432
2002-11-18,4.2,0.7,2002-11-18 13:24:00+00:00,5.8,2002-11-17 15:45:00+00:00,0.0,,,17.3,,6.1,357.0,1211,302,126.1491,34.6432
2002-11-19,4.3,-0.2,2002-11-18 22:06:00+00:00,7.3,2002-11-19 05:51:00+00:00,0.0,,,7.8,,2.4,31.0,1241,302,126.1491,34.6432
2002-11-20,7.7,3.2,2002-11-19 18:32:00+00:00,11.0,2002-11-20 05:41:00+00:00,0.0,,,8.1,,1.7,28.0,1249,302,126.1491,34.6432
2002-11-21,6.4,4.7,2002-11-21 14:55:00+00:00,8.3,2002-11-20 15:01:00+00:00,0.0,,,13.2,,4.6,45.0,1179,302,126.1491,34.6432
2002-11-22,6.9,3.4,2002-11-21 20:49:00+00:00,12.3,2002-11-22 05:24:00+00:00,0.0,,,6.1,,2.1,22.0,1258,302,126.1491,34.6432
2002-11-23,9.0,4.0,2002-11-22 16:52:00+00:00,15.7,2002-11-23 04:05:00+00:00,0.0,,,7.9,,1.2,311.0,1184,302,126.1491,34.6432
2002-11-24,8.2,6.2,2002-11-24 13:21:00+00:00,10.9,2002-11-24 03:31:00+00:00,0.0,,,14.8,,4.1,317.0,1342,302,126.1491,34.6432
2002-11-25,6.9,5.1,2002-11-24 15:00:00+00:00,8.9,2002-11-25 03:55:00+00:00,0.0,,,15.7,,5.6,313.0,1286,302,126.1491,34.6432
2002-11-26,4.6,1.5,2002-11-25 18:29:00+00:00,7.1,2002-11-26 04:33:00+00:00,0.5,,,16.7,,4.9,314.0,1189,302,126.1491,34.6432
2002-11-27,4.0,0.8,2002-11-27 14:08:00+00:00,7.0,2002-11-27 05:04:00+00:00,0.0,,,13.6,,4.4,326.0,1315,302,126.1491,34.6432
2002-11-28,5.6,0.3,2002-11-27 21:45:00+00:00,10.6,2002-11-28 06:19:00+00:00,0.0,,,4.8,,1.3,148.0,1162,302,126.1491,34.6432
2002-11-29,,,,,,0.0,,,,,,,800,302,126.1491,34.6432
2002-11-30,8.3,5.9,2002-11-30 10:17:00+00:00,11.0,2002-11-29 15:09:00+00:00,0.0,,,9.8,,3.0,336.0,1213,302,126.1491,34.6432
2002-12-01,6.3,3.0,2002-12-01 12:58:00+00:00,10.7,2002-12-01 05:49:00+00:00,0.0,,,7.5,,2.1,40.0,1248,302,126.1491,34.6432
2002-12-02,7.6,3.1,2002-12-01 22:46:00+00:00,14.3,2002-12-02 03:57:00+00:00,0.0,,,4.1,,0.9,93.0,1284,302,126.1491,34.6432
2002-12-03,10.0,6.1,2002-12-02 16:05:00+00:00,11.9,2002-12-03 01:10:00+00:00,6.0,,,13.9,,4.1,70.0,1271,302,126.1491,34.6432
2002-12-04,9.8,7.7,2002-12-04 12:25:00+00:00,12.3,2002-12-04 05:29:00+00:00,0.0,,,9.7,,3.5,46.0,1259,302,126.1491,34.6432
2002-12-05,8.7,6.5,2002-12-05 14:59:00+00:00,11.4,2002-12-05 02:10:00+00:00,0.0,,,10.7,,2.8,351.0,1207,302,126.1491,34.6432
2002-12-06,6.8,5.2,2002-12-05 21:49:00+00:00,8.4,2002-12-06 03:49:00+00:00,1.5,,,8.7,,2.8,38.0,1220,302,126.1491,34.6432
2002-12-07,6.9,5.9,2002-12-07 05:25:00+00:00,7.9,2002-12-06 18:43:00+00:00,2.0,,,13.8,,4.0,34.0,1193,302,126.1491,34.6432
2002-12-08,5.2,2.3,2002-12-08 14:00:00+00:00,6.7,2002-12-07 15:03:00+00:00,1.0,,,17.2,,5.4,318.0,1222,302,126.1491,34.6432
2002-12-09,1.0,-1.2,2002-12-09 04:05:00+00:00,2.8,2002-12-08 15:32:00+00:00,0.0,,,19.1,,7.9,333.0,1207,302,126.1491,34.6432
2002-12-10,,,,,,0.0,,,,,,,773,302,126.1491,34.6432
2002-12-11,1.4,-1.2,2002-12-10 16:02:00+00:00,4.5,2002-12-10 22:05:00+00:00,1.5,,,14.1,,3.8,300.0,1294,302,126.1491,34.6432
2002-12-12,1.6,-2.6,2002-12-11 18:14:00+00:00,4.5,2002-12-12 01:59:00+00:00,0.0,,,10.0,,2.4,352.0,1279,302,126.1491,34.6432
2002-12-13,3.0,-0.4,2002-12-13 14:45:00+00:00,5.7,2002-12-13 04:41:00+00:00,0.0,,,11.1,,2.9,347.0,1236,302,126.1491,34.6432
2002-12-14,2.5,-2.0,2002-12-13 22:41:00+00:00,7.7,2002-12-14 05:48:00+00:00,0.0,,,4.4,,0.6,323.0,1250,302,126.1491,34.6432
2002-12-15,8.7,1.2,2002-12-14 15:39:00+00:00,13.5,2002-12-15 13:44:00+00:00,0.0,,,6.7,,1.7,148.0,1247,302,126.1491,34.6432
2002-12-16,9.3,5.4,2002-12-16 10:50:00+00:00,13.7,2002-12-15 19:54:00+00:00,3.0,,,14.8,,5.6,316.0,1205,302,126.1491,34.6432
2002-12-17,6.3,4.8,2002-12-16 22:30:00+00:00,8.8,2002-12-17 04:23:00+00:00,0.0,,,16.3,,2.5,329.0,1238,302,126.1491,34.6432
2002-12-18,6.7,4.6,2002-12-17 20:22:00+00:00,8.1,2002-12-18 05:42:00+00:00,0.0,,,9.8,,2.5,51.0,1164,302,126.1491,34.6432
2002-12-19,6.6,5.0,2002-12-18 21:48:00+00:00,9.8,2002-12-19 04:25:00+00:00,0.0,,,11.4,,4.0,36.0,1334,302,126.1491,34.6432
2002-12-20,7.0,3.2,2002-12-19 20:20:00+00:00,10.1,2002-12-20 06:10:00+00:00,0.0,,,7.3,,2.7,24.0,1215,302,126.1491,34.6432
2002-12-21,8.2,5.6,2002-12-21 14:43:00+00:00,11.9,2002-12-21 03:55:00+00:00,0.0,,,7.7,,2.0,350.0,1302,302,126.1491,34.6432
2002-12-22,7.1,3.5,2002-12-21 18:41:00+00:00,13.8,2002-12-22 03:58:00+00:00,0.0,,,7.8,,1.2,323.0,1276,302,126.1491,34.6432
2002-12-23,6.5,3.3,2002-12-22 21:30:00+00:00,9.8,2002-12-23 04:30:00+00:00,0.5,,,5.5,,0.9,330.0,1296,302,126.1491,34.6432
2002-12-24,6.0,4.7,2002-12-24 14:51:00+00:00,6.7,2002-12-23 17:41:00+00:00,0.0,,,10.5,,3.8,317.0,1213,302,126.1491,34.6432
2002-12-25,1.5,-1.7,2002-12-25 00:57:00+00:00,4.9,2002-12-24 15:02:00+00:00,0.5,,,22.9,,8.6,309.0,1243,302,126.1491,34.6432
2002-12-26,1.0,-0.5,2002-12-26 14:59:00+00:00,2.5,2002-12-26 03:23:00+00:00,0.0,,,15.3,,6.5,357.0,1211,302,126.1491,34.6432
2002-12-27,1.5,-0.6,2002-12-26 15:05:00+00:00,3.6,2002-12-27 05:05:00+00:00,0.0,,,12.9,,3.8,341.0,1305,302,126.1491,34.6432
2002-12-28,3.9,0.5,2002-12-27 18:53:00+00:00,5.7,2002-12-28 03:14:00+00:00,0.0,,,11.3,,4.8,297.0,1264,302,126.1491,34.6432
2002-12-29,3.0,1.7,2002-12-29 10:19:00+00:00,4.7,2002-12-29 03:02:00+00:00,0.0,,,12.0,,3.7,332.0,1239,302,126.1491,34.6432
2002-12-30,2.8,0.2,2002-12-30 12:37:00+00:00,5.6,2002-12-30 06:17:00+00:00,0.0,,,7.1,,1.8,35.0,1173,302,126.1491,34.6432
2002-12-31,2.5,-0.3,2002-12-30 15:49:00+00:00,5.7,2002-12-31 01:25:00+00:00,0.0,,,12.4,,2.3,323.0,1318,302,126.1491,34.6432
