dt,avg_ta,min_ta,max_ta,max_ta_hrmt,min_ta_hrmt,sum_rn,hr1_max_rn,mi10_max_rn,sum_rn_dur,n9_9_rn,mi10_max_rn_hrmt,hr1_max_rn_hrmt,min_rhm,avg_rhm,min_rhm_hrmt,hr24_sum_rws,avg_ws,max_ins_ws,max_ws,max_ins_ws_wd,max_ws_wd,max_wd,max_ins_ws_hrmt,max_ws_hrmt,ss_dur,sum_ss_hr,hr1_max_icsr,sum_gsr,hr1_max_icsr_hrmt,avg_tca,avg_lmac,avg_td,min_tg,avg_ts,avg_m1_5_te,avg_cm5_te,avg_cm10_te,avg_cm20_te,avg_cm30_te,avg_m0_5_te,avg_m1_0_te,avg_m5_0_te,avg_m3_0_te,dd_mes,dd_mefs,sum_dpth_fhsc,dd_mes_hrmt,dd_mefs_hrmt,avg_pv,avg_pa,avg_ps,min_ps,max_ps,min_ps_hrmt,max_ps_hrmt,sum_fog_dur,sum_lrg_ev,sum_sml_ev,iscs,code,x,y
2015-01-01,2.8,0.0,4.1,45.0,744.0,4.0,,,9.2,2.5,,,47.0,63.0,49.0,2643.0,3.1,13.2,5.7,250.0,250.0,290.0,1834.0,1823.0,10.0,5.4,,,,6.5,6.5,-3.6,-1.5,3.4,,,,,,,,,,0.7,0.7,1.3,212.0,212.0,4.7,1017.9,1024.1,1021.9,1026.4,140.0,2148.0,,,1.2,{소낙눈}0145-0220. {소낙눈}0245-0255. {소낙눈}0510-{소낙눈}{강도0}0600-0810. {소낙눈}0935-0952. {소낙눈}1015-1140. {소낙눈}1210-{소낙눈}{강도0}1500-1555.,189,126.5653,33.2462
2015-01-02,5.4,3.1,8.7,1441.0,438.0,0.1,,,0.57,0.1,,,39.0,55.0,1531.0,2647.0,3.1,12.4,5.6,270.0,270.0,270.0,1347.0,1554.0,10.0,8.2,,,,4.5,4.5,-3.1,-1.2,3.7,,,,,,,,,,,,,,,4.9,1018.5,1024.6,1022.0,1026.1,1638.0,2330.0,,,1.8,{소나기}1305-1339.,189,126.5653,33.2462
2015-01-03,7.6,3.7,11.5,1401.0,1.0,,,,,,,,55.0,68.8,1444.0,1502.0,1.7,7.2,3.7,250.0,230.0,20.0,1621.0,1605.0,10.0,6.6,,,,4.5,3.0,2.1,0.1,6.6,,,,,,,,,,,,,,,7.1,1017.0,1023.0,1019.5,1026.1,2325.0,6.0,,,1.8,,189,126.5653,33.2462
2015-01-04,11.9,8.6,16.3,1414.0,101.0,,,,,,,,36.0,60.6,1409.0,1947.0,2.3,10.2,5.7,250.0,250.0,290.0,1500.0,1325.0,10.0,9.2,,,,1.1,1.1,4.2,3.0,7.9,,,,,,,,,,,,,,,8.3,1011.9,1017.9,1015.6,1019.7,1353.0,21.0,,,2.7,,189,126.5653,33.2462
2015-01-05,13.1,7.5,16.7,1453.0,155.0,3.0,,,3.77,5.0,,,49.0,71.4,715.0,1964.0,2.3,13.4,8.1,230.0,230.0,20.0,2315.0,2344.0,10.0,3.7,,,,7.3,3.6,7.8,2.5,9.5,,,,,,,,,,,,,,,11.1,1010.3,1016.2,1009.9,1020.3,2358.0,848.0,,,2.0,{비}2014-{비}{강도0}2100-{비}{강도0}2400-,189,126.5653,33.2462
2015-01-06,11.7,6.8,16.6,819.0,2312.0,2.0,,,1.13,,,,39.0,57.1,1652.0,2637.0,3.1,12.4,6.5,90.0,230.0,90.0,846.0,11.0,10.1,9.0,,,,5.3,,3.3,5.3,11.0,,,,,,,,,,,,,,,8.1,1006.5,1012.4,1004.8,1017.2,1420.0,2254.0,,,2.8,-{비}-0108. {박무}0315-0420.,189,126.5653,33.2462
2015-01-07,6.3,4.0,10.0,1347.0,2324.0,,,,,,,,46.0,62.4,1613.0,1620.0,1.9,10.7,3.9,290.0,180.0,70.0,1657.0,1501.0,10.1,5.9,,,,4.0,4.0,-0.4,0.1,7.1,,,,,,,,,,,,,,,5.9,1013.2,1019.2,1015.6,1021.8,105.0,2042.0,,,1.8,,189,126.5653,33.2462
2015-01-08,7.0,3.6,11.9,1425.0,541.0,,,,,,,,40.0,60.4,1228.0,1740.0,2.0,8.0,4.5,230.0,20.0,20.0,554.0,345.0,10.1,9.6,,,,1.3,1.3,-0.4,-1.0,5.2,,,,,,,,,,,,,,,6.0,1017.6,1023.7,1021.5,1025.4,35.0,838.0,,,2.2,,189,126.5653,33.2462
2015-01-09,7.4,4.8,12.6,1321.0,315.0,,,,,,,,30.0,54.3,1313.0,2253.0,2.6,12.5,5.7,250.0,250.0,270.0,1537.0,1538.0,10.1,9.0,,,,0.8,0.8,-1.4,-0.4,4.8,,,,,,,,,,,,,,,5.5,1018.9,1025.0,1022.9,1026.4,1415.0,1026.0,,,2.8,,189,126.5653,33.2462
2015-01-10,8.7,5.6,13.1,1337.0,2120.0,,,,,,,,22.0,44.4,1521.0,1841.0,2.1,10.7,5.3,250.0,270.0,270.0,1332.0,704.0,10.1,9.3,,,,0.1,0.1,-3.3,-0.8,4.8,,,,,,,,,,,,,,,4.9,1018.1,1024.1,1022.2,1025.7,1331.0,58.0,,,2.7,,189,126.5653,33.2462
2015-01-11,9.5,4.6,14.0,1412.0,137.0,,,,,,,,19.0,48.8,1418.0,2239.0,2.6,11.4,5.2,290.0,250.0,270.0,1308.0,1522.0,10.1,7.9,,,,0.9,0.9,-1.4,-1.2,5.4,,,,,,,,,,,,,,,5.6,1017.8,1023.8,1021.1,1027.4,1541.0,2249.0,,,2.8,{연무}0710-{연무}{강도0}0900-{연무}{강도0}1200-1325.,189,126.5653,33.2462
2015-01-12,6.6,3.3,11.7,1338.0,523.0,,,,,,,,24.0,53.1,1342.0,1876.0,2.2,8.9,5.5,50.0,70.0,20.0,2154.0,2154.0,10.1,9.1,,,,1.5,0.0,-2.7,-2.1,4.0,,,,,,,,,,,,,,,5.1,1025.2,1031.3,1027.1,1033.9,9.0,2117.0,,,2.7,,189,126.5653,33.2462
2015-01-13,10.3,6.1,12.8,1038.0,1.0,,,,,4.0,,,52.0,65.4,1039.0,2815.0,3.3,8.7,5.0,70.0,70.0,50.0,1532.0,1333.0,10.2,0.3,,,,8.4,5.6,4.0,1.6,7.7,,,,,,,,,,,,,,,8.2,1024.8,1030.8,1028.8,1033.2,2339.0,114.0,,,2.1,,189,126.5653,33.2462
2015-01-14,9.7,8.5,10.7,153.0,1849.0,31.0,,,19.7,27.0,,,73.0,85.1,1.0,3332.0,3.9,12.6,6.9,90.0,50.0,50.0,1636.0,1528.0,10.2,0.0,,,,10.0,6.5,7.3,7.5,8.6,,,,,,,,,,,,,,,10.2,1016.4,1022.4,1017.1,1028.8,2317.0,1.0,,,2.5,{비}0315-{비}{강도0}0600-{비}{강도0}0900-{비}{강도0}1200-{비}{강도0}1500-{비}{강도0}1800-{비}{강도1}2100-2257. {박무}1835-{박무}{강도0}2100-2120.,189,126.5653,33.2462
2015-01-15,9.8,5.5,14.0,1133.0,2331.0,,,,,,,,22.0,49.3,1416.0,1783.0,2.1,9.5,5.4,20.0,360.0,20.0,1327.0,1328.0,10.2,9.7,,,,0.8,0.8,-0.8,1.1,6.9,,,,,,,,,,,,,,,5.9,1014.3,1020.3,1016.9,1022.8,420.0,1948.0,,,2.3,,189,126.5653,33.2462
2015-01-16,8.1,5.3,11.1,1200.0,620.0,,,,,,,,43.0,61.4,129.0,1918.0,2.2,9.0,4.1,290.0,340.0,290.0,2238.0,2341.0,10.2,2.1,,,,5.4,4.9,1.0,0.5,5.1,,,,,,,,,,,,,,,6.6,1015.5,1021.5,1019.3,1023.1,1536.0,2352.0,,,1.6,{연무}1242-{연무}{강도0}1500-{연무}{강도0}1800-{연무}{강도0}2100-{연무}{강도0}2400-,189,126.5653,33.2462
2015-01-17,6.2,3.2,10.1,1420.0,2259.0,,,,,,,,31.0,49.9,1411.0,2301.0,2.7,14.4,5.9,270.0,230.0,200.0,556.0,1535.0,10.2,9.2,,,,2.4,2.4,-3.8,-0.9,5.0,,,,,,,,,,,,,,,4.7,1020.6,1026.7,1023.0,1029.1,9.0,1954.0,,,2.4,-{연무}-0200.,189,126.5653,33.2462
2015-01-18,7.7,3.6,10.6,1010.0,1.0,,,,,,,,52.0,61.1,1214.0,2449.0,2.8,9.9,5.4,250.0,230.0,270.0,1336.0,1311.0,10.2,3.4,,,,5.0,4.5,0.6,-1.0,5.4,,,,,,,,,,,,,,,6.4,1017.6,1023.6,1020.4,1028.2,2044.0,1.0,,,2.3,{연무}2345-{연무}{강도0}2400-,189,126.5653,33.2462
2015-01-19,8.5,5.9,12.1,1524.0,2336.0,,,,,,,,31.0,49.4,1429.0,2448.0,2.8,11.5,6.0,230.0,270.0,270.0,1353.0,1357.0,10.3,9.0,,,,2.1,2.1,-1.9,1.3,5.3,,,,,,,,,,,,,,,5.4,1017.4,1023.4,1021.0,1025.0,49.0,2350.0,,,2.6,-{연무}-0230. {연무}0520-{연무}{강도0}0600-0735.,189,126.5653,33.2462
2015-01-20,7.8,4.0,11.1,1447.0,521.0,,,,,1.0,,,56.0,72.5,1226.0,1470.0,1.7,5.9,3.0,20.0,200.0,20.0,6.0,1155.0,10.3,7.2,,,,5.6,,3.0,-0.6,5.9,,,,,,,,,,,,,,,7.6,1019.2,1025.3,1024.0,1026.7,1650.0,1034.0,,,1.6,,189,126.5653,33.2462
2015-01-21,9.2,7.4,10.9,1556.0,2249.0,10.5,,,7.33,9.5,,,72.0,83.9,547.0,1140.0,1.3,4.0,2.7,20.0,20.0,20.0,3.0,9.0,10.3,0.0,,,,7.9,,6.6,3.5,8.1,,,,,,,,,,,,,,,9.8,1013.8,1019.8,1017.1,1024.5,2353.0,1.0,,,0.7,{비}0650-{비}{강도0}0900-{비}{강도0}1200-1410.,189,126.5653,33.2462
2015-01-22,8.0,4.5,12.1,1440.0,2320.0,0.0,,,,,,,41.0,60.3,1235.0,1427.0,1.7,7.4,4.2,160.0,250.0,340.0,1332.0,1339.0,10.3,8.1,,,,6.5,,0.6,0.9,7.4,,,,,,,,,,,,,,,6.4,1010.9,1016.9,1013.8,1020.3,553.0,2359.0,,,2.3,{천둥}{강도0}(SW)0252-0258. {소나기}0315-0327.,189,126.5653,33.2462
2015-01-23,6.3,3.0,12.1,1345.0,629.0,,,,,,,,49.0,67.6,1346.0,1401.0,1.6,5.6,3.2,180.0,200.0,360.0,1239.0,1258.0,10.4,9.5,,,,4.0,,0.6,-0.7,6.1,,,,,,,,,,,,,,,6.4,1016.2,1022.2,1020.3,1024.1,1.0,2355.0,,,,,189,126.5653,33.2462
2015-01-24,7.9,3.8,12.3,1448.0,139.0,,,,,,,,53.0,67.9,1217.0,1604.0,1.9,6.9,3.9,230.0,230.0,230.0,1320.0,1320.0,10.4,9.4,,,,,,2.2,-0.4,5.9,,,,,,,,,,,,,,,7.2,1019.7,1025.8,1023.3,1027.3,121.0,2145.0,,,,,189,126.5653,33.2462
2015-01-25,12.8,6.8,17.2,1507.0,117.0,22.5,,,,22.5,,,57.0,77.8,1143.0,2199.0,2.5,10.1,5.5,200.0,230.0,20.0,1738.0,1927.0,10.4,2.0,,,,,,8.8,3.3,10.3,,,,,,,,,,,,,,,11.6,1016.9,1022.9,1019.5,1026.8,2338.0,1.0,,,,,189,126.5653,33.2462
2015-01-26,12.9,11.0,16.3,1458.0,2353.0,0.0,,,,,,,66.0,81.9,1459.0,1731.0,2.0,10.2,4.7,270.0,250.0,250.0,1403.0,553.0,10.4,5.9,,,,8.0,,9.8,8.9,13.3,,,,,,,,,,,,,,,12.1,1012.4,1018.2,1016.3,1020.1,1347.0,2305.0,,,1.7,-{박무}-{박무}{강도0}0900-{박무}{강도0}1200-1220.,189,126.5653,33.2462
2015-01-27,9.5,6.2,12.7,1310.0,2339.0,,,,,,,,29.0,64.6,1945.0,1678.0,1.9,9.1,5.8,230.0,230.0,70.0,1508.0,1509.0,10.5,8.0,,,,5.3,,2.8,3.2,10.0,,,,,,,,,,,,,,,7.8,1014.4,1020.4,1018.5,1022.1,350.0,2252.0,,,2.6,-{박무}-{박무}{강도0}0900-1015.,189,126.5653,33.2462
2015-01-28,7.3,4.8,10.8,1355.0,2041.0,,,,,1.5,,,29.0,42.5,1139.0,1951.0,2.3,8.6,4.5,90.0,230.0,70.0,2101.0,1234.0,10.5,7.0,,,,6.0,,-4.7,1.7,6.7,,,,,,,,,,,,,,,4.4,1018.4,1024.5,1021.3,1027.0,9.0,2206.0,,,2.3,,189,126.5653,33.2462
2015-01-29,8.2,6.2,9.3,1607.0,1.0,7.0,,,,6.0,,,58.0,82.4,1.0,1579.0,1.8,5.9,3.3,20.0,50.0,20.0,308.0,26.0,10.5,0.0,,,,10.0,,5.3,2.9,7.1,,,,,,,,,,,,,,,8.9,1016.8,1022.8,1020.6,1026.4,1623.0,9.0,,,0.5,-{비}-{비}{강도0}0900-{비}{강도0}1200-1335. {비}1447-1458.,189,126.5653,33.2462
2015-01-30,6.3,3.4,9.8,1402.0,2317.0,0.5,,,,,,,47.0,65.0,1408.0,1469.0,1.7,8.9,4.5,160.0,200.0,250.0,1633.0,1637.0,10.5,5.5,,,,7.3,,0.1,1.1,8.1,,,,,,,,,,,,,,,6.3,1017.0,1023.1,1019.1,1028.3,432.0,2340.0,,,,,189,126.5653,33.2462
2015-01-31,4.6,1.7,8.8,1513.0,348.0,,,,,,,,45.0,61.4,1435.0,1484.0,1.7,9.0,3.4,340.0,270.0,20.0,115.0,6.0,10.6,8.2,,,,,,-2.3,-1.3,5.7,,,,,,,,,,,,,,,5.2,1022.7,1028.9,1026.7,1031.0,408.0,2255.0,,,,,189,126.5653,33.2462
2015-02-01,6.8,2.4,10.4,1505.0,439.0,,,,,,,,47.0,61.4,1646.0,1799.0,2.1,6.8,4.3,230.0,230.0,230.0,1241.0,1306.0,10.6,9.5,,,,,,-0.2,-1.3,5.8,,,,,,,,,,,,,,,6.1,1024.4,1030.5,1029.5,1031.8,1621.0,914.0,,,,,189,126.5653,33.2462
2015-02-02,8.5,6.6,12.8,1341.0,2400.0,,,,,,,,35.0,61.6,1610.0,1256.0,1.5,5.3,3.3,180.0,230.0,360.0,1609.0,1329.0,10.6,4.9,,,,5.3,,1.2,2.6,8.3,,,,,,,,,,,,,,,6.8,1022.7,1028.7,1027.1,1030.0,1457.0,3.0,,,2.0,,189,126.5653,33.2462
2015-02-03,8.2,4.9,12.8,1117.0,724.0,,,,,,,,47.0,62.8,1400.0,1418.0,1.6,5.9,3.3,200.0,250.0,360.0,1418.0,1356.0,10.6,5.0,,,,5.8,,1.4,0.4,6.6,,,,,,,,,,,,,,,6.8,1020.6,1026.7,1024.3,1029.0,1721.0,3.0,,,1.8,,189,126.5653,33.2462
2015-02-04,6.8,5.2,11.2,1343.0,2354.0,,,,,0.5,,,40.0,57.6,1346.0,1737.0,2.0,10.7,5.8,290.0,270.0,,1434.0,1439.0,10.7,4.5,,,,8.5,,-1.1,1.2,6.4,,,,,,,,,,,,,,,5.7,1016.5,1022.6,1021.0,1024.3,1429.0,1.0,,,1.7,-{연무}-{연무}{강도0}0900-0920. {연무}1410-{연무}{강도0}1500-{연무}{강도0}1800-,189,126.5653,33.2462
2015-02-05,5.1,2.4,8.2,1229.0,437.0,0.5,,,2.13,,,,43.0,58.5,1229.0,2171.0,2.5,13.3,6.0,20.0,340.0,290.0,1641.0,1701.0,10.7,7.5,,,,7.0,,-2.5,-0.7,5.4,,,,,,,,,,,,,,,5.1,1017.4,1023.5,1021.7,1026.2,407.0,2350.0,,,2.0,{소낙눈}0918-0953. {소낙성진눈깨비}1122-{소낙성진눈깨비}{강도0}1200-1255.,189,126.5653,33.2462
2015-02-06,6.6,2.0,10.2,1304.0,139.0,,,,,,,,53.0,64.3,1513.0,1369.0,1.6,5.4,2.6,320.0,250.0,,2400.0,2324.0,10.7,1.0,,,,7.5,,0.3,-1.2,5.9,,,,,,,,,,,,,,,6.3,1019.0,1025.1,1023.8,1026.4,1633.0,1027.0,,,,,189,126.5653,33.2462
2015-02-07,8.0,6.3,10.9,1305.0,209.0,,,,,0.0,,,42.0,55.5,1456.0,1936.0,2.2,10.0,5.0,290.0,270.0,270.0,1552.0,1540.0,10.8,6.2,,,,,,-0.5,3.4,7.6,,,,,,,,,,,,,,,5.9,1015.5,1021.5,1019.4,1025.1,1549.0,1.0,,,,,189,126.5653,33.2462
2015-02-08,1.8,-0.8,8.1,46.0,2148.0,0.0,,,,,,,32.0,59.3,1118.0,2585.0,3.0,17.7,6.1,270.0,270.0,270.0,1327.0,1202.0,10.8,8.5,,,,,,-5.3,-2.5,3.8,,,,,,,,,,,,,,,4.2,1018.6,1024.8,1020.5,1028.1,23.0,2014.0,,,,,189,126.5653,33.2462
2015-02-09,1.9,-0.2,6.2,1542.0,606.0,,,,,,,,38.0,58.0,1700.0,1373.0,1.6,7.0,3.7,290.0,200.0,200.0,1834.0,1203.0,10.8,7.4,,,,5.0,,-5.6,-2.4,4.0,,,,,,,,,,,,,,,4.0,1021.6,1027.8,1026.0,1030.0,2355.0,959.0,,,2.0,,189,126.5653,33.2462
2015-02-10,5.7,0.5,9.5,1234.0,330.0,,,,,,,,43.0,58.0,1558.0,2179.0,2.5,9.7,5.0,270.0,270.0,270.0,1448.0,1607.0,10.8,7.6,,,,5.3,,-2.0,-2.2,3.6,,,,,,,,,,,,,,,5.3,1015.5,1021.6,1018.9,1026.1,2355.0,8.0,,,2.1,-{연무}-{연무}{강도0}0900-1130.,189,126.5653,33.2462
2015-02-11,7.9,4.5,11.7,1331.0,657.0,,,,,,,,42.0,56.5,1250.0,1950.0,2.3,9.7,5.5,200.0,230.0,230.0,1258.0,1345.0,10.9,9.3,,,,1.5,,-0.4,-1.0,5.8,,,,,,,,,,,,,,,6.0,1009.4,1015.4,1013.0,1019.1,1649.0,29.0,,,2.8,,189,126.5653,33.2462
2015-02-12,7.9,3.4,13.4,1213.0,2336.0,,,,,,,,15.3,51.3,1214.0,1987.0,2.3,11.1,5.1,250.0,270.0,270.0,1457.0,1701.0,10.9,9.5,,,,1.3,,-2.4,-0.6,6.7,,,,,,,,,,,,,,,5.3,1006.7,1012.6,1011.0,1017.0,605.0,2358.0,,,3.0,-{연무}-{연무}{강도0}0900-0925.,189,126.5653,33.2462
2015-02-13,5.5,0.9,10.9,1435.0,716.0,,,,,,,,30.0,52.3,1206.0,1424.0,1.6,7.7,3.9,230.0,200.0,20.0,1026.0,1030.0,10.9,10.2,,,,1.0,,-3.9,-2.8,5.3,,,,,,,,,,,,,,,4.6,1013.8,1019.9,1016.9,1023.1,2.0,2305.0,,,,,189,126.5653,33.2462
2015-02-14,8.3,2.2,12.2,1419.0,427.0,,,,,,,,36.0,59.8,1240.0,1679.0,1.9,7.8,4.8,230.0,230.0,,1448.0,1446.0,11.0,10.1,,,,,,0.7,-2.1,6.4,,,,,,,,,,,,,,,6.5,1016.6,1022.7,1021.3,1024.0,1528.0,857.0,,,,,189,126.5653,33.2462
2015-02-15,12.7,11.3,14.9,1236.0,6.0,63.5,,,,71.0,,,65.0,87.5,1.0,1281.0,1.5,8.8,4.6,230.0,200.0,320.0,1745.0,1809.0,11.0,0.0,,,,,,10.6,6.5,10.6,,,,,,,,,,,,,,,12.8,1012.9,1018.8,1015.6,1022.9,2354.0,1.0,,,,,189,126.5653,33.2462
2015-02-16,13.7,10.0,19.5,1522.0,2327.0,7.5,,,,,,,49.0,78.5,1516.0,2344.0,2.7,11.2,5.6,230.0,250.0,250.0,1325.0,1226.0,11.0,8.1,,,,4.8,,9.7,6.8,13.9,,,,,,,,,,,,,,,12.2,1006.2,1012.0,1009.2,1015.7,1511.0,1.0,,,3.0,,189,126.5653,33.2462
2015-02-17,8.5,6.0,14.0,1400.0,736.0,,,,,,,,28.0,53.5,1404.0,2540.0,2.9,14.1,6.5,250.0,270.0,270.0,1742.0,1742.0,11.1,9.8,,,,3.0,,-0.8,2.1,8.4,,,,,,,,,,,,,,,5.8,1010.6,1016.6,1013.8,1019.0,517.0,2342.0,,,,-{연무}-{연무}{강도0}0900-0940.,189,126.5653,33.2462
2015-02-18,7.5,4.8,12.0,1327.0,419.0,,,,,,,,45.0,58.9,1141.0,2317.0,2.7,11.2,5.5,320.0,270.0,20.0,2323.0,2327.0,11.1,10.2,,,,,,-0.1,0.7,7.5,,,,,,,,,,,,,,,6.1,1014.0,1020.0,1017.9,1022.5,34.0,2308.0,,,,,189,126.5653,33.2462
2015-02-19,6.6,2.3,10.0,1547.0,633.0,,,,,,,,46.0,60.9,25.0,2092.0,2.4,9.1,5.1,340.0,200.0,200.0,137.0,1130.0,11.1,10.4,,,,,,-0.5,-1.6,6.8,,,,,,,,,,,,,,,6.0,1019.3,1025.4,1022.0,1027.6,18.0,2224.0,,,,,189,126.5653,33.2462
2015-02-20,9.6,4.7,13.3,1203.0,200.0,,,,,8.0,,,49.0,63.1,1248.0,1923.0,2.2,6.9,3.6,70.0,70.0,70.0,2120.0,2302.0,11.2,4.4,,,,,,2.8,0.5,7.8,,,,,,,,,,,,,,,7.5,1019.1,1025.1,1022.7,1027.2,2338.0,1.0,,,,,189,126.5653,33.2462
2015-02-21,11.6,10.1,14.1,1606.0,1.0,103.0,,,,95.0,,,68.0,91.4,251.0,1678.0,1.9,7.1,3.9,250.0,70.0,20.0,2025.0,128.0,11.2,0.0,,,,10.0,,10.1,8.2,10.7,,,,,,,,,,,,,,,12.5,1010.9,1016.8,1011.0,1022.7,2112.0,1.0,,,,-{비}-{비}{강도2}1500-  -{박무}-{박무}{강도1}1500-,189,126.5653,33.2462
2015-02-22,11.1,8.7,14.2,1452.0,2255.0,,,,,,,,73.0,86.8,1453.0,1151.0,1.3,5.0,2.6,180.0,70.0,70.0,1544.0,1211.0,11.2,1.6,,,,3.7,,8.9,5.8,12.6,,,,,,,,,,,,,,,11.4,1010.8,1016.8,1014.6,1019.7,626.0,2238.0,,,,{황사}1725-{황사}{강도0}1800-{황사}{강도0}2100-{황사}{강도0}2400-,189,126.5653,33.2462
2015-02-23,9.8,7.2,14.0,1501.0,218.0,,,,,,,,57.0,71.8,1502.0,1378.0,1.6,6.9,3.9,180.0,180.0,340.0,1159.0,1207.0,11.3,5.4,,,,6.5,,4.8,4.6,11.5,,,,,,,,,,,,,,,8.6,1012.6,1018.5,1017.6,1021.1,1747.0,937.0,,,2.1,-{황사}-{황사}{강도0}0300-{황사}{강도0}0600-{황사}{강도0}0900-{황사}{강도0}1200-{황사}{강도0}1500-{황사}{강도0}1800-{황사}{강도0}2100-{황사}{강도0}2400-,189,126.5653,33.2462
2015-02-24,10.3,7.1,14.4,1604.0,223.0,,,,,0.0,,,27.0,58.4,1812.0,1519.0,1.8,7.6,4.1,230.0,230.0,340.0,1409.0,1410.0,11.3,7.3,,,,5.6,,2.0,4.3,10.9,,,,,,,,,,,,,,,7.2,1011.4,1017.4,1015.9,1019.0,1449.0,2315.0,,,3.0,-{황사}-{황사}{강도0}0300-0335.,189,126.5653,33.2462
2015-02-25,10.8,8.5,12.7,1146.0,216.0,0.2,,,,0.2,,,53.0,71.1,1.0,1165.0,1.3,4.6,2.7,340.0,230.0,230.0,240.0,1151.0,11.3,0.0,,,,10.0,,5.7,4.9,9.8,,,,,,,,,,,,,,,9.2,1012.4,1018.3,1016.4,1019.9,1654.0,250.0,,,0.6,-{비}-{비}{강도0}0900-0925. {비}1148-{비}{강도0}1200-1356. {비}1607-1750.,189,126.5653,33.2462
2015-02-26,11.4,7.4,16.2,1315.0,2337.0,,,,,,,,22.0,57.1,2021.0,1647.0,1.9,12.1,5.3,90.0,200.0,90.0,2343.0,2025.0,11.4,6.7,,,,8.0,,2.2,3.2,11.7,,,,,,,,,,,,,,,7.9,1011.8,1017.7,1015.5,1020.9,1411.0,2143.0,,,3.0,,189,126.5653,33.2462
2015-02-27,6.2,3.8,8.2,20.0,644.0,,,,,,,,20.0,54.3,29.0,1948.0,2.3,11.8,5.0,90.0,70.0,200.0,8.0,2021.0,11.4,0.7,,,,9.5,,-2.5,-0.6,6.3,,,,,,,,,,,,,,,5.2,1018.6,1024.7,1020.0,1027.1,1.0,2203.0,,,,,189,126.5653,33.2462
2015-02-28,8.0,5.5,9.8,1319.0,1.0,6.0,,,,6.5,,,51.0,71.6,1.0,3240.0,3.8,8.9,5.4,70.0,50.0,50.0,908.0,2311.0,11.4,0.0,,,,,,3.0,2.4,6.4,,,,,,,,,,,,,,,7.6,1016.3,1022.3,1018.0,1026.4,2351.0,125.0,,,,,189,126.5653,33.2462
2015-03-01,8.3,5.0,12.5,1508.0,2358.0,0.5,,,,,,,24.0,68.0,1513.0,1726.0,2.0,9.9,4.1,290.0,320.0,180.0,1541.0,1546.0,11.5,8.7,,,,,,2.0,1.8,10.3,,,,,,,,,,,,,,,7.3,1012.6,1018.6,1016.0,1021.0,528.0,2207.0,,,,,189,126.5653,33.2462
2015-03-02,7.8,4.1,11.3,1152.0,416.0,,,,,0.0,,,37.0,57.5,1138.0,1889.0,2.2,7.6,4.8,200.0,230.0,250.0,1541.0,1355.0,11.5,10.3,,,,2.5,,-0.3,0.0,8.1,,,,,,,,,,,,,,,6.0,1013.5,1019.5,1016.9,1022.1,2400.0,956.0,,,3.1,,189,126.5653,33.2462
2015-03-03,9.5,7.1,11.7,1612.0,2348.0,1.0,,,,1.0,,,59.0,73.8,1722.0,1422.0,1.6,12.5,4.9,20.0,360.0,290.0,2218.0,2342.0,11.5,0.9,,,,9.5,,5.0,4.3,9.0,,,,,,,,,,,,,,,8.8,1007.0,1012.9,1009.2,1017.3,1503.0,23.0,,,0.5,{비}0922-1112.,189,126.5653,33.2462
2015-03-04,5.4,2.8,9.1,1210.0,600.0,,,,,,,,38.0,54.6,1330.0,2526.0,2.9,11.6,5.1,200.0,200.0,70.0,1352.0,1612.0,11.6,7.0,,,,7.0,,-3.1,-1.0,6.0,,,,,,,,,,,,,,,4.9,1013.8,1019.8,1015.4,1023.7,11.0,2245.0,,,2.0,,189,126.5653,33.2462
2015-03-05,6.6,2.7,10.3,1221.0,515.0,,,,,,,,22.0,44.8,2037.0,1704.0,2.0,6.7,3.9,250.0,90.0,20.0,4.0,1603.0,11.6,8.2,,,,5.0,,-5.3,-0.6,6.8,,,,,,,,,,,,,,,4.2,1017.7,1023.8,1022.3,1025.3,1549.0,913.0,,,3.3,,189,126.5653,33.2462
2015-03-06,9.1,6.8,10.5,1242.0,1.0,0.0,,,,0.0,,,43.0,66.4,1.0,2312.0,2.7,7.4,4.2,70.0,50.0,50.0,1207.0,2005.0,11.6,0.0,,,,10.0,,3.0,5.3,8.2,,,,,,,,,,,,,,,7.6,1015.9,1021.9,1020.6,1023.8,1812.0,1.0,,,,{비}1345-{비}{강도0}1500-1517.,189,126.5653,33.2462
2015-03-07,10.5,8.7,13.9,1433.0,2307.0,,,,,,,,55.0,67.4,1338.0,2206.0,2.6,7.8,4.6,70.0,70.0,20.0,1210.0,1219.0,11.7,0.7,,,,,,4.6,4.7,9.8,,,,,,,,,,,,,,,8.5,1015.7,1021.6,1020.3,1023.1,1456.0,1039.0,,,,,189,126.5653,33.2462
2015-03-08,10.9,6.4,15.2,1333.0,446.0,0.0,,,,4.0,,,48.0,59.0,1254.0,2261.0,2.6,7.8,4.3,90.0,90.0,20.0,1301.0,1453.0,11.7,7.6,,,,,,3.1,1.2,9.8,,,,,,,,,,,,,,,7.7,1015.4,1021.3,1018.4,1024.0,2136.0,934.0,,,,,189,126.5653,33.2462
2015-03-09,9.0,2.2,15.4,1344.0,2400.0,4.0,,,,,,,16.0,58.0,1651.0,2138.0,2.5,15.0,6.0,70.0,20.0,20.0,1739.0,1802.0,11.7,9.2,,,,2.3,,0.3,0.1,11.5,,,,,,,,,,,,,,,6.8,1013.2,1019.1,1016.4,1023.8,419.0,2351.0,,,3.9,,189,126.5653,33.2462
2015-03-10,3.3,-0.3,8.9,1352.0,700.0,,,,,,,,26.0,45.9,1402.0,2475.0,2.9,12.8,6.5,250.0,230.0,290.0,631.0,1338.0,11.8,10.6,,,,2.5,,-7.6,-1.6,6.0,,,,,,,,,,,,,,,3.5,1018.1,1024.3,1021.9,1025.9,1346.0,2309.0,,,3.3,,189,126.5653,33.2462
2015-03-11,6.5,1.9,10.6,1211.0,16.0,,,,,,,,29.0,51.6,1327.0,2332.0,2.7,10.8,5.9,250.0,270.0,270.0,413.0,1248.0,11.8,10.4,,,,3.0,,-2.9,-1.1,7.2,,,,,,,,,,,,,,,4.9,1017.8,1023.9,1022.4,1026.3,1651.0,232.0,,,3.0,,189,126.5653,33.2462
2015-03-12,8.8,5.5,12.7,1540.0,351.0,,,,,,,,18.0,47.9,1541.0,2360.0,2.7,9.9,6.0,270.0,230.0,250.0,1118.0,1317.0,11.8,10.7,,,,0.3,,-2.6,0.6,8.9,,,,,,,,,,,,,,,5.2,1015.8,1021.8,1020.2,1023.7,1654.0,1.0,,,3.7,,189,126.5653,33.2462
2015-03-13,10.9,6.9,14.0,1316.0,109.0,,,,,,,,62.0,72.9,301.0,2259.0,2.6,8.0,4.5,230.0,250.0,250.0,1356.0,1325.0,11.9,7.5,,,,5.0,,6.1,2.5,11.3,,,,,,,,,,,,,,,9.5,1014.2,1020.2,1018.9,1021.8,1703.0,1.0,,,,,189,126.5653,33.2462
2015-03-14,11.4,7.9,15.3,1208.0,634.0,,,,,,,,33.0,54.4,1733.0,1220.0,1.4,6.0,3.3,110.0,230.0,90.0,1421.0,1103.0,11.9,7.5,,,,,,1.7,3.4,12.5,,,,,,,,,,,,,,,7.2,1016.7,1022.6,1020.4,1024.2,1.0,2124.0,,,,,189,126.5653,33.2462
2015-03-15,12.0,7.4,15.7,1348.0,645.0,,,,,,,,42.0,56.4,1601.0,1226.0,1.4,4.5,2.3,180.0,180.0,180.0,1223.0,1257.0,11.9,9.4,,,,,,3.4,3.8,13.1,,,,,,,,,,,,,,,7.9,1015.6,1021.5,1019.9,1022.8,1708.0,1.0,,,,,189,126.5653,33.2462
2015-03-16,14.5,10.4,19.4,1516.0,204.0,,,,,,,,25.0,50.8,501.0,1615.0,1.9,7.5,3.7,70.0,70.0,70.0,1242.0,1027.0,12.0,8.2,,,,3.8,,3.7,7.7,15.7,,,,,,,,,,,,,,,8.4,1013.8,1019.6,1017.7,1021.5,1508.0,23.0,,,3.5,,189,126.5653,33.2462
2015-03-17,16.5,10.9,20.7,1118.0,615.0,0.0,,,,89.5,,,29.0,68.6,146.0,1634.0,1.9,8.6,5.0,70.0,70.0,70.0,2150.0,2157.0,12.0,5.6,,,,7.3,,10.1,5.1,15.8,,,,,,,,,,,,,,,13.5,1010.3,1016.1,1013.4,1019.2,2334.0,1.0,,,,{비}1702-1735.,189,126.5653,33.2462
2015-03-18,15.1,12.2,17.6,518.0,2352.0,113.0,,,,25.5,,,91.0,97.6,1.0,2406.0,2.8,8.7,4.7,270.0,250.0,250.0,1702.0,1907.0,12.0,0.0,,,,10.0,,14.7,12.8,15.8,,,,,,,,,,,,,,,16.8,1001.2,1006.9,1003.9,1013.5,1549.0,1.0,,,0.5,{비}-{비}{강도2}0600-{소나기}0655-{비}0710-{비}{강도1}0900-{비}{강도0}1200-{비}{강도1}1500-1605. -{박무}-{박무}{강도0}0600-0730. {박무}0805-{박무}{강도0}0900-{박무}{강도0}1200-{박무}{강도0}1500-{시정(미만)}{1km}{안개}1611-{시정(미만)}{0.5km}{안개}1708-{시정(이상)}{0.5km}{안개}1755-{안개}{강도0}1800-  {뇌전}{강도0}(W 8~9)0657-0705. {뇌전}{강도1}(W 4~5)0815-{뇌전}{강도2}(SW 1~2)0828-0840.,189,126.5653,33.2462
2015-03-19,13.1,11.4,15.3,1321.0,124.0,2.0,,,,0.5,,,83.0,92.5,1323.0,1079.0,1.2,9.4,5.0,200.0,250.0,90.0,54.0,56.0,12.1,0.0,,,,8.8,,11.9,10.9,14.8,,,,,,,,,,,,,,,13.9,1006.8,1012.6,1006.1,1017.2,447.0,2300.0,,,0.8,,189,126.5653,33.2462
2015-03-20,14.1,11.2,18.9,1546.0,41.0,0.5,,,,,,,47.0,81.5,1548.0,1015.0,1.2,4.6,2.7,90.0,90.0,20.0,1638.0,1645.0,12.1,4.4,,,,7.5,,10.8,9.2,16.1,,,,,,,,,,,,,,,13.0,1011.1,1017.0,1015.7,1018.5,428.0,754.0,,,,-{박무}-{박무}{강도0}0900-0920.,189,126.5653,33.2462
2015-03-21,15.4,12.5,20.1,1524.0,720.0,,,,,,,,35.0,65.5,1333.0,1011.0,1.2,5.9,3.1,250.0,230.0,180.0,2330.0,2333.0,12.2,10.1,,,,,,8.8,9.4,16.9,,,,,,,,,,,,,,,11.4,1011.1,1016.9,1015.2,1018.1,1623.0,1017.0,,,,,189,126.5653,33.2462
2015-03-22,15.0,11.1,18.8,1413.0,708.0,,,,,,,,15.0,28.5,1743.0,3362.0,2.3,8.2,5.1,90.0,230.0,180.0,445.0,1305.0,12.2,11.0,,,,,,-3.5,5.3,13.6,,,,,,,,,,,,,,,4.8,1014.7,1020.5,1017.0,1024.5,356.0,2150.0,,,,,189,126.5653,33.2462
2015-03-23,11.7,9.6,15.8,1244.0,505.0,,,,,,,,12.0,23.0,245.0,2822.0,3.3,12.5,6.9,360.0,20.0,70.0,721.0,738.0,12.2,10.4,,,,6.8,,-9.7,3.7,11.0,,,,,,,,,,,,,,,3.1,1019.4,1025.3,1023.4,1027.7,425.0,2220.0,,,5.1,,189,126.5653,33.2462
2015-03-24,10.0,7.2,14.2,1526.0,2359.0,,,,,,,,15.0,33.8,1133.0,2218.0,2.6,9.5,5.3,160.0,230.0,200.0,49.0,1228.0,12.3,10.5,,,,0.5,,-6.2,3.3,12.0,,,,,,,,,,,,,,,4.0,1023.8,1029.8,1026.9,1032.7,16.0,2338.0,,,4.5,,189,126.5653,33.2462
2015-03-25,9.4,5.0,13.6,1249.0,628.0,,,,,,,,26.0,40.3,1442.0,1754.0,2.0,6.4,3.9,250.0,230.0,360.0,1549.0,1538.0,12.3,11.5,,,,0.3,,-3.7,1.2,12.5,,,,,,,,,,,,,,,4.7,1028.2,1034.3,1032.6,1035.6,306.0,2204.0,,,4.3,,189,126.5653,33.2462
2015-03-26,9.7,4.1,15.1,1352.0,625.0,,,,,,,,34.0,51.1,751.0,1614.0,1.9,5.9,3.6,200.0,230.0,20.0,1638.0,1640.0,12.3,10.3,,,,3.0,,-0.1,-0.1,12.0,,,,,,,,,,,,,,,6.3,1027.1,1033.2,1030.9,1035.2,2350.0,1.0,,,4.1,,189,126.5653,33.2462
2015-03-27,10.6,7.3,13.3,1125.0,107.0,1.0,,,,1.0,,,41.0,62.9,836.0,1056.0,1.2,4.6,2.9,20.0,20.0,20.0,2004.0,2006.0,12.4,0.0,,,,10.0,,3.7,4.0,11.0,,,,,,,,,,,,,,,8.0,1020.5,1026.5,1023.3,1031.2,2343.0,23.0,,,,{비}1445-{비}{강도0}1500-{비}{강도0}1800-,189,126.5653,33.2462
2015-03-28,13.7,11.2,17.5,1448.0,411.0,,,,,,,,49.0,72.9,922.0,1056.0,1.2,5.2,3.4,230.0,230.0,20.0,1627.0,1628.0,12.4,9.2,,,,,,8.8,7.9,16.9,,,,,,,,,,,,,,,11.4,1013.2,1019.1,1016.6,1023.3,1658.0,1.0,,,,,189,126.5653,33.2462
2015-03-29,14.0,9.9,18.5,1516.0,330.0,,,,,,,,58.0,79.8,1515.0,1090.0,1.3,4.5,2.5,250.0,230.0,180.0,1545.0,1548.0,12.4,8.5,,,,,,10.4,6.1,16.9,,,,,,,,,,,,,,,12.7,1011.5,1017.4,1016.0,1018.6,1629.0,2151.0,,,,,189,126.5653,33.2462
2015-03-30,15.2,12.1,17.6,1623.0,637.0,,,,,3.5,,,55.0,81.4,1553.0,920.0,1.1,3.9,2.2,200.0,230.0,230.0,1345.0,1419.0,12.5,5.6,,,,6.5,,12.0,9.1,16.9,,,,,,,,,,,,,,,14.0,1013.2,1019.0,1017.4,1021.2,459.0,1041.0,,,2.3,-{박무}-{박무}{강도0}0900-1125. {박무}1420-{박무}{강도0}1500-1520.,189,126.5653,33.2462
2015-03-31,16.2,14.2,17.4,1247.0,237.0,61.5,,,,57.5,,,74.0,95.8,36.0,1261.0,1.5,7.6,3.2,140.0,230.0,250.0,1343.0,1352.0,12.5,0.0,,,,10.0,,15.4,14.2,16.2,,,,,,,,,,,,,,,17.6,1009.0,1014.8,1012.1,1019.1,1705.0,104.0,,,,-{비}-{비}{강도0}0900-{비}{강도1}1200-{비}{강도1}1500-{비}{강도0}1800- -{박무}-{박무}{강도1}0900-{박무}{강도0}1200-{박무}{강도0}1500-{박무}{강도0}1800-,189,126.5653,33.2462
2015-04-01,14.9,13.3,16.8,1326.0,2338.0,1.0,0.5,0.5,,0.6,231.0,141.0,92.0,97.0,1320.0,1987.0,2.3,9.2,5.3,50.0,70.0,70.0,2104.0,2358.0,12.5,0.0,,,,8.5,,14.4,14.1,17.8,,,,,,,,,,,,,,,16.4,1008.1,1013.9,1011.8,1016.7,317.0,2123.0,,,1.2,{박무}-{박무}{강도1}0900-{박무}{강도0}1200-{박무}{강도0}1500-{박무}{강도1}1800- {안개비}1705-{안개비}{강도0}1800-,189,126.5653,33.2462
2015-04-02,15.9,13.0,18.9,1527.0,336.0,5.0,6.0,2.5,,20.4,2341.0,2320.0,90.0,96.0,218.0,3008.0,3.5,11.9,7.0,230.0,200.0,70.0,2326.0,2346.0,12.6,0.0,,,,10.0,,15.2,13.2,16.0,,,,,,,,,,,,,,,17.4,1003.2,1008.9,1003.3,1015.8,2341.0,5.0,,,2.2,-{안개비}-{안개비}{강도0}0900-{안개비}{강도0}1200-{비}1255-{안개비}1450-{안개비}{강도1}1500-1535. -{박무}-{박무}{강도0}0900-{박무}{강도1}1200-{시정(미만)}{1km}{안개}1448-{안개}{강도0}1500-{시정(미만)}{0.5km}{안개}1502-{안개}{강도1}1800-,189,126.5653,33.2462
2015-04-03,14.5,12.6,18.2,818.0,2253.0,16.0,5.5,2.0,,0.5,7.0,1.0,79.0,93.0,1423.0,1951.0,2.3,10.0,5.9,230.0,230.0,70.0,234.0,433.0,12.6,0.7,,,,9.8,,13.4,13.6,17.9,,,,,,,,,,,,,,,15.4,1000.8,1006.6,1000.2,1012.0,422.0,2306.0,,,,{비}0925-1135. {박무}1040-1140. {박무}1335-{박무}{강도0}1500-{박무}{강도0}1800-,189,126.5653,33.2462
2015-04-04,14.4,11.8,15.9,2055.0,134.0,10.5,5.0,2.0,,10.8,1819.0,1812.0,86.0,92.0,155.0,2976.0,3.4,10.5,5.7,70.0,70.0,70.0,1011.0,952.0,12.6,0.0,,,,,,13.1,11.7,14.8,,,,,,,,,,,,,,,15.1,1006.3,1012.1,1010.2,1014.2,1738.0,1026.0,,,,,189,126.5653,33.2462
2015-04-05,14.0,12.7,17.3,1249.0,637.0,2.5,2.5,1.0,,27.7,1947.0,1917.0,81.0,94.8,1241.0,1554.0,1.8,10.3,6.3,250.0,250.0,250.0,340.0,347.0,12.7,3.3,,,,,,13.1,12.7,16.7,,,,,,,,,,,,,,,15.1,1006.9,1012.7,1004.7,1014.7,629.0,2200.0,,,,,189,126.5653,33.2462
2015-04-06,13.5,12.5,14.9,1612.0,2346.0,30.0,17.0,7.0,,4.6,139.0,140.0,90.0,96.6,2146.0,1054.0,1.2,8.6,4.3,250.0,250.0,250.0,217.0,1115.0,12.7,0.0,,,,10.0,,12.9,13.3,15.4,,,,,,,,,,,,,,,14.9,1009.7,1015.5,1010.6,1019.6,903.0,2333.0,,,0.4,-{비}-{비}{강도0}0900-0925. {비}1042-{비}{강도0}1200-1420. {비}1540-{비}{강도0}1800-,189,126.5653,33.2462
2015-04-07,12.7,11.3,15.3,1116.0,2331.0,0.1,0.1,0.1,,,,,60.0,77.4,1439.0,1658.0,1.9,8.5,4.8,70.0,70.0,70.0,1520.0,1528.0,12.7,2.4,,,,8.5,,8.7,11.5,15.9,,,,,,,,,,,,,,,11.3,1015.5,1021.4,1018.9,1024.6,29.0,2230.0,,,2.4,,189,126.5653,33.2462
2015-04-08,11.9,10.2,16.0,1049.0,2317.0,,,,,,,,45.0,69.3,1100.0,1748.0,2.0,8.3,4.3,110.0,50.0,50.0,1434.0,1027.0,12.8,4.5,,,,8.3,,6.3,8.4,13.5,,,,,,,,,,,,,,,9.6,1018.1,1024.0,1023.1,1025.4,343.0,2341.0,,,3.2,,189,126.5653,33.2462
2015-04-09,12.5,9.4,16.5,1455.0,418.0,,,,,,,,44.0,60.5,1630.0,2402.0,2.8,10.6,5.4,70.0,70.0,70.0,1407.0,1314.0,12.8,10.8,,,,4.8,,4.8,6.7,14.9,,,,,,,,,,,,,,,8.6,1017.3,1023.2,1021.3,1025.4,1746.0,2.0,,,4.6,,189,126.5653,33.2462
2015-04-10,13.4,9.7,17.1,1410.0,629.0,,,,,,,,52.0,67.5,1020.0,1658.0,1.9,7.2,4.7,270.0,230.0,230.0,1524.0,1308.0,12.8,10.9,,,,1.3,,7.3,8.1,16.5,,,,,,,,,,,,,,,10.2,1015.2,1021.1,1019.9,1023.3,419.0,2342.0,,,,,189,126.5653,33.2462
2015-04-11,14.6,9.3,18.6,1705.0,556.0,,,,,,,,19.0,50.1,2011.0,2053.0,2.4,8.1,4.5,110.0,70.0,70.0,1153.0,2200.0,12.9,11.1,,,,,,3.1,7.1,16.4,,,,,,,,,,,,,,,8.1,1018.3,1024.2,1022.7,1025.4,236.0,2126.0,,,,,189,126.5653,33.2462
2015-04-12,14.3,11.7,19.0,1119.0,2326.0,19.0,6.0,1.5,,20.5,1614.0,1604.0,35.0,72.1,13.0,3685.0,4.3,12.1,5.9,90.0,70.0,70.0,655.0,747.0,12.9,3.6,,,,,,8.9,8.8,14.5,,,,,,,,,,,,,,,11.6,1014.9,1020.8,1018.9,1025.0,2353.0,8.0,,,,,189,126.5653,33.2462
2015-04-13,12.1,8.7,16.5,1311.0,2131.0,11.0,6.5,2.0,,9.5,1736.0,1710.0,66.0,84.0,1315.0,3535.0,4.1,10.6,6.3,70.0,70.0,50.0,121.0,123.0,12.9,0.6,,,,,,9.4,8.2,14.8,,,,,,,,,,,,,,,11.8,1009.2,1015.1,1012.1,1018.9,2400.0,1.0,,,,,189,126.5653,33.2462
2015-04-14,10.0,8.2,12.6,1705.0,507.0,1.0,1.0,1.0,,1.0,915.0,825.0,60.0,71.1,1247.0,2440.0,2.8,8.3,4.4,250.0,270.0,270.0,918.0,242.0,13.0,5.3,,,,,,4.9,6.7,13.1,,,,,,,,,,,,,,,8.7,1002.9,1008.8,1005.2,1012.1,1639.0,1.0,,,,,189,126.5653,33.2462
2015-04-15,14.0,9.5,17.3,1301.0,107.0,,,,,,,,60.0,75.3,1935.0,3543.0,4.1,10.6,6.4,200.0,230.0,230.0,538.0,539.0,13.0,10.7,,,,,,9.6,8.7,15.6,,,,,,,,,,,,,,,12.0,1006.3,1012.1,1008.8,1014.9,314.0,2210.0,,,,,189,126.5653,33.2462
2015-04-16,16.9,14.9,22.8,1658.0,2217.0,,,,,,,,39.0,71.6,1704.0,2399.0,2.8,9.3,6.1,200.0,230.0,250.0,1453.0,1357.0,13.0,7.8,,,,,,11.3,11.9,18.7,,,,,,,,,,,,,,,13.6,1005.9,1011.7,1008.4,1015.0,1617.0,2348.0,,,,,189,126.5653,33.2462
2015-04-17,14.6,10.0,19.7,1052.0,601.0,,,,,0.0,,,14.0,36.4,1005.0,1522.0,1.8,9.4,4.2,110.0,90.0,20.0,1147.0,1113.0,13.1,11.5,,,,,,-1.0,7.9,17.6,,,,,,,,,,,,,,,5.8,1012.0,1017.9,1014.8,1019.3,25.0,1122.0,,,,,189,126.5653,33.2462
2015-04-18,15.9,12.4,18.8,2034.0,314.0,48.0,12.5,10.0,,98.5,1452.0,1359.0,35.0,79.5,2.0,1953.0,2.3,8.4,4.5,50.0,50.0,50.0,1500.0,1502.0,13.1,0.0,,,,,,11.9,10.3,14.7,,,,,,,,,,,,,,,14.6,1008.7,1014.5,1004.4,1018.8,1949.0,1121.0,,,,,189,126.5653,33.2462
2015-04-19,16.1,14.4,18.4,49.0,2354.0,53.0,15.0,4.5,,5.5,649.0,633.0,92.0,98.3,101.0,1486.0,1.7,8.1,3.9,270.0,200.0,230.0,157.0,516.0,13.1,0.0,,,,,,15.7,15.2,16.6,,,,,,,,,,,,,,,17.9,1000.3,1006.0,1002.2,1012.0,1842.0,4.0,,,,,189,126.5653,33.2462
2015-04-20,14.4,12.6,16.3,1240.0,2132.0,3.5,2.5,1.5,,0.5,540.0,510.0,89.0,96.3,1242.0,1427.0,1.7,9.6,5.6,50.0,70.0,70.0,2103.0,2115.0,13.1,0.0,,,,,,13.7,13.3,16.5,,,,,,,,,,,,,,,15.7,999.1,1004.9,1000.8,1011.9,222.0,2327.0,,,,,189,126.5653,33.2462
2015-04-21,14.8,12.6,18.2,1436.0,1.0,,,,,,,,63.0,79.3,1257.0,1449.0,1.7,5.9,3.8,50.0,70.0,230.0,126.0,128.0,13.2,10.5,,,,,,11.1,11.9,18.8,,,,,,,,,,,,,,,13.2,1010.3,1016.1,1011.8,1017.9,1.0,2149.0,,,,,189,126.5653,33.2462
2015-04-22,16.7,10.8,23.8,1502.0,541.0,,,,,,,,17.0,48.9,1302.0,1852.0,2.1,10.2,5.5,250.0,250.0,250.0,1523.0,1516.0,13.2,11.7,,,,,,5.0,8.6,18.5,,,,,,,,,,,,,,,8.9,1013.4,1019.2,1017.4,1021.7,353.0,2322.0,,,,,189,126.5653,33.2462
2015-04-23,15.9,12.1,19.9,1457.0,501.0,,,,,,,,33.0,54.0,1226.0,1867.0,2.2,6.4,4.1,200.0,230.0,230.0,1345.0,1406.0,13.3,11.0,,,,,,6.4,9.1,18.2,,,,,,,,,,,,,,,9.7,1016.3,1022.1,1020.9,1023.7,454.0,957.0,,,,,189,126.5653,33.2462
2015-04-24,15.7,11.6,18.9,1636.0,455.0,,,,,,,,42.0,62.0,5.0,1311.0,1.5,6.9,3.9,250.0,230.0,230.0,1702.0,1303.0,13.3,8.9,,,,,,8.3,7.6,18.1,,,,,,,,,,,,,,,11.2,1014.6,1020.5,1018.9,1022.3,1732.0,1.0,,,,,189,126.5653,33.2462
2015-04-25,17.8,13.2,22.6,1117.0,508.0,,,,,,,,23.0,48.9,2205.0,1242.0,1.4,4.7,2.7,250.0,230.0,230.0,1728.0,1642.0,13.3,12.1,,,,,,6.3,10.3,21.0,,,,,,,,,,,,,,,9.7,1014.5,1020.2,1018.8,1021.6,306.0,1028.0,,,,,189,126.5653,33.2462
2015-04-26,17.2,14.0,20.6,1235.0,559.0,,,,,,,,21.0,52.3,328.0,1493.0,1.7,7.8,4.7,250.0,230.0,230.0,1510.0,1431.0,13.3,12.3,,,,,,6.5,8.2,21.4,,,,,,,,,,,,,,,10.4,1014.4,1020.2,1019.0,1021.9,1614.0,1056.0,,,,,189,126.5653,33.2462
2015-04-27,18.7,13.8,22.5,1351.0,616.0,,,,,5.0,,,17.0,59.3,21.0,1065.0,1.2,4.3,2.4,180.0,180.0,180.0,2330.0,1446.0,13.4,10.0,,,,,,9.2,10.0,23.3,,,,,,,,,,,,,,,12.8,1011.8,1017.5,1015.2,1019.8,2324.0,917.0,,,,,189,126.5653,33.2462
2015-04-28,17.7,16.2,19.1,653.0,935.0,28.0,9.5,3.0,,27.0,1205.0,1125.0,82.0,94.1,716.0,1877.0,2.2,10.8,5.8,180.0,180.0,200.0,2145.0,2154.0,13.4,0.0,,,,,,16.7,17.5,18.5,,,,,,,,,,,,,,,19.0,1005.9,1011.6,1009.5,1015.4,1807.0,5.0,,,,,189,126.5653,33.2462
2015-04-29,16.6,15.8,18.6,1603.0,1005.0,12.0,3.0,2.5,,15.5,1517.0,221.0,89.0,97.4,1610.0,1883.0,2.2,11.6,6.3,160.0,200.0,200.0,208.0,215.0,13.4,1.2,,,,,,16.1,16.7,18.6,,,,,,,,,,,,,,,18.4,1003.9,1009.7,1008.3,1012.2,1707.0,1217.0,,,,,189,126.5653,33.2462
2015-04-30,18.0,16.2,22.0,1556.0,2225.0,7.5,5.5,2.0,,,445.0,409.0,70.0,86.0,1556.0,2689.0,3.1,9.7,5.7,50.0,70.0,70.0,941.0,1443.0,13.5,3.2,,,,,,15.5,14.9,20.6,,,,,,,,,,,,,,,17.6,1005.5,1011.2,1007.7,1013.8,2359.0,2342.0,,,,,189,126.5653,33.2462
2015-05-01,17.8,14.8,23.1,1251.0,257.0,,,,,,,,66.0,86.0,1252.0,927.0,1.1,6.3,3.2,70.0,200.0,180.0,1115.0,1411.0,13.5,11.8,,,,,,15.3,13.2,22.5,,,,,,,,,,,,,,,17.4,1008.0,1013.7,1012.4,1015.0,400.0,2250.0,,,,,189,126.5653,33.2462
2015-05-02,19.6,16.5,22.9,1352.0,135.0,75.0,25.0,6.0,,142.5,2221.0,2218.0,69.0,84.3,404.0,1177.0,1.4,8.0,3.4,50.0,20.0,20.0,2231.0,2347.0,13.5,3.6,,,,10.0,,16.8,14.8,21.7,,,,,,,,,,,,,,,19.1,1006.3,1012.0,1008.1,1015.0,2348.0,21.0,,,,-{비}-{비}2300-{비}{강도2}2400-  -{박무}-{박무}2300-{박무}{강도1}2400-,189,126.5653,33.2462
2015-05-03,18.4,16.9,22.8,1251.0,1929.0,67.5,27.0,6.5,,,42.0,-2350.0,78.0,93.0,1336.0,1393.0,1.6,6.9,3.8,250.0,250.0,250.0,1159.0,1218.0,13.5,6.3,,,,10.0,,17.2,17.5,22.8,,,,,,,,,,,,,,,19.6,999.6,1005.2,1003.3,1008.3,1640.0,5.0,,,,,189,126.5653,33.2462
2015-05-04,19.4,16.3,26.6,1304.0,2357.0,,,,,,,,13.0,54.1,1449.0,1918.0,2.2,11.3,6.1,180.0,200.0,70.0,1432.0,1432.0,13.6,10.3,,,,,,7.7,13.5,22.0,,,,,,,,,,,,,,,11.7,1003.3,1008.9,1006.4,1011.8,1507.0,2255.0,,,,,189,126.5653,33.2462
2015-05-05,16.7,13.2,19.6,1229.0,604.0,,,,,,,,25.0,40.6,1731.0,1947.0,2.3,8.5,4.7,200.0,250.0,20.0,1027.0,1117.0,13.6,12.6,,,,,,3.1,9.5,20.7,,,,,,,,,,,,,,,7.8,1006.1,1011.8,1010.6,1013.1,1711.0,1236.0,,,,,189,126.5653,33.2462
2015-05-06,15.6,13.3,17.2,1029.0,447.0,0.3,0.3,0.2,,0.3,1743.0,1653.0,24.0,54.3,1506.0,1114.0,1.3,4.4,2.9,360.0,360.0,360.0,2153.0,2206.0,13.6,0.5,,,,,,6.2,10.5,16.1,,,,,,,,,,,,,,,9.6,1006.0,1011.8,1010.7,1012.8,324.0,2356.0,,,,,189,126.5653,33.2462
2015-05-07,18.1,13.2,22.2,1605.0,558.0,,,,,,,,36.0,55.0,1719.0,1618.0,1.9,6.1,4.1,200.0,230.0,230.0,1506.0,1342.0,13.7,12.6,,,,,,8.5,8.8,22.8,,,,,,,,,,,,,,,11.2,1007.0,1012.8,1011.3,1015.1,553.0,2347.0,,,,,189,126.5653,33.2462
2015-05-08,18.3,14.9,21.3,1127.0,609.0,,,,,3.0,,,19.0,50.8,1844.0,1042.0,1.2,4.5,2.8,20.0,20.0,20.0,2254.0,2257.0,13.7,8.9,,,,,,7.6,8.9,23.0,,,,,,,,,,,,,,,10.6,1007.4,1013.1,1011.5,1014.9,1651.0,1.0,,,,,189,126.5653,33.2462
2015-05-09,18.3,14.3,22.4,1134.0,351.0,3.0,1.5,0.5,,,110.0,53.0,44.0,66.8,54.0,2126.0,2.5,9.8,5.8,90.0,70.0,70.0,1357.0,1043.0,13.7,8.4,,,,,,11.8,12.5,22.9,,,,,,,,,,,,,,,13.9,1006.1,1011.9,1009.7,1014.9,1410.0,2347.0,,,,,189,126.5653,33.2462
2015-05-10,19.0,15.3,22.2,1322.0,528.0,,,,,,,,54.0,68.4,2152.0,1880.0,2.2,8.2,4.8,110.0,90.0,70.0,1256.0,1208.0,13.7,11.4,,,,,,12.9,11.2,24.6,,,,,,,,,,,,,,,15.0,1011.1,1016.8,1014.3,1019.1,129.0,2253.0,,,,,189,126.5653,33.2462
2015-05-11,18.2,16.8,20.3,1936.0,2355.0,220.5,75.0,21.5,,221.0,1909.0,1901.0,75.0,91.4,26.0,3056.0,3.5,11.7,6.7,180.0,200.0,50.0,1850.0,1855.0,13.8,0.0,,,,10.0,,16.7,16.2,18.7,,,,,,,,,,,,,,,19.1,1005.4,1011.2,1003.9,1018.8,2357.0,1.0,,,,,189,126.5653,33.2462
2015-05-12,16.4,13.6,18.5,1255.0,631.0,0.5,0.5,0.5,,,228.0,128.0,57.0,73.5,730.0,3699.0,4.3,11.7,6.4,270.0,250.0,250.0,428.0,1558.0,13.8,9.9,,,,,,11.5,11.7,19.1,,,,,,,,,,,,,,,13.7,1001.0,1006.8,1003.6,1008.4,36.0,2313.0,,,,,189,126.5653,33.2462
2015-05-13,19.8,16.5,22.3,1725.0,354.0,,,,,0.4,,,27.0,60.4,2007.0,2798.0,3.2,11.1,5.9,250.0,250.0,250.0,1021.0,1104.0,13.8,12.5,,,,,,11.3,12.9,21.4,,,,,,,,,,,,,,,13.8,1005.4,1011.1,1008.4,1012.6,1.0,2238.0,,,,,189,126.5653,33.2462
2015-05-14,19.6,17.9,22.4,1007.0,2340.0,0.4,0.4,0.3,,,456.0,406.0,68.0,87.9,1.0,2147.0,2.5,8.0,5.0,230.0,230.0,230.0,1355.0,1411.0,13.8,3.9,,,,,,17.4,16.6,22.2,,,,,,,,,,,,,,,19.9,1004.8,1010.4,1009.2,1012.4,1842.0,5.0,,,,,189,126.5653,33.2462
2015-05-15,18.9,17.2,24.2,1244.0,600.0,3.0,1.0,0.5,,3.3,1842.0,1843.0,75.0,94.9,1245.0,934.0,1.1,4.5,2.6,250.0,230.0,180.0,30.0,1111.0,13.9,4.2,,,,,,18.0,15.4,22.7,,,,,,,,,,,,,,,20.7,1003.6,1009.3,1007.0,1011.1,1634.0,5.0,,,,,189,126.5653,33.2462
2015-05-16,18.8,15.9,23.2,1153.0,2350.0,0.3,0.2,0.1,,,,,58.0,87.0,1103.0,1370.0,1.6,6.9,3.9,230.0,250.0,230.0,1441.0,1445.0,13.9,9.0,,,,,,16.4,15.5,24.4,,,,,,,,,,,,,,,18.7,1004.1,1009.8,1007.3,1012.2,405.0,2159.0,,,,,189,126.5653,33.2462
2015-05-17,18.8,13.3,25.8,1306.0,317.0,,,,,10.0,,,19.0,65.9,1304.0,826.0,1.0,5.8,2.2,70.0,340.0,90.0,610.0,612.0,13.9,9.5,,,,,,11.8,11.2,23.8,,,,,,,,,,,,,,,14.1,1005.2,1010.9,1009.3,1012.4,2350.0,730.0,,,,,189,126.5653,33.2462
2015-05-18,16.6,15.5,19.5,341.0,2144.0,31.0,6.0,2.5,,21.0,744.0,738.0,57.0,91.0,148.0,1336.0,1.5,11.4,3.9,90.0,70.0,70.0,1048.0,642.0,13.9,0.0,,,,,,14.9,16.6,18.0,,,,,,,,,,,,,,,17.1,999.3,1005.1,1002.0,1009.3,1550.0,1.0,,,,,189,126.5653,33.2462
2015-05-19,17.0,15.5,20.6,1250.0,2340.0,,,,,,,,77.0,92.4,1244.0,1300.0,1.5,5.4,3.3,230.0,230.0,70.0,1450.0,1440.0,14.0,9.9,,,,,,15.6,15.3,23.0,,,,,,,,,,,,,,,17.7,1001.4,1007.1,1005.6,1008.7,347.0,1122.0,,,,,189,126.5653,33.2462
2015-05-20,18.5,14.2,25.4,1525.0,629.0,,,,,,,,19.0,65.9,1546.0,1535.0,1.8,9.6,4.1,320.0,290.0,50.0,1548.0,1839.0,14.0,11.7,,,,,,10.7,12.6,25.1,,,,,,,,,,,,,,,13.3,1003.1,1008.9,1006.6,1011.7,303.0,2259.0,,,,,189,126.5653,33.2462
2015-05-21,18.7,14.5,23.7,1331.0,247.0,,,,,,,,38.0,54.8,1117.0,1461.0,1.7,5.2,3.3,200.0,230.0,230.0,1152.0,924.0,14.0,12.9,,,,,,9.2,10.6,25.1,,,,,,,,,,,,,,,11.7,1009.2,1014.9,1011.5,1016.6,9.0,2221.0,,,,,189,126.5653,33.2462
2015-05-22,19.1,16.1,22.2,1316.0,513.0,,,,,,,,38.0,54.5,2347.0,1220.0,1.4,5.6,3.4,230.0,230.0,230.0,1304.0,1309.0,14.0,10.4,,,,,,9.5,12.2,30.3,,,,,,,,,,,,,,,12.1,1009.2,1014.9,1013.0,1016.6,1859.0,1001.0,,,,,189,126.5653,33.2462
2015-05-23,19.9,17.8,23.0,1430.0,59.0,,,,,,,,38.0,62.4,19.0,1173.0,1.4,5.2,2.5,140.0,70.0,20.0,950.0,943.0,14.0,3.2,,,,,,12.4,15.8,28.3,,,,,,,,,,,,,,,14.6,1005.4,1011.1,1009.5,1014.3,1702.0,1.0,,,,,189,126.5653,33.2462
2015-05-24,20.3,16.9,24.3,1535.0,615.0,,,,,,,,46.0,61.9,2217.0,1186.0,1.4,4.6,2.9,200.0,230.0,20.0,1240.0,1247.0,14.1,12.3,,,,,,12.6,13.9,31.0,,,,,,,,,,,,,,,14.7,1002.9,1008.5,1007.2,1010.0,1639.0,1.0,,,,,189,126.5653,33.2462
2015-05-25,20.8,16.7,24.4,1612.0,446.0,,,,,,,,35.0,56.8,1238.0,1044.0,1.2,4.1,2.9,230.0,200.0,180.0,1243.0,1055.0,14.1,12.8,,,,,,11.7,12.4,30.9,,,,,,,,,,,,,,,13.9,1003.5,1009.2,1008.0,1010.8,223.0,2202.0,,,,,189,126.5653,33.2462
2015-05-26,21.2,17.4,25.0,1240.0,405.0,,,,,,,,35.0,58.4,1059.0,851.0,1.0,3.8,2.1,270.0,230.0,180.0,1500.0,1725.0,14.1,12.9,,,,,,12.5,12.2,29.1,,,,,,,,,,,,,,,14.8,1005.7,1011.4,1010.2,1012.6,1744.0,924.0,,,,,189,126.5653,33.2462
2015-05-27,20.9,18.2,23.6,1544.0,223.0,,,,,3.0,,,32.0,52.9,1438.0,570.0,0.7,3.3,2.1,70.0,20.0,200.0,2324.0,2314.0,14.1,2.5,,,,,,10.5,13.0,23.2,,,,,,,,,,,,,,,12.9,1004.8,1010.4,1008.7,1012.0,1639.0,1001.0,,,,,189,126.5653,33.2462
2015-05-28,22.0,16.7,26.4,1325.0,307.0,3.0,1.5,0.5,,,124.0,126.0,40.0,57.3,1327.0,2436.0,2.8,8.9,4.6,70.0,70.0,70.0,1326.0,408.0,14.1,6.7,,,,,,12.8,16.1,25.1,,,,,,,,,,,,,,,14.9,1002.8,1008.4,1007.2,1009.6,1636.0,2205.0,,,,,189,126.5653,33.2462
2015-05-29,22.9,20.5,26.5,1144.0,2052.0,,,,,21.0,,,46.0,66.8,848.0,1448.0,1.7,6.7,4.1,50.0,70.0,70.0,627.0,631.0,14.2,12.0,,,,,,16.1,17.6,32.9,,,,,,,,,,,,,,,18.4,1001.7,1007.3,1006.1,1009.2,1643.0,1.0,,,,,189,126.5653,33.2462
2015-05-30,20.2,18.4,22.5,1403.0,533.0,22.0,12.5,4.0,,1.0,524.0,503.0,73.0,90.9,7.0,1480.0,1.7,7.7,4.5,20.0,50.0,50.0,1002.0,1004.0,14.2,0.0,,,,,,18.6,18.4,22.2,,,,,,,,,,,,,,,21.4,998.1,1003.7,1001.2,1006.6,1359.0,118.0,,,,,189,126.5653,33.2462
2015-05-31,20.7,18.1,24.7,1302.0,512.0,,,,,,,,61.0,77.0,1509.0,953.0,1.1,5.3,2.6,90.0,20.0,180.0,1247.0,556.0,14.2,10.0,,,,,,16.4,16.6,25.7,,,,,,,,,,,,,,,18.7,1002.2,1007.9,1005.4,1010.0,116.0,2317.0,,,,,189,126.5653,33.2462
2015-06-01,20.0,17.1,23.3,1428.0,457.0,,,,,,,,57.0,76.8,436.0,1119.0,1.3,4.8,3.0,200.0,230.0,180.0,1332.0,1522.0,14.2,12.0,,,,,,15.6,14.8,26.0,,,,,,,,,,,,,,,18.0,1004.8,1010.5,1008.8,1011.5,115.0,923.0,,,,,189,126.5653,33.2462
2015-06-02,21.2,18.9,22.7,1000.0,13.0,21.0,7.0,4.0,,23.5,2144.0,2055.0,78.0,89.9,636.0,1204.0,1.4,6.7,3.7,70.0,70.0,50.0,2035.0,2038.0,14.2,0.3,,,,,,19.4,18.4,22.8,,,,,,,,,,,,,,,22.6,1001.8,1007.4,1004.3,1010.8,1844.0,37.0,,,,,189,126.5653,33.2462
2015-06-03,22.4,19.5,28.0,1658.0,423.0,2.5,2.0,1.0,,,204.0,118.0,29.0,68.1,1700.0,1214.0,1.4,5.6,3.2,230.0,230.0,230.0,1337.0,1340.0,14.2,9.7,,,,,,15.2,18.0,27.1,,,,,,,,,,,,,,,17.8,1000.6,1006.2,1004.3,1009.8,404.0,2354.0,,,,,189,126.5653,33.2462
2015-06-04,21.9,17.8,26.2,1518.0,512.0,,,,,8.0,,,33.0,48.3,639.0,1460.0,1.7,5.1,3.1,20.0,20.0,90.0,2242.0,517.0,14.2,12.6,,,,,,10.3,14.0,27.2,,,,,,,,,,,,,,,12.8,1004.5,1010.1,1008.9,1011.9,2343.0,923.0,,,,,189,126.5653,33.2462
2015-06-05,17.6,15.8,21.4,1.0,519.0,8.0,3.5,1.0,,0.0,435.0,417.0,55.0,79.9,18.0,1431.0,1.7,7.1,3.8,50.0,70.0,230.0,1007.0,1000.0,14.3,3.4,,,,,,13.9,14.1,21.3,,,,,,,,,,,,,,,15.9,1000.6,1006.3,1004.3,1009.5,948.0,2314.0,,,,,189,126.5653,33.2462
2015-06-06,18.7,14.7,22.0,1335.0,539.0,,,,,,,,49.0,73.5,2336.0,1148.0,1.3,4.7,2.5,180.0,360.0,160.0,1335.0,401.0,14.3,12.8,,,,,,13.7,13.1,24.0,,,,,,,,,,,,,,,15.8,1007.7,1013.4,1009.2,1015.6,1.0,2237.0,,,,,189,126.5653,33.2462
2015-06-07,20.6,17.7,23.4,1435.0,357.0,,,,,0.1,,,54.0,76.6,3.0,1987.0,2.3,6.8,4.3,70.0,50.0,50.0,1732.0,1713.0,14.3,0.2,,,,,,16.3,15.4,22.3,,,,,,,,,,,,,,,18.6,1007.4,1013.1,1010.9,1015.4,1718.0,5.0,,,,,189,126.5653,33.2462
2015-06-08,20.4,19.0,21.3,1458.0,2256.0,2.8,0.9,0.5,,2.7,1215.0,1144.0,75.0,91.8,138.0,1754.0,2.0,6.4,3.3,70.0,50.0,50.0,1924.0,2.0,14.3,0.0,,,,,,19.0,18.4,21.7,,,,,,,,,,,,,,,22.0,1000.7,1006.3,1003.3,1011.2,1824.0,1.0,,,,,189,126.5653,33.2462
2015-06-09,20.4,18.7,23.8,1417.0,141.0,,,,,,,,77.0,89.8,1418.0,849.0,1.0,4.9,2.6,200.0,200.0,230.0,1347.0,1351.0,14.3,3.7,,,,,,18.6,18.2,25.0,,,,,,,,,,,,,,,21.4,1001.3,1006.9,1004.8,1008.9,234.0,2243.0,,,,,189,126.5653,33.2462
2015-06-10,21.6,18.4,24.9,1153.0,502.0,0.0,,,,0.0,,,72.0,85.4,1026.0,1314.0,1.5,6.9,3.0,70.0,70.0,70.0,1319.0,1327.0,14.3,7.0,,,,,,18.9,16.7,25.2,,,,,,,,,,,,,,,21.9,1001.6,1007.3,1005.1,1009.1,2357.0,513.0,,,,,189,126.5653,33.2462
2015-06-11,21.3,20.6,22.4,1737.0,1.0,0.0,,,,,,,95.0,97.5,213.0,1687.0,2.0,7.5,4.2,200.0,230.0,230.0,1043.0,1049.0,14.3,0.0,,,,,,20.8,20.3,23.2,,,,,,,,,,,,,,,24.5,997.5,1003.1,1002.2,1005.2,1337.0,1.0,,,,,189,126.5653,33.2462
2015-06-12,22.3,19.7,26.4,1521.0,614.0,,,,,,,,71.0,88.5,1522.0,1551.0,1.8,6.9,4.0,230.0,200.0,230.0,1356.0,1356.0,14.3,10.8,,,,,,20.2,20.0,29.8,,,,,,,,,,,,,,,23.7,1000.1,1005.7,1003.7,1007.9,258.0,2200.0,,,,-{박무}-{박무}{강도0}0300-0435. {연무}1035-1120. {황사}1520-{황사}{강도0}1800-{황사}{강도0}2100-2135.,189,126.5653,33.2462
2015-06-13,23.2,20.5,26.8,1109.0,1810.0,0.0,,,,0.0,,,61.0,80.6,235.0,1179.0,1.4,8.5,3.8,160.0,180.0,230.0,1406.0,1410.0,14.3,3.6,,,,,,19.5,20.0,25.7,,,,,,,,,,,,,,,22.7,1002.3,1007.9,1006.6,1009.1,244.0,1436.0,,,,,189,126.5653,33.2462
2015-06-14,21.9,20.2,25.5,1620.0,2037.0,0.0,,,,,,,75.0,93.3,1623.0,1166.0,1.3,7.3,4.3,230.0,230.0,230.0,1654.0,1659.0,14.3,5.5,,,,,,20.7,20.8,27.8,,,,,,,,,,,,,,,24.4,1002.2,1007.8,1006.2,1009.5,415.0,2155.0,,,,,189,126.5653,33.2462
2015-06-15,22.1,19.8,25.0,1151.0,2257.0,0.0,,,,2.1,,,73.0,87.5,1201.0,1833.0,2.1,6.3,3.8,200.0,200.0,230.0,326.0,1205.0,14.3,4.1,,,,,,19.8,19.9,30.4,,,,,,,,,,,,,,,23.0,1002.2,1007.8,1006.8,1009.3,1750.0,15.0,,,,,189,126.5653,33.2462
2015-06-16,20.4,19.0,22.1,1442.0,2340.0,2.1,1.2,0.6,,0.0,450.0,416.0,83.0,92.4,1703.0,970.0,1.1,6.2,3.1,250.0,230.0,230.0,1534.0,1536.0,14.4,0.8,,,,,,19.0,18.3,23.2,,,,,,,,,,,,,,,22.0,1000.1,1005.8,1004.1,1007.6,1753.0,9.0,,,,,189,126.5653,33.2462
2015-06-17,19.5,18.1,20.6,910.0,1323.0,28.2,6.3,1.7,,28.2,1323.0,1627.0,88.0,92.1,402.0,2130.0,2.5,8.9,4.8,50.0,50.0,50.0,2237.0,2110.0,14.4,0.0,,,,,,18.1,17.9,19.6,,,,,,,,,,,,,,,20.8,998.1,1003.7,1001.8,1005.7,1849.0,1.0,,,,,189,126.5653,33.2462
2015-06-18,22.2,20.0,24.9,1702.0,1.0,,,,,,,,68.0,77.4,1657.0,3589.0,4.2,11.6,6.6,20.0,50.0,50.0,602.0,609.0,14.4,4.6,,,,,,17.9,18.5,23.5,,,,,,,,,,,,,,,20.6,998.1,1003.6,1001.4,1006.8,340.0,2256.0,,,,,189,126.5653,33.2462
2015-06-19,21.9,20.2,24.9,1203.0,549.0,,,,,,,,66.0,79.6,1307.0,1169.0,1.4,6.4,3.2,50.0,50.0,180.0,11.0,13.0,14.4,9.3,,,,,,18.1,18.5,26.2,,,,,,,,,,,,,,,20.8,1002.8,1008.4,1006.1,1010.5,45.0,2236.0,,,,,189,126.5653,33.2462
2015-06-20,21.2,18.7,23.8,1421.0,359.0,,,,,0.0,,,74.0,85.6,1353.0,1196.0,1.4,5.0,2.5,270.0,230.0,230.0,2140.0,1423.0,14.4,6.2,,,,,,18.6,16.2,26.0,,,,,,,,,,,,,,,21.4,1004.0,1009.7,1008.8,1010.5,1902.0,2.0,,,,,189,126.5653,33.2462
2015-06-21,21.6,19.7,24.4,1029.0,159.0,0.0,,,,0.5,,,71.0,84.1,1030.0,1105.0,1.3,6.3,3.3,50.0,50.0,230.0,1827.0,1836.0,14.4,10.2,,,,,,18.6,18.1,29.0,,,,,,,,,,,,,,,21.5,1004.4,1010.0,1008.9,1011.7,201.0,2235.0,,,,,189,126.5653,33.2462
2015-06-22,20.1,18.6,21.3,2043.0,736.0,2.9,1.3,0.8,,2.4,922.0,857.0,80.0,90.4,246.0,722.0,0.8,3.6,2.0,20.0,50.0,50.0,2358.0,2352.0,14.4,0.0,,,,,,18.4,18.3,20.4,,,,,,,,,,,,,,,21.2,1004.8,1010.5,1009.6,1011.4,1742.0,47.0,,,,,189,126.5653,33.2462
2015-06-23,21.6,20.3,23.8,1632.0,433.0,0.0,,,,0.0,,,81.0,90.0,1633.0,1716.0,2.0,6.5,3.4,50.0,50.0,70.0,1142.0,1413.0,14.4,0.4,,,,,,19.8,20.2,23.5,,,,,,,,,,,,,,,23.1,1004.2,1009.9,1008.6,1011.0,1734.0,1127.0,,,,,189,126.5653,33.2462
2015-06-24,21.4,20.1,23.7,1113.0,1836.0,69.9,18.2,4.4,,73.9,1923.0,1916.0,82.0,91.8,757.0,2455.0,2.8,8.4,4.6,50.0,50.0,50.0,1559.0,1508.0,14.4,0.0,,,,,,19.9,19.8,21.6,,,,,,,,,,,,,,,23.3,1002.2,1007.8,1005.7,1010.0,1652.0,33.0,,,,,189,126.5653,33.2462
2015-06-25,21.5,20.3,22.5,2027.0,125.0,26.1,5.9,4.6,,29.4,2205.0,2136.0,95.0,97.6,213.0,2186.0,2.5,7.5,4.1,70.0,50.0,50.0,257.0,313.0,14.4,0.0,,,,,,21.1,19.7,22.2,,,,,,,,,,,,,,,25.0,996.4,1002.1,998.9,1007.0,2200.0,1.0,,,,,189,126.5653,33.2462
2015-06-26,23.6,21.0,31.5,1548.0,2351.0,7.3,5.0,3.0,,1.8,51.0,24.0,46.0,84.0,1601.0,2720.0,3.1,12.5,6.4,250.0,250.0,250.0,1239.0,1240.0,14.4,6.8,,,,,,20.5,19.8,26.9,,,,,,,,,,,,,,,24.2,992.1,997.7,995.0,1003.1,1014.0,2351.0,,,,,189,126.5653,33.2462
2015-06-27,20.3,19.7,21.2,36.0,1017.0,7.5,2.2,0.6,,5.7,935.0,845.0,83.0,93.8,44.0,914.0,1.1,5.3,2.8,50.0,50.0,50.0,220.0,143.0,14.4,0.0,,,,,,19.2,19.4,21.0,,,,,,,,,,,,,,,22.2,1000.0,1005.7,1001.7,1008.7,209.0,2140.0,,,,,189,126.5653,33.2462
2015-06-28,21.7,19.1,24.5,1449.0,546.0,,,,,,,,65.0,77.0,1542.0,3125.0,3.6,11.0,5.6,50.0,50.0,50.0,1207.0,1121.0,14.3,10.2,,,,,,17.4,17.8,25.7,,,,,,,,,,,,,,,19.8,1003.2,1008.8,1007.2,1010.2,300.0,2157.0,,,,,189,126.5653,33.2462
2015-06-29,22.0,19.3,25.1,1455.0,323.0,,,,,32.8,,,60.0,79.8,131.0,1802.0,2.1,8.5,4.3,50.0,50.0,70.0,6.0,2.0,14.3,8.7,,,,,,18.3,17.9,28.2,,,,,,,,,,,,,,,21.1,1001.3,1006.9,1004.9,1009.3,1802.0,530.0,,,,,189,126.5653,33.2462
2015-06-30,22.0,20.1,23.7,1514.0,702.0,93.2,17.1,8.9,,60.4,1943.0,1904.0,85.0,97.1,56.0,1725.0,2.0,9.9,4.8,230.0,250.0,50.0,2109.0,2124.0,14.3,0.0,,,,,,21.4,19.7,22.9,,,,,,,,,,,,,,,25.6,992.0,997.5,991.8,1005.3,2329.0,1.0,,,,,189,126.5653,33.2462
2015-07-01,21.9,19.2,24.8,1053.0,2400.0,,,,,,,,70.0,86.9,1055.0,1872.0,2.2,10.8,6.0,270.0,230.0,230.0,1454.0,1511.0,14.3,8.1,,,,,,19.6,17.1,25.6,,,,,,,,,,,,,,,22.9,992.5,998.1,992.0,1002.4,1.0,2330.0,,,,,189,126.5653,33.2462
2015-07-02,20.7,17.9,24.0,1257.0,308.0,,,,,,,,65.0,82.3,1347.0,728.0,0.8,3.9,2.7,200.0,200.0,160.0,1446.0,1449.0,14.3,6.1,,,,,,17.5,15.6,24.3,,,,,,,,,,,,,,,20.1,997.3,1002.9,1001.2,1005.0,235.0,2256.0,,,,,189,126.5653,33.2462
2015-07-03,22.2,18.5,25.0,1450.0,525.0,,,,,,,,67.0,80.1,542.0,744.0,0.9,3.3,1.8,160.0,160.0,360.0,1406.0,1258.0,14.3,3.0,,,,,,18.5,16.2,24.9,,,,,,,,,,,,,,,21.6,1000.3,1005.9,1004.1,1008.1,132.0,2230.0,,,,,189,126.5653,33.2462
2015-07-04,21.9,20.5,24.3,1436.0,2345.0,,,,,,,,56.0,76.8,1100.0,1053.0,1.2,4.6,2.8,230.0,230.0,230.0,1832.0,1807.0,14.3,1.0,,,,,,17.5,19.0,24.2,,,,,,,,,,,,,,,20.1,1003.8,1009.4,1006.8,1011.8,337.0,2210.0,,,,,189,126.5653,33.2462
2015-07-05,21.0,19.3,24.0,1404.0,205.0,,,,,0.0,,,71.0,81.9,1817.0,977.0,1.1,5.3,2.4,90.0,70.0,50.0,1550.0,1609.0,14.3,3.1,,,,,,17.7,17.3,22.6,,,,,,,,,,,,,,,20.4,1005.3,1011.0,1009.6,1011.9,1654.0,902.0,,,,,189,126.5653,33.2462
2015-07-06,21.3,18.9,24.6,1435.0,347.0,4.6,2.4,0.6,,100.7,2333.0,2255.0,62.0,76.3,1320.0,1826.0,2.1,10.6,4.8,70.0,50.0,50.0,2304.0,2301.0,14.3,0.1,,,,,,16.8,17.4,21.4,,,,,,,,,,,,,,,19.2,1004.4,1010.1,1008.5,1011.1,1657.0,2.0,,,,,189,126.5653,33.2462
2015-07-07,21.4,18.9,23.5,1848.0,427.0,148.3,35.2,8.7,,96.4,759.0,755.0,92.0,96.4,1447.0,3014.0,3.5,10.8,5.9,70.0,50.0,50.0,933.0,935.0,14.3,0.0,,,,10.0,,20.8,18.3,21.5,,,,,,,,,,,,,,,24.6,1000.7,1006.3,1004.7,1009.8,1800.0,1.0,,,,,189,126.5653,33.2462
2015-07-08,24.0,22.7,25.4,1219.0,256.0,48.6,14.9,6.4,,4.7,50.0,49.0,97.0,98.3,1221.0,784.0,0.9,5.9,3.1,70.0,50.0,50.0,2.0,2.0,14.3,0.0,,,,10.0,,23.7,22.5,25.0,,,,,,,,,,,,,,,29.3,1002.7,1008.2,1005.4,1011.1,159.0,2207.0,,,,,189,126.5653,33.2462
2015-07-09,24.8,23.4,27.6,1447.0,743.0,0.3,0.3,0.3,,,654.0,604.0,80.0,91.0,1449.0,3077.0,3.6,11.8,6.1,50.0,50.0,50.0,1529.0,2330.0,14.2,8.0,,,,,,23.1,23.2,27.5,,,,,,,,,,,,,,,28.3,1006.0,1011.6,1010.3,1012.8,302.0,1112.0,,,,,189,126.5653,33.2462
2015-07-10,25.3,22.0,29.4,1511.0,555.0,,,,,1.2,,,72.0,85.0,1503.0,4326.0,5.0,12.3,6.5,70.0,50.0,50.0,1146.0,1433.0,14.2,8.8,,,,,,22.4,22.1,28.8,,,,,,,,,,,,,,,27.2,1004.7,1010.3,1008.5,1012.0,1658.0,712.0,,,,,189,126.5653,33.2462
2015-07-11,23.7,22.8,25.7,102.0,1556.0,95.1,17.2,7.9,,143.0,1617.0,1923.0,85.0,95.9,101.0,4436.0,5.1,14.9,7.0,50.0,50.0,50.0,1300.0,1040.0,14.2,0.0,,,,10.0,,22.9,22.6,23.6,,,,,,,,,,,,,,,28.0,999.6,1005.2,1001.2,1009.4,2337.0,1.0,,,,,189,126.5653,33.2462
2015-07-12,23.2,21.9,24.8,249.0,2151.0,61.1,23.6,6.6,,12.0,735.0,715.0,96.0,98.3,2343.0,5097.0,5.9,18.3,10.0,200.0,180.0,180.0,1307.0,1312.0,14.2,0.0,,,,10.0,,22.9,21.5,23.4,,,,,,,,,,,,,,,27.9,989.8,995.3,992.9,1001.6,1437.0,1.0,,,,,189,126.5653,33.2462
2015-07-13,23.1,21.8,25.1,1153.0,431.0,0.0,0.0,0.0,,,,,87.0,93.6,1040.0,2327.0,2.7,12.9,5.6,250.0,230.0,230.0,154.0,3.0,14.2,5.2,,,,,,21.9,20.9,25.2,,,,,,,,,,,,,,,26.3,996.0,1001.5,996.9,1004.4,5.0,2310.0,,,,,189,126.5653,33.2462
2015-07-14,24.4,20.9,27.7,1227.0,604.0,,,,,,,,72.0,88.0,2015.0,1006.0,1.2,5.4,3.3,230.0,200.0,200.0,1011.0,1242.0,14.2,9.9,,,,,,22.1,20.2,28.6,,,,,,,,,,,,,,,26.7,999.3,1004.8,1003.9,1005.9,546.0,2339.0,,,,,189,126.5653,33.2462
2015-07-15,24.8,22.7,27.7,1308.0,443.0,,,,,,,,77.0,84.4,2346.0,1084.0,1.3,9.4,5.0,70.0,50.0,360.0,2301.0,2304.0,14.2,11.6,,,,,,21.9,21.1,29.3,,,,,,,,,,,,,,,26.4,999.2,1004.7,1003.8,1005.8,1621.0,7.0,,,,,189,126.5653,33.2462
2015-07-16,24.4,21.2,28.0,1454.0,548.0,,,,,,,,62.0,76.8,1709.0,3163.0,3.7,12.8,5.9,50.0,50.0,50.0,1012.0,1012.0,14.1,10.9,,,,,,19.9,20.7,27.3,,,,,,,,,,,,,,,23.2,998.0,1003.5,1001.8,1005.1,1718.0,32.0,,,,,189,126.5653,33.2462
2015-07-17,23.0,21.1,25.5,1204.0,508.0,,,,,,,,66.0,85.9,1313.0,1021.0,1.2,4.1,2.8,200.0,200.0,160.0,1039.0,1013.0,14.1,8.1,,,,,,20.4,19.5,26.5,,,,,,,,,,,,,,,23.9,1000.1,1005.6,1003.4,1008.3,239.0,2341.0,,,,,189,126.5653,33.2462
2015-07-18,23.1,21.7,25.6,1550.0,556.0,,,,,,,,69.0,79.4,1327.0,1974.0,2.3,8.4,4.2,70.0,50.0,70.0,1659.0,2212.0,14.1,6.8,,,,,,19.2,21.0,28.4,,,,,,,,,,,,,,,22.2,1003.0,1008.6,1007.5,1009.4,257.0,1140.0,,,,,189,126.5653,33.2462
2015-07-19,25.4,22.3,29.4,1524.0,1.0,0.3,0.3,0.2,,0.8,1941.0,1902.0,73.0,86.8,1526.0,2719.0,3.1,8.9,4.8,110.0,50.0,50.0,1619.0,1651.0,14.1,5.7,,,,,,22.9,22.2,30.7,,,,,,,,,,,,,,,28.0,1002.8,1008.3,1007.5,1009.1,1541.0,1302.0,,,,,189,126.5653,33.2462
2015-07-20,25.5,23.5,29.0,1428.0,147.0,0.5,0.3,0.3,,0.0,427.0,427.0,78.0,91.0,1628.0,1765.0,2.0,7.8,3.6,20.0,50.0,50.0,1156.0,8.0,14.1,4.3,,,,,,23.9,22.9,29.8,,,,,,,,,,,,,,,29.6,1001.5,1007.0,1005.9,1008.5,1812.0,5.0,,,,,189,126.5653,33.2462
2015-07-21,24.6,23.4,27.3,1335.0,430.0,0.0,0.0,0.0,,3.2,,,85.0,95.9,1337.0,1101.0,1.3,5.0,3.3,200.0,200.0,230.0,1111.0,1132.0,14.0,6.9,,,,,,23.9,23.0,30.8,,,,,,,,,,,,,,,29.6,1001.1,1006.7,1005.6,1007.5,1655.0,723.0,,,,,189,126.5653,33.2462
2015-07-22,24.1,23.5,24.6,1402.0,901.0,37.7,16.5,5.9,,34.8,1351.0,1321.0,97.0,98.9,1702.0,2119.0,2.5,10.1,5.5,230.0,200.0,230.0,2107.0,2114.0,14.0,0.0,,,,,,23.9,24.0,25.5,,,,,,,,,,,,,,,29.7,1001.4,1006.9,1005.1,1009.3,425.0,2349.0,,,,,189,126.5653,33.2462
2015-07-23,25.2,24.4,26.3,1558.0,7.0,0.3,0.3,0.2,,,228.0,147.0,97.0,98.4,1315.0,2013.0,2.3,7.1,3.6,270.0,230.0,230.0,236.0,41.0,14.0,0.0,,,,,,24.8,24.4,26.5,,,,,,,,,,,,,,,31.4,1003.5,1009.1,1008.0,1010.5,1649.0,852.0,,,,,189,126.5653,33.2462
2015-07-24,25.0,24.3,25.6,1047.0,342.0,0.0,,,,0.0,,,97.0,97.8,1049.0,2684.0,3.1,9.2,5.2,200.0,200.0,230.0,251.0,245.0,14.0,0.0,,,,,,24.5,24.5,26.0,,,,,,,,,,,,,,,30.8,1002.4,1007.9,1007.0,1009.0,1719.0,2311.0,,,,,189,126.5653,33.2462
2015-07-25,26.3,24.7,28.4,1512.0,508.0,,,,,,,,82.0,90.8,2219.0,1410.0,1.6,6.3,3.0,250.0,200.0,230.0,1228.0,1237.0,14.0,10.1,,,,,,24.6,23.2,30.2,,,,,,,,,,,,,,,30.9,1002.9,1008.4,1007.5,1009.3,1719.0,1100.0,,,,,189,126.5653,33.2462
2015-07-26,27.1,25.2,30.2,1336.0,2049.0,,,,,,,,68.0,80.4,1023.0,1188.0,1.4,4.7,2.4,20.0,20.0,50.0,437.0,352.0,13.9,8.2,,,,,,23.3,23.6,30.1,,,,,,,,,,,,,,,28.7,1002.0,1007.6,1006.4,1009.0,1457.0,2220.0,,,,,189,126.5653,33.2462
2015-07-27,26.2,24.8,29.4,1340.0,531.0,,,,,,,,79.0,94.9,28.0,1688.0,2.0,7.3,3.9,250.0,200.0,230.0,1406.0,1353.0,13.9,6.2,,,,,,25.3,23.4,31.2,,,,,,,,,,,,,,,32.2,1003.5,1009.0,1008.0,1010.4,300.0,1046.0,,,,,189,126.5653,33.2462
2015-07-28,26.7,25.4,29.8,1204.0,48.0,,,,,,,,84.0,95.3,1121.0,1602.0,1.9,7.6,4.9,230.0,200.0,250.0,1325.0,1219.0,13.9,6.7,,,,,,25.8,25.2,31.1,,,,,,,,,,,,,,,33.2,1003.7,1009.2,1008.4,1009.9,1658.0,2211.0,,,,,189,126.5653,33.2462
2015-07-29,27.1,25.3,29.7,1408.0,149.0,,,,,,,,86.0,94.1,1247.0,1940.0,2.2,8.7,4.6,200.0,230.0,230.0,1501.0,1508.0,13.9,8.5,,,,,,26.0,24.7,33.8,,,,,,,,,,,,,,,33.6,1003.4,1008.9,1007.9,1010.1,1755.0,1043.0,,,,,189,126.5653,33.2462
2015-07-30,26.8,25.2,30.1,1534.0,538.0,,,,,,,,81.0,93.3,1243.0,1916.0,2.2,6.5,4.2,250.0,230.0,230.0,1012.0,1300.0,13.8,9.5,,,,,,25.6,23.9,34.0,,,,,,,,,,,,,,,32.7,1004.5,1010.0,1009.1,1011.1,413.0,1025.0,,,,,189,126.5653,33.2462
2015-07-31,27.1,25.2,30.0,1358.0,248.0,,,,,,,,82.0,91.5,1400.0,1921.0,2.2,7.0,4.5,250.0,200.0,230.0,1401.0,1330.0,13.8,12.2,,,,,,25.6,23.5,34.4,,,,,,,,,,,,,,,32.8,1004.9,1010.4,1009.6,1011.1,1623.0,1041.0,,,,,189,126.5653,33.2462
2015-08-01,27.0,24.7,29.6,1250.0,532.0,,,,,,,,81.0,88.4,1252.0,1852.0,2.1,6.2,4.2,230.0,230.0,230.0,1308.0,1400.0,13.8,12.6,,,,,,24.8,22.0,35.0,,,,,,,,,,,,,,,31.3,1005.7,1011.3,1010.2,1012.2,404.0,1026.0,,,,,189,126.5653,33.2462
2015-08-02,27.2,25.1,29.6,1345.0,458.0,,,,,,,,84.0,88.3,1346.0,2019.0,2.3,7.5,4.8,230.0,230.0,230.0,1111.0,1140.0,13.8,11.6,,,,,,25.0,23.0,35.5,,,,,,,,,,,,,,,31.8,1006.3,1011.9,1010.9,1012.9,346.0,743.0,,,,,189,126.5653,33.2462
2015-08-03,27.5,25.0,30.5,1313.0,413.0,,,,,,,,71.0,83.8,1138.0,1771.0,2.0,7.1,4.5,270.0,200.0,270.0,1022.0,1254.0,13.7,12.4,,,,,,24.4,23.2,35.8,,,,,,,,,,,,,,,30.5,1005.5,1011.0,1009.5,1012.5,1745.0,916.0,,,,,189,126.5653,33.2462
2015-08-04,27.8,25.8,31.0,1255.0,417.0,,,,,,,,77.0,87.4,1256.0,1852.0,2.1,7.9,4.6,200.0,230.0,230.0,1141.0,1144.0,13.7,11.2,,,,,,25.4,24.5,37.4,,,,,,,,,,,,,,,32.4,1003.8,1009.3,1008.1,1010.5,1623.0,17.0,,,,,189,126.5653,33.2462
2015-08-05,28.1,25.9,30.9,1450.0,112.0,,,,,,,,74.0,82.0,2359.0,1369.0,1.6,6.2,3.8,200.0,200.0,200.0,938.0,953.0,13.7,12.1,,,,,,24.6,24.1,38.0,,,,,,,,,,,,,,,31.0,1003.7,1009.2,1008.1,1010.5,1810.0,2357.0,,,,,189,126.5653,33.2462
2015-08-06,28.3,25.4,30.8,1231.0,452.0,,,,,,,,67.0,77.4,2338.0,1137.0,1.3,4.9,2.3,140.0,50.0,20.0,1330.0,2025.0,13.7,11.9,,,,,,23.8,24.4,38.0,,,,,,,,,,,,,,,29.6,1005.7,1011.2,1009.7,1012.9,325.0,2331.0,,,,,189,126.5653,33.2462
2015-08-07,28.9,27.3,31.4,942.0,301.0,0.0,,,,0.0,,,68.0,75.5,1.0,2193.0,2.5,7.8,3.9,70.0,50.0,50.0,755.0,817.0,13.6,3.9,,,,,,24.1,25.9,34.5,,,,,,,,,,,,,,,30.1,1008.0,1013.5,1011.7,1014.7,432.0,1239.0,,,,,189,126.5653,33.2462
2015-08-08,28.4,26.8,31.2,1315.0,2315.0,,,,,,,,73.0,81.3,210.0,1455.0,1.7,5.1,2.8,50.0,50.0,50.0,853.0,807.0,13.6,10.3,,,,,,24.7,25.1,38.5,,,,,,,,,,,,,,,31.3,1007.3,1012.8,1011.1,1014.2,1557.0,12.0,,,,,189,126.5653,33.2462
2015-08-09,27.8,25.1,30.7,1237.0,536.0,,,,,,,,73.0,79.6,1120.0,1354.0,1.6,4.6,2.9,180.0,200.0,230.0,1246.0,1520.0,13.6,9.7,,,,,,23.9,24.0,37.3,,,,,,,,,,,,,,,29.8,1005.0,1010.5,1009.3,1011.6,1759.0,1.0,,,,,189,126.5653,33.2462
2015-08-10,27.1,24.8,29.8,945.0,359.0,,,,,,,,61.0,77.0,546.0,805.0,0.9,4.0,2.3,230.0,230.0,200.0,1627.0,1245.0,13.6,3.9,,,,,,22.6,21.3,32.3,,,,,,,,,,,,,,,27.8,1003.7,1009.2,1008.2,1010.3,1808.0,1.0,,,,,189,126.5653,33.2462
2015-08-11,26.9,23.5,29.2,1104.0,2250.0,65.0,49.9,16.9,,70.4,2208.0,2133.0,58.0,83.5,524.0,2102.0,2.4,13.4,8.6,200.0,180.0,180.0,2156.0,2202.0,13.5,0.8,,,,,,23.7,23.4,30.5,,,,,,,,,,,,,,,29.5,1000.0,1005.5,1001.1,1008.9,2306.0,1.0,,,,,189,126.5653,33.2462
2015-08-12,25.8,23.6,29.2,1244.0,625.0,5.4,4.4,2.2,,,612.0,529.0,79.0,88.5,1606.0,1085.0,1.3,5.8,3.6,140.0,250.0,180.0,1656.0,1310.0,13.5,6.8,,,,,,23.6,23.8,29.2,,,,,,,,,,,,,,,29.2,996.1,1001.6,999.8,1005.3,943.0,2358.0,,,,,189,126.5653,33.2462
2015-08-13,26.6,23.4,30.1,1309.0,542.0,,,,,,,,59.0,71.5,1400.0,1063.0,1.2,4.8,2.5,250.0,270.0,70.0,2036.0,2037.0,13.5,8.9,,,,,,20.8,21.3,29.1,,,,,,,,,,,,,,,24.7,1000.1,1005.6,1004.4,1006.5,430.0,2310.0,,,,,189,126.5653,33.2462
2015-08-14,25.5,22.7,28.1,1340.0,555.0,,,,,,,,57.0,82.0,18.0,1333.0,1.5,5.0,3.4,290.0,230.0,250.0,300.0,1453.0,13.4,11.6,,,,,,22.1,20.5,29.5,,,,,,,,,,,,,,,26.7,1001.0,1006.5,1005.2,1007.8,349.0,2229.0,,,,,189,126.5653,33.2462
2015-08-15,26.0,23.2,28.8,1422.0,250.0,,,,,,,,66.0,74.4,1117.0,1179.0,1.4,4.4,2.8,160.0,20.0,20.0,1309.0,2334.0,13.4,11.4,,,,,,21.0,20.8,29.3,,,,,,,,,,,,,,,25.0,1002.0,1007.5,1006.4,1008.6,1845.0,810.0,,,,,189,126.5653,33.2462
2015-08-16,25.9,24.1,27.9,1007.0,1926.0,1.3,1.3,0.6,,1.3,1923.0,1858.0,68.0,86.1,153.0,1921.0,2.2,7.3,3.9,50.0,50.0,50.0,937.0,637.0,13.4,0.7,,,,,,23.3,23.4,27.0,,,,,,,,,,,,,,,28.7,999.4,1005.0,1003.6,1007.0,1713.0,38.0,,,,,189,126.5653,33.2462
2015-08-17,26.1,23.3,28.9,1148.0,412.0,,,,,,,,66.0,77.5,1213.0,2107.0,2.4,10.3,5.3,50.0,200.0,50.0,156.0,1457.0,13.4,11.5,,,,,,21.7,22.3,30.5,,,,,,,,,,,,,,,26.0,1001.2,1006.7,1004.2,1009.3,137.0,2314.0,,,,,189,126.5653,33.2462
2015-08-18,26.7,24.8,30.3,1213.0,611.0,,,,,,,,62.0,76.8,1204.0,3051.0,3.5,9.9,4.9,70.0,50.0,50.0,1149.0,1135.0,13.3,8.7,,,,,,22.1,24.0,29.7,,,,,,,,,,,,,,,26.6,1004.9,1010.5,1008.8,1011.6,229.0,1907.0,,,,,189,126.5653,33.2462
2015-08-19,27.0,25.0,29.9,1446.0,257.0,,,,,,,,72.0,82.3,1408.0,2427.0,2.8,8.5,4.3,70.0,70.0,50.0,1216.0,1233.0,13.3,5.7,,,,,,23.6,24.3,32.3,,,,,,,,,,,,,,,29.1,1005.5,1011.1,1010.2,1012.0,1457.0,651.0,,,,,189,126.5653,33.2462
2015-08-20,26.6,25.2,28.6,1050.0,530.0,0.0,,,,32.2,,,78.0,88.3,752.0,1072.0,1.2,7.8,4.4,230.0,200.0,160.0,1543.0,1545.0,13.3,4.8,,,,,,24.4,24.1,30.1,,,,,,,,,,,,,,,30.6,1002.5,1008.0,1005.7,1010.7,2354.0,1.0,,,,,189,126.5653,33.2462
2015-08-21,26.6,24.7,30.5,1407.0,911.0,32.2,25.3,11.5,,0.0,705.0,616.0,64.0,88.0,1354.0,2537.0,2.9,14.1,6.7,230.0,230.0,230.0,656.0,414.0,13.2,7.0,,,,,,24.3,23.8,30.1,,,,,,,,,,,,,,,30.5,998.0,1003.5,1001.8,1005.7,1319.0,2250.0,,,,,189,126.5653,33.2462
2015-08-22,25.3,24.1,26.7,1001.0,2141.0,0.0,0.0,0.0,,0.0,,,69.0,77.5,2400.0,914.0,1.1,3.6,2.2,250.0,270.0,360.0,1521.0,1528.0,13.2,0.0,,,,,,21.0,22.3,26.4,,,,,,,,,,,,,,,25.0,1000.1,1005.6,1004.9,1006.1,430.0,2318.0,,,,,189,126.5653,33.2462
2015-08-23,25.7,23.2,28.7,1257.0,544.0,0.0,0.0,0.0,,0.0,,,47.0,65.8,2116.0,1253.0,1.5,7.1,3.7,70.0,50.0,50.0,2327.0,2315.0,13.2,2.3,,,,,,18.7,22.1,26.1,,,,,,,,,,,,,,,21.6,1000.4,1005.9,1005.1,1006.5,1913.0,825.0,,,,,189,126.5653,33.2462
2015-08-24,24.1,21.6,25.9,58.0,2322.0,31.2,9.2,4.1,,33.7,1454.0,1423.0,74.0,89.5,1.0,4094.0,4.7,16.7,9.1,20.0,50.0,50.0,2241.0,2313.0,13.1,0.0,,,,,,22.1,20.3,24.1,,,,,,,,,,,,,,,26.6,996.1,1001.6,996.8,1006.0,2322.0,1.0,,,,,189,126.5653,33.2462
2015-08-25,23.8,21.5,27.2,1550.0,232.0,2.5,1.3,0.5,,0.0,7.0,1.0,68.0,82.9,1706.0,2464.0,2.9,17.4,8.0,20.0,50.0,50.0,416.0,228.0,13.1,0.8,,,,,,20.7,19.8,24.6,,,,,,,,,,,,,,,24.4,992.3,997.8,993.4,1001.8,439.0,2332.0,,,,,189,126.5653,33.2462
2015-08-26,25.1,22.1,28.9,1236.0,624.0,,,,,,,,51.0,71.4,1248.0,1136.0,1.3,7.3,4.1,230.0,200.0,180.0,1506.0,1508.0,13.1,11.5,,,,,,19.2,19.0,27.6,,,,,,,,,,,,,,,22.4,1000.0,1005.5,1001.7,1008.5,130.0,2347.0,,,,,189,126.5653,33.2462
2015-08-27,24.3,20.2,27.2,1015.0,319.0,0.1,0.1,0.1,,9.3,,,57.0,77.0,605.0,1816.0,2.1,9.3,5.5,230.0,230.0,230.0,1210.0,1210.0,13.0,10.5,,,,,,19.8,16.7,26.8,,,,,,,,,,,,,,,23.6,1003.2,1008.8,1007.9,1009.9,1601.0,2325.0,,,,,189,126.5653,33.2462
2015-08-28,24.7,22.5,27.4,1444.0,553.0,9.2,8.6,6.8,,,314.0,237.0,73.0,80.8,1636.0,1442.0,1.7,7.7,4.6,200.0,230.0,230.0,1301.0,1258.0,13.0,8.9,,,,,,21.1,21.0,29.6,,,,,,,,,,,,,,,25.0,1003.3,1008.9,1007.9,1009.7,1554.0,1.0,,,,,189,126.5653,33.2462
2015-08-29,24.0,22.1,27.0,1359.0,530.0,,,,,,,,72.0,80.8,1407.0,918.0,1.1,4.3,2.2,90.0,70.0,360.0,1219.0,1224.0,13.0,2.0,,,,,,20.4,20.1,26.5,,,,,,,,,,,,,,,24.1,1003.0,1008.6,1007.0,1009.7,1532.0,9.0,,,,,189,126.5653,33.2462
2015-08-30,24.1,21.4,26.6,1119.0,358.0,,,,,10.4,,,72.0,79.5,1219.0,1281.0,1.5,5.0,2.8,70.0,20.0,360.0,2310.0,2347.0,13.0,2.8,,,,,,20.3,20.3,26.1,,,,,,,,,,,,,,,23.8,1004.6,1010.2,1009.1,1011.4,57.0,927.0,,,,,189,126.5653,33.2462
2015-08-31,24.2,21.4,27.3,1339.0,324.0,10.4,5.3,2.9,,0.0,54.0,52.0,74.0,85.3,1040.0,2368.0,2.7,8.5,4.5,50.0,50.0,50.0,1039.0,1042.0,12.9,1.5,,,,,,21.5,20.8,25.3,,,,,,,,,,,,,,,25.7,1003.5,1009.1,1007.6,1010.9,1847.0,37.0,,,,,189,126.5653,33.2462
2015-09-01,24.7,22.6,27.7,1040.0,405.0,0.0,,,,,,,71.0,85.3,1012.0,1150.0,1.3,6.9,3.8,70.0,200.0,70.0,310.0,1105.0,12.9,4.6,,,,,,21.9,21.3,26.6,,,,,,,,,,,,,,,26.3,1003.6,1009.2,1007.2,1011.7,438.0,2314.0,,,,,189,126.5653,33.2462
2015-09-02,24.6,21.7,27.3,1328.0,630.0,0.0,,,,0.0,,,67.0,82.1,1702.0,1421.0,1.6,6.0,3.7,230.0,230.0,230.0,1717.0,1450.0,12.9,8.7,,,,,,21.2,20.7,28.2,,,,,,,,,,,,,,,25.2,1006.4,1012.0,1010.9,1013.2,1542.0,1043.0,,,,,189,126.5653,33.2462
2015-09-03,24.6,22.4,27.4,1400.0,605.0,,,,,,,,68.0,77.9,1854.0,1992.0,2.3,10.4,5.3,250.0,230.0,230.0,1342.0,1330.0,12.8,10.2,,,,,,20.4,20.0,28.0,,,,,,,,,,,,,,,23.9,1005.9,1011.5,1010.7,1012.7,1449.0,2341.0,,,,,189,126.5653,33.2462
2015-09-04,24.6,21.7,27.6,1314.0,624.0,,,,,0.0,,,60.0,71.4,1243.0,1259.0,1.5,5.0,2.6,200.0,20.0,20.0,1307.0,402.0,12.8,11.2,,,,,,18.9,17.6,29.1,,,,,,,,,,,,,,,21.9,1006.9,1012.4,1011.6,1013.6,1610.0,1012.0,,,,,189,126.5653,33.2462
2015-09-05,22.7,20.8,24.6,1039.0,1543.0,36.4,8.5,4.2,,38.7,2045.0,1955.0,76.0,88.4,15.0,1482.0,1.7,7.2,3.4,160.0,20.0,20.0,1442.0,1932.0,12.8,0.0,,,,,,20.6,19.8,23.1,,,,,,,,,,,,,,,24.4,1001.4,1007.0,1000.0,1012.2,2400.0,1.0,,,,,189,126.5653,33.2462
2015-09-06,23.9,21.6,28.2,1319.0,223.0,2.3,7.7,3.3,,0.0,-2356.0,-2331.0,58.0,77.0,1224.0,2801.0,3.2,11.4,5.9,50.0,50.0,50.0,332.0,304.0,12.7,5.0,,,,,,19.4,20.5,25.8,,,,,,,,,,,,,,,22.6,997.8,1003.3,999.9,1007.4,34.0,2319.0,,,,,189,126.5653,33.2462
2015-09-07,22.7,21.4,25.7,1319.0,401.0,,,,,,,,63.0,74.9,1420.0,2990.0,3.5,10.4,5.6,50.0,50.0,50.0,1225.0,1214.0,12.7,5.8,,,,,,17.9,20.1,23.7,,,,,,,,,,,,,,,20.4,1004.3,1009.9,1006.9,1012.8,205.0,2343.0,,,,,189,126.5653,33.2462
2015-09-08,22.4,20.6,25.1,1157.0,447.0,,,,,,,,47.0,63.4,809.0,3408.0,3.9,12.3,6.4,50.0,50.0,50.0,1127.0,1326.0,12.7,11.2,,,,,,14.9,18.8,24.3,,,,,,,,,,,,,,,17.0,1007.2,1012.9,1011.5,1014.6,500.0,2400.0,,,,,189,126.5653,33.2462
2015-09-09,22.4,19.6,26.6,1535.0,524.0,,,,,,,,42.0,59.9,1642.0,2180.0,2.5,9.4,4.6,70.0,50.0,50.0,1224.0,1015.0,12.6,9.1,,,,,,14.1,14.8,25.8,,,,,,,,,,,,,,,16.2,1008.2,1013.8,1012.3,1014.8,1454.0,846.0,,,,,189,126.5653,33.2462
2015-09-10,22.3,18.9,26.5,1242.0,556.0,,,,,,,,49.0,67.1,1.0,1047.0,1.2,4.8,2.5,200.0,180.0,360.0,1301.0,1417.0,12.6,11.1,,,,,,15.8,14.0,27.2,,,,,,,,,,,,,,,18.2,1007.8,1013.5,1012.0,1014.7,1612.0,749.0,,,,,189,126.5653,33.2462
2015-09-11,23.7,19.6,28.6,1545.0,526.0,,,,,0.0,,,39.0,62.1,1644.0,1564.0,1.8,9.9,5.7,230.0,230.0,250.0,1337.0,1342.0,12.6,11.1,,,,,,15.6,17.5,29.1,,,,,,,,,,,,,,,17.9,1005.4,1011.0,1008.8,1013.2,1607.0,3.0,,,,,189,126.5653,33.2462
2015-09-12,21.3,18.9,23.4,16.0,2209.0,4.4,1.5,0.4,,4.4,1155.0,1144.0,56.0,84.5,1.0,1385.0,1.6,6.6,3.4,290.0,250.0,250.0,203.0,203.0,12.5,0.0,,,,,,18.5,15.8,22.7,,,,,,,,,,,,,,,21.3,1005.4,1011.0,1009.2,1013.7,450.0,2353.0,,,,,189,126.5653,33.2462
2015-09-13,21.4,17.7,25.5,1300.0,258.0,,,,,,,,48.0,61.4,1306.0,1564.0,1.8,6.5,4.3,180.0,180.0,180.0,1339.0,1505.0,12.5,11.1,,,,,,13.4,13.4,25.6,,,,,,,,,,,,,,,15.4,1010.9,1016.6,1013.6,1018.8,27.0,2331.0,,,,,189,126.5653,33.2462
2015-09-14,22.2,18.1,25.5,1436.0,238.0,,,,,,,,50.0,63.5,1150.0,2356.0,2.7,9.3,4.8,50.0,50.0,50.0,1544.0,1551.0,12.5,7.5,,,,,,14.8,13.8,26.4,,,,,,,,,,,,,,,16.9,1013.6,1019.3,1018.1,1020.6,1521.0,957.0,,,,,189,126.5653,33.2462
2015-09-15,22.5,20.4,25.5,1359.0,216.0,,,,,6.0,,,65.0,72.0,1238.0,3271.0,3.8,10.8,5.6,70.0,50.0,50.0,1053.0,1702.0,12.4,5.1,,,,,,17.1,19.2,26.1,,,,,,,,,,,,,,,19.5,1011.6,1017.3,1015.6,1019.6,1900.0,1.0,,,,,189,126.5653,33.2462
2015-09-16,20.6,18.8,22.0,1.0,1141.0,35.6,7.2,2.5,,29.6,1100.0,858.0,76.0,86.3,1.0,2822.0,3.3,10.9,6.2,50.0,50.0,50.0,1029.0,1028.0,12.4,0.0,,,,,,18.1,18.5,21.4,,,,,,,,,,,,,,,20.8,1008.3,1014.0,1012.3,1016.0,1457.0,1.0,,,,,189,126.5653,33.2462
2015-09-17,22.6,19.3,26.5,1537.0,532.0,,,,,,,,52.0,72.5,1543.0,1847.0,2.1,9.4,4.7,70.0,50.0,50.0,233.0,37.0,12.3,11.4,,,,,,17.2,16.4,24.6,,,,,,,,,,,,,,,19.6,1008.4,1014.0,1012.5,1016.0,252.0,2254.0,,,,,189,126.5653,33.2462
2015-09-18,22.3,19.8,25.9,1435.0,204.0,,,,,,,,56.0,67.9,1406.0,2389.0,2.8,9.5,4.8,70.0,50.0,50.0,1339.0,1138.0,12.3,10.2,,,,,,15.9,17.3,24.0,,,,,,,,,,,,,,,18.1,1009.8,1015.5,1013.9,1016.4,1608.0,2135.0,,,,,189,126.5653,33.2462
2015-09-19,21.6,18.4,25.1,1351.0,412.0,,,,,,,,62.0,71.5,1115.0,1353.0,1.6,5.0,3.1,140.0,230.0,360.0,1422.0,1145.0,12.3,8.9,,,,,,16.2,15.4,24.2,,,,,,,,,,,,,,,18.5,1007.9,1013.6,1011.9,1015.7,1642.0,1.0,,,,,189,126.5653,33.2462
2015-09-20,21.9,18.4,25.0,1201.0,542.0,,,,,,,,60.0,73.1,925.0,1110.0,1.3,3.9,2.5,230.0,200.0,360.0,1346.0,1344.0,12.2,5.9,,,,,,16.8,16.8,23.1,,,,,,,,,,,,,,,19.2,1006.6,1012.3,1010.8,1013.6,1554.0,816.0,,,,,189,126.5653,33.2462
2015-09-21,22.6,19.8,25.6,1349.0,707.0,,,,,,,,62.0,70.5,814.0,1529.0,1.8,7.2,3.4,70.0,70.0,360.0,1500.0,1638.0,12.2,10.1,,,,,,16.9,18.1,29.2,,,,,,,,,,,,,,,19.3,1007.5,1013.2,1012.0,1015.2,139.0,2236.0,,,,,189,126.5653,33.2462
2015-09-22,23.1,20.6,25.9,1317.0,239.0,,,,,1.0,,,71.0,79.4,1415.0,2238.0,2.6,7.4,3.7,70.0,20.0,50.0,1153.0,738.0,12.2,7.3,,,,,,19.2,19.0,28.5,,,,,,,,,,,,,,,22.3,1008.8,1014.4,1013.5,1015.9,1527.0,907.0,,,,,189,126.5653,33.2462
2015-09-23,21.6,20.1,23.0,815.0,1524.0,133.1,37.8,10.3,,132.1,1413.0,1323.0,83.0,92.5,1.0,2464.0,2.9,13.6,6.7,70.0,50.0,50.0,2059.0,2102.0,12.1,0.0,,,,,,20.2,19.4,21.7,,,,,,,,,,,,,,,23.8,1001.3,1006.9,1002.4,1013.7,1755.0,1.0,,,,,189,126.5653,33.2462
2015-09-24,23.2,21.1,26.2,1106.0,9.0,,,,,,,,63.0,76.3,1102.0,2988.0,3.5,11.9,6.2,50.0,50.0,20.0,1437.0,1430.0,12.1,6.0,,,,,,18.7,19.6,22.8,,,,,,,,,,,,,,,21.6,998.7,1004.3,1002.2,1006.0,214.0,2234.0,,,,,189,126.5653,33.2462
2015-09-25,23.4,21.0,26.2,1303.0,2323.0,,,,,,,,58.0,70.6,1612.0,1997.0,2.3,8.1,4.2,50.0,50.0,50.0,1151.0,910.0,12.1,3.9,,,,,,17.7,17.6,24.1,,,,,,,,,,,,,,,20.3,1000.5,1006.1,1004.4,1008.4,327.0,2323.0,,,,,189,126.5653,33.2462
2015-09-26,23.2,19.6,27.2,1344.0,558.0,,,,,,,,58.0,73.5,1348.0,1295.0,1.5,6.5,4.0,230.0,200.0,230.0,1152.0,1152.0,12.0,11.2,,,,,,18.1,16.6,25.4,,,,,,,,,,,,,,,20.9,1004.1,1009.7,1008.2,1011.6,1.0,2315.0,,,,,189,126.5653,33.2462
2015-09-27,23.5,20.2,26.9,1301.0,406.0,,,,,,,,51.0,62.9,2206.0,2835.0,3.3,10.4,5.2,70.0,50.0,50.0,2324.0,1032.0,12.0,10.6,,,,,,15.9,14.9,24.2,,,,,,,,,,,,,,,18.1,1007.0,1012.6,1010.2,1014.7,341.0,2153.0,,,,,189,126.5653,33.2462
2015-09-28,24.4,22.3,27.3,1302.0,630.0,0.0,,,,0.0,,,40.0,56.0,1953.0,4047.0,4.7,12.0,6.6,50.0,20.0,50.0,1249.0,2013.0,12.0,9.1,,,,,,14.9,19.5,25.3,,,,,,,,,,,,,,,17.0,1010.5,1016.1,1013.6,1019.6,107.0,2244.0,,,,,189,126.5653,33.2462
2015-09-29,23.5,21.9,26.8,1330.0,2353.0,,,,,6.3,,,56.0,72.1,302.0,3760.0,4.4,10.6,5.5,70.0,70.0,50.0,1201.0,1405.0,11.9,3.6,,,,,,18.1,20.9,24.7,,,,,,,,,,,,,,,20.8,1014.5,1020.2,1017.4,1022.8,321.0,2101.0,,,,,189,126.5653,33.2462
2015-09-30,19.9,17.5,22.1,308.0,1137.0,83.3,21.4,6.1,,121.0,1057.0,1039.0,79.0,92.4,37.0,3421.0,4.0,11.0,5.8,70.0,50.0,50.0,1223.0,1257.0,11.9,0.0,,,,,,18.5,17.6,20.6,,,,,,,,,,,,,,,21.4,1013.5,1019.2,1013.4,1023.6,2400.0,1048.0,,,,,189,126.5653,33.2462
2015-10-01,22.5,18.8,24.7,1130.0,2356.0,54.8,29.5,13.0,,10.8,151.0,140.0,56.0,88.1,2323.0,3954.0,4.6,16.6,8.2,270.0,230.0,230.0,1710.0,1100.0,11.9,0.0,,,,,,20.2,14.9,22.1,,,,,,,,,,,,,,,24.5,1000.9,1006.5,1001.0,1013.6,1606.0,15.0,,,,,189,126.5653,33.2462
2015-10-02,18.4,15.5,21.9,1422.0,2311.0,,,,,,,,43.0,57.4,1423.0,1806.0,2.1,9.1,5.1,230.0,200.0,50.0,923.0,1110.0,11.8,11.2,,,,,,9.6,12.1,19.8,,,,,,,,,,,,,,,11.9,1009.7,1015.4,1009.2,1018.2,33.0,2350.0,,,,,189,126.5653,33.2462
2015-10-03,19.9,15.2,24.1,1605.0,20.0,,,,,,,,52.0,68.4,1142.0,1470.0,1.7,6.5,4.0,200.0,230.0,20.0,1530.0,1332.0,11.8,11.0,,,,,,13.7,11.8,21.2,,,,,,,,,,,,,,,15.8,1014.7,1020.4,1018.0,1022.9,50.0,2352.0,,,,,189,126.5653,33.2462
2015-10-04,21.3,18.2,25.4,1215.0,659.0,0.0,,,,0.0,,,32.0,59.4,1228.0,1900.0,2.2,9.4,4.7,70.0,50.0,50.0,1334.0,1312.0,11.8,7.1,,,,,,12.6,16.1,20.9,,,,,,,,,,,,,,,15.0,1017.9,1023.6,1022.3,1024.3,356.0,750.0,,,,,189,126.5653,33.2462
2015-10-05,20.1,16.9,23.6,1223.0,2316.0,0.0,0.0,0.0,,,,,44.0,63.4,201.0,1212.0,1.4,7.6,3.2,20.0,20.0,50.0,801.0,12.0,11.7,4.4,,,,,,12.8,12.7,20.8,,,,,,,,,,,,,,,14.9,1016.5,1022.2,1020.6,1024.1,1510.0,604.0,,,,,189,126.5653,33.2462
2015-10-06,20.3,15.2,25.2,1515.0,604.0,,,,,,,,22.0,47.6,2048.0,1602.0,1.9,7.4,3.4,90.0,50.0,360.0,1637.0,1638.0,11.7,11.0,,,,,,8.1,11.2,20.5,,,,,,,,,,,,,,,11.4,1013.8,1019.5,1017.6,1021.3,1516.0,1.0,,,,,189,126.5653,33.2462
2015-10-07,21.2,16.4,24.8,1129.0,700.0,,,,,0.1,,,37.0,57.0,1.0,2006.0,2.3,7.6,4.0,50.0,70.0,50.0,936.0,1547.0,11.7,9.2,,,,,,12.2,10.8,22.6,,,,,,,,,,,,,,,14.3,1010.3,1016.0,1014.3,1018.6,1509.0,2.0,,,,,189,126.5653,33.2462
2015-10-08,20.1,17.4,23.0,1550.0,2328.0,0.1,0.1,0.1,,,,,51.0,63.6,2346.0,1547.0,1.8,6.7,3.5,50.0,50.0,20.0,350.0,300.0,11.6,3.1,,,,,,12.9,13.3,20.6,,,,,,,,,,,,,,,15.0,1006.7,1012.4,1010.8,1014.4,1603.0,1.0,,,,,189,126.5653,33.2462
2015-10-09,19.5,15.7,24.1,1211.0,2348.0,,,,,,,,47.0,59.1,1551.0,1165.0,1.3,6.9,2.8,70.0,70.0,360.0,1418.0,1407.0,11.6,9.3,,,,,,11.2,12.3,22.8,,,,,,,,,,,,,,,13.3,1006.1,1011.8,1010.5,1013.9,530.0,2208.0,,,,,189,126.5653,33.2462
2015-10-10,18.3,13.7,22.0,1509.0,324.0,0.0,,,,0.0,,,50.0,60.4,1031.0,1715.0,2.0,9.3,4.2,250.0,230.0,270.0,1600.0,1440.0,11.6,6.9,,,,,,10.4,10.2,19.2,,,,,,,,,,,,,,,12.7,1006.5,1012.2,1010.2,1013.7,1501.0,1.0,,,,,189,126.5653,33.2462
2015-10-11,16.9,15.0,20.4,1244.0,645.0,,,,,0.3,,,40.0,51.0,1148.0,2195.0,2.5,10.5,4.7,250.0,250.0,270.0,1323.0,1327.0,11.5,9.6,,,,,,6.5,10.7,19.8,,,,,,,,,,,,,,,9.7,1010.3,1016.1,1012.1,1018.4,18.0,2257.0,,,,,189,126.5653,33.2462
2015-10-12,18.0,15.0,21.3,1319.0,442.0,0.3,0.3,0.3,,,355.0,347.0,29.0,52.8,1318.0,1835.0,2.1,10.8,4.6,290.0,340.0,270.0,1721.0,1502.0,11.5,9.7,,,,,,7.9,10.4,21.6,,,,,,,,,,,,,,,10.7,1013.3,1019.1,1016.9,1021.0,438.0,2210.0,,,,,189,126.5653,33.2462
2015-10-13,18.7,15.7,23.6,1418.0,635.0,,,,,,,,19.0,50.1,1408.0,1767.0,2.0,9.5,4.9,50.0,180.0,360.0,1418.0,1221.0,11.5,10.7,,,,,,7.9,10.9,23.0,,,,,,,,,,,,,,,10.7,1015.1,1020.8,1019.7,1021.9,421.0,1029.0,,,,,189,126.5653,33.2462
2015-10-14,19.0,14.3,23.5,1322.0,459.0,,,,,,,,43.0,53.6,1454.0,1546.0,1.8,6.1,3.6,200.0,200.0,360.0,1250.0,1317.0,11.4,10.6,,,,,,9.3,11.3,23.1,,,,,,,,,,,,,,,11.9,1014.4,1020.2,1018.8,1021.6,1526.0,929.0,,,,,189,126.5653,33.2462
2015-10-15,19.0,15.6,22.9,1521.0,614.0,,,,,,,,44.0,61.9,217.0,1439.0,1.7,4.6,2.5,200.0,50.0,360.0,1112.0,843.0,11.4,7.0,,,,,,11.3,13.4,24.3,,,,,,,,,,,,,,,13.7,1013.5,1019.2,1017.9,1020.4,1521.0,6.0,,,,,189,126.5653,33.2462
2015-10-16,18.9,15.0,22.8,1349.0,530.0,,,,,,,,50.0,62.1,926.0,1452.0,1.7,4.8,3.1,230.0,200.0,360.0,1203.0,1456.0,11.4,10.4,,,,,,11.4,12.3,23.4,,,,,,,,,,,,,,,13.6,1012.9,1018.7,1017.3,1019.7,1536.0,933.0,,,,,189,126.5653,33.2462
2015-10-17,19.8,15.6,24.2,1459.0,404.0,,,,,,,,30.0,50.5,2052.0,1895.0,2.2,8.3,4.3,50.0,50.0,50.0,835.0,1016.0,11.3,10.5,,,,,,8.7,11.3,23.5,,,,,,,,,,,,,,,11.5,1013.4,1019.2,1017.7,1020.5,1546.0,938.0,,,,,189,126.5653,33.2462
2015-10-18,18.6,15.1,22.6,1320.0,444.0,,,,,,,,46.0,62.4,2341.0,1346.0,1.6,5.5,3.7,250.0,200.0,340.0,1338.0,1403.0,11.3,10.4,,,,,,11.1,10.5,22.8,,,,,,,,,,,,,,,13.6,1013.1,1018.9,1017.9,1020.4,2356.0,954.0,,,,,189,126.5653,33.2462
2015-10-19,19.4,15.1,23.9,1206.0,412.0,,,,,,,,35.0,57.4,440.0,1781.0,2.1,8.5,4.5,70.0,50.0,70.0,1422.0,953.0,11.3,9.3,,,,,,10.3,9.6,22.3,,,,,,,,,,,,,,,13.1,1010.5,1016.2,1014.3,1017.9,1530.0,1.0,,,,,189,126.5653,33.2462
2015-10-20,20.2,14.9,25.5,1322.0,506.0,,,,,,,,36.0,61.1,1327.0,1707.0,2.0,8.1,4.2,50.0,50.0,50.0,2232.0,2232.0,11.2,7.5,,,,,,12.0,10.7,20.8,,,,,,,,,,,,,,,14.2,1009.7,1015.4,1013.9,1016.5,1551.0,853.0,,,,,189,126.5653,33.2462
2015-10-21,20.6,17.7,24.9,1310.0,2352.0,,,,,,,,57.0,76.4,1254.0,2098.0,2.4,10.0,4.8,50.0,50.0,50.0,914.0,923.0,11.2,9.0,,,,,,16.1,12.5,23.9,,,,,,,,,,,,,,,18.4,1011.3,1016.9,1015.4,1018.9,411.0,2234.0,,,,,189,126.5653,33.2462
2015-10-22,20.5,17.3,23.4,1253.0,48.0,,,,,,,,49.0,70.4,326.0,3011.0,3.5,11.4,5.7,70.0,50.0,50.0,538.0,924.0,11.2,9.5,,,,,,14.8,11.3,23.0,,,,,,,,,,,,,,,16.9,1013.1,1018.8,1017.1,1020.1,343.0,1006.0,,,,,189,126.5653,33.2462
2015-10-23,19.5,17.1,23.2,1252.0,2250.0,,,,,,,,63.0,74.4,1248.0,2106.0,2.4,8.9,4.2,50.0,50.0,50.0,123.0,11.0,11.1,9.5,,,,,,14.7,12.4,23.4,,,,,,,,,,,,,,,16.7,1012.8,1018.5,1016.6,1020.0,1502.0,914.0,,,,,189,126.5653,33.2462
2015-10-24,19.5,15.1,23.2,1404.0,712.0,,,,,,,,59.0,73.0,1424.0,1172.0,1.4,4.1,2.4,160.0,180.0,360.0,1205.0,1331.0,11.1,9.9,,,,,,14.4,12.5,23.4,,,,,,,,,,,,,,,16.5,1012.4,1018.1,1016.9,1019.2,1412.0,912.0,,,,,189,126.5653,33.2462
2015-10-25,18.6,16.3,22.1,1351.0,2318.0,,,,,,,,49.0,65.6,1354.0,2819.0,3.3,10.4,5.3,20.0,50.0,50.0,1210.0,1212.0,11.1,8.4,,,,,,11.8,13.6,22.6,,,,,,,,,,,,,,,13.9,1015.9,1021.6,1018.6,1023.1,1.0,1003.0,,,,,189,126.5653,33.2462
2015-10-26,18.6,16.0,21.7,1303.0,220.0,,,,,5.4,,,54.0,66.6,1059.0,2070.0,2.4,8.3,4.5,50.0,50.0,20.0,1014.0,1018.0,11.1,9.6,,,,,,12.2,13.8,22.8,,,,,,,,,,,,,,,14.3,1013.1,1018.9,1015.8,1022.3,2400.0,1.0,,,,,189,126.5653,33.2462
2015-10-27,18.1,13.6,22.1,1227.0,2336.0,5.4,5.4,2.5,,0.0,755.0,713.0,48.0,69.1,1547.0,2359.0,2.7,16.4,8.2,230.0,230.0,270.0,813.0,816.0,11.0,4.9,,,,,,12.1,10.0,19.5,,,,,,,,,,,,,,,14.6,1007.0,1012.7,1009.9,1017.7,747.0,2347.0,,,,,189,126.5653,33.2462
2015-10-28,16.1,12.1,20.6,1353.0,659.0,,,,,,,,32.0,53.3,1344.0,1449.0,1.7,8.7,4.2,250.0,250.0,340.0,1528.0,1534.0,11.0,8.2,,,,,,6.1,7.8,17.9,,,,,,,,,,,,,,,9.5,1014.3,1020.1,1016.9,1021.9,27.0,2254.0,,,,,189,126.5653,33.2462
2015-10-29,16.3,12.8,19.1,1410.0,409.0,0.0,0.0,0.0,,0.4,,,53.0,64.5,948.0,974.0,1.1,3.5,2.0,340.0,360.0,360.0,2055.0,229.0,11.0,0.7,,,,,,9.4,10.0,17.8,,,,,,,,,,,,,,,11.9,1016.4,1022.3,1020.8,1023.5,1453.0,934.0,,,,,189,126.5653,33.2462
2015-10-30,15.5,11.8,18.9,1208.0,2320.0,0.4,0.4,0.4,,,14.0,,50.0,67.6,1600.0,1224.0,1.4,6.7,3.6,200.0,180.0,360.0,1121.0,1121.0,10.9,3.8,,,,,,9.4,9.0,18.4,,,,,,,,,,,,,,,11.9,1017.8,1023.7,1021.3,1026.2,421.0,2346.0,,,,,189,126.5653,33.2462
2015-10-31,13.5,10.7,17.0,1436.0,522.0,,,,,,,,41.0,59.9,1305.0,1541.0,1.8,7.7,4.5,160.0,180.0,180.0,1243.0,1527.0,10.9,8.2,,,,,,5.6,8.6,17.2,,,,,,,,,,,,,,,9.1,1020.9,1026.8,1025.4,1029.0,1518.0,926.0,,,,,189,126.5653,33.2462
2015-11-01,12.8,10.9,14.9,1207.0,259.0,0.7,,,,0.7,,,54.0,71.0,1201.0,985.0,1.1,4.6,2.4,50.0,20.0,360.0,1013.0,720.0,10.9,0.0,,,,,,7.5,9.3,13.7,,,,,,,,,,,,,,,10.4,1018.5,1024.4,1022.5,1026.9,2341.0,1.0,,,,,189,126.5653,33.2462
2015-11-02,14.5,10.5,20.3,1524.0,322.0,,,,,,,,28.0,58.1,1527.0,1382.0,1.6,8.6,4.7,230.0,200.0,360.0,1451.0,1436.0,10.8,8.3,,,,,,6.1,5.2,16.5,,,,,,,,,,,,,,,9.4,1016.8,1022.7,1020.5,1025.4,1522.0,2306.0,,,,,189,126.5653,33.2462
2015-11-03,15.4,11.5,19.4,1225.0,457.0,,,,,,,,44.0,56.6,2124.0,1583.0,1.8,5.1,3.0,230.0,200.0,20.0,1316.0,1324.0,10.8,10.0,,,,,,6.6,9.0,16.5,,,,,,,,,,,,,,,9.8,1021.8,1027.7,1025.3,1029.2,3.0,2049.0,,,,,189,126.5653,33.2462
2015-11-04,17.6,14.0,21.2,1346.0,452.0,,,,,,,,51.0,65.9,1235.0,1707.0,2.0,5.5,2.9,50.0,20.0,20.0,50.0,229.0,10.8,7.8,,,,,,11.0,11.2,19.1,,,,,,,,,,,,,,,13.2,1021.1,1026.9,1025.2,1029.0,1603.0,821.0,,,,,189,126.5653,33.2462
2015-11-05,19.2,17.0,21.2,1221.0,1.0,0.0,,,,0.0,,,70.0,80.8,20.0,1630.0,1.9,5.5,2.7,70.0,50.0,20.0,1434.0,1145.0,10.7,0.0,,,,,,15.7,15.1,19.2,,,,,,,,,,,,,,,17.9,1017.9,1023.6,1022.2,1025.6,1550.0,1.0,,,,,189,126.5653,33.2462
2015-11-06,19.7,17.9,22.6,1107.0,2130.0,2.2,,,,5.0,,,68.0,83.8,1108.0,2355.0,2.7,9.4,4.2,90.0,50.0,50.0,1600.0,2130.0,10.7,5.0,,,,,,16.8,16.2,21.1,,,,,,,,,,,,,,,19.1,1017.4,1023.2,1021.2,1024.8,1530.0,930.0,,,,,189,126.5653,33.2462
2015-11-07,19.9,18.4,20.9,2243.0,1.0,40.4,,,,38.0,,,88.0,96.4,1.0,1449.0,1.7,7.2,3.8,360.0,50.0,50.0,8.0,37.0,10.7,0.0,,,,,,19.3,17.6,19.9,,,,,,,,,,,,,,,22.4,1013.4,1019.1,1016.3,1022.5,2052.0,9.0,,,,,189,126.5653,33.2462
2015-11-08,19.8,17.7,22.0,1254.0,2224.0,0.4,,,,0.0,,,76.0,88.5,1915.0,1618.0,1.9,9.6,4.5,250.0,250.0,250.0,1350.0,1239.0,10.7,6.3,,,,,,17.7,16.1,21.0,,,,,,,,,,,,,,,20.4,1010.1,1015.8,1014.3,1017.0,1314.0,2125.0,,,,,189,126.5653,33.2462
2015-11-09,17.0,13.7,19.4,1255.0,2342.0,0.0,,,,,,,57.0,71.1,1455.0,1610.0,1.9,11.4,6.1,360.0,360.0,180.0,1417.0,1428.0,10.6,3.0,,,,,,11.5,11.4,17.1,,,,,,,,,,,,,,,13.9,1011.5,1017.2,1015.2,1020.2,340.0,2300.0,,,,,189,126.5653,33.2462
2015-11-10,14.3,12.0,17.4,1351.0,615.0,,,,,,,,52.0,64.5,1128.0,1266.0,1.5,6.7,3.7,160.0,200.0,180.0,1140.0,1416.0,10.6,6.9,,,,,,7.6,9.3,14.9,,,,,,,,,,,,,,,10.4,1015.9,1021.8,1019.7,1024.1,444.0,2317.0,,,,,189,126.5653,33.2462
2015-11-11,16.2,12.2,19.3,1226.0,134.0,,,,,,,,68.0,73.8,1259.0,1957.0,2.3,8.5,4.4,50.0,50.0,50.0,1011.0,1235.0,10.6,2.8,,,,,,11.4,8.5,15.5,,,,,,,,,,,,,,,13.6,1018.8,1024.7,1023.0,1026.7,607.0,2228.0,,,,,189,126.5653,33.2462
2015-11-12,17.4,15.6,19.8,1412.0,2328.0,2.2,,,,60.9,,,54.0,70.9,1154.0,3115.0,3.6,11.3,5.7,70.0,70.0,50.0,913.0,1029.0,10.6,4.5,,,,,,11.8,14.0,16.0,,,,,,,,,,,,,,,13.9,1019.2,1025.1,1023.1,1027.0,2313.0,926.0,,,,,189,126.5653,33.2462
2015-11-13,17.6,15.8,18.9,1050.0,1.0,112.7,,,,54.0,,,80.0,93.5,1755.0,1881.0,2.2,14.2,4.0,140.0,50.0,50.0,1311.0,147.0,10.5,0.0,,,,,,16.5,15.4,17.3,,,,,,,,,,,,,,,18.8,1010.4,1016.1,1013.1,1023.3,2352.0,1.0,,,,,189,126.5653,33.2462
2015-11-14,17.3,14.6,19.1,1148.0,2243.0,0.0,,,,0.0,,,67.0,81.8,1522.0,1469.0,1.7,8.2,3.6,290.0,270.0,270.0,1509.0,1512.0,10.5,0.1,,,,,,14.0,10.8,16.7,,,,,,,,,,,,,,,16.1,1008.3,1014.0,1011.8,1016.5,1610.0,2302.0,,,,,189,126.5653,33.2462
2015-11-15,16.7,13.8,20.4,1415.0,651.0,,,,,,,,60.0,75.1,1801.0,1062.0,1.2,4.4,2.6,200.0,200.0,360.0,1152.0,1201.0,10.5,9.1,,,,,,12.1,10.1,16.8,,,,,,,,,,,,,,,14.2,1013.4,1019.2,1016.2,1021.0,102.0,2226.0,,,,,189,126.5653,33.2462
2015-11-16,17.5,13.9,20.3,1833.0,51.0,8.0,,,,9.7,,,68.0,83.5,956.0,2026.0,2.3,12.7,7.0,230.0,200.0,200.0,2009.0,1832.0,10.5,0.6,,,,,,14.6,10.5,16.2,,,,,,,,,,,,,,,16.9,1010.8,1016.6,1014.3,1020.1,1723.0,23.0,,,,,189,126.5653,33.2462
2015-11-17,17.7,15.8,20.8,1403.0,612.0,2.4,,,,16.0,,,78.0,86.3,2046.0,1293.0,1.5,7.2,3.3,250.0,250.0,50.0,45.0,53.0,10.4,2.2,,,,,,15.3,15.5,18.3,,,,,,,,,,,,,,,17.4,1010.6,1016.4,1014.6,1017.8,56.0,2009.0,,,,,189,126.5653,33.2462
2015-11-18,16.5,14.1,18.7,943.0,2354.0,16.3,,,,1.0,,,84.0,89.8,1737.0,2779.0,3.2,10.3,5.6,50.0,50.0,50.0,1043.0,1022.0,10.4,0.0,,,,,,14.8,13.6,17.1,,,,,,,,,,,,,,,16.9,1009.9,1015.6,1012.8,1020.1,600.0,2328.0,,,,,189,126.5653,33.2462
2015-11-19,15.3,14.0,16.5,1059.0,12.0,10.4,,,,10.4,,,85.0,91.8,916.0,1477.0,1.7,6.2,3.3,20.0,20.0,50.0,430.0,919.0,10.4,0.0,,,,,,13.9,13.4,15.8,,,,,,,,,,,,,,,15.9,1014.5,1020.4,1019.3,1021.5,1422.0,1008.0,,,,,189,126.5653,33.2462
2015-11-20,16.3,14.2,19.3,1312.0,250.0,0.0,,,,0.0,,,77.0,86.9,1313.0,770.0,0.9,4.3,2.7,200.0,200.0,360.0,1430.0,1434.0,10.4,0.0,,,,,,14.0,11.9,16.6,,,,,,,,,,,,,,,16.0,1015.8,1021.6,1018.9,1024.0,349.0,2319.0,,,,,189,126.5653,33.2462
2015-11-21,16.2,14.4,18.8,1402.0,425.0,,,,,,,,67.0,79.6,1123.0,884.0,1.0,4.2,2.2,180.0,180.0,360.0,1454.0,1430.0,10.3,1.3,,,,,,12.6,12.7,17.0,,,,,,,,,,,,,,,14.6,1018.4,1024.2,1022.9,1025.2,1608.0,2148.0,,,,,189,126.5653,33.2462
2015-11-22,17.0,13.6,20.3,1503.0,710.0,,,,,,,,63.0,78.4,819.0,1764.0,2.0,6.4,3.4,20.0,50.0,50.0,930.0,1844.0,10.3,3.9,,,,,,13.1,12.1,16.0,,,,,,,,,,,,,,,15.2,1018.4,1024.2,1022.7,1025.4,1559.0,838.0,,,,,189,126.5653,33.2462
2015-11-23,16.6,15.1,17.9,857.0,1951.0,10.9,,,,10.9,,,81.0,86.6,2057.0,1681.0,1.9,8.3,4.2,70.0,70.0,50.0,926.0,934.0,10.3,1.1,,,,,,14.3,13.0,16.2,,,,,,,,,,,,,,,16.3,1015.3,1021.1,1017.9,1023.9,1546.0,1.0,,,,,189,126.5653,33.2462
2015-11-24,15.5,13.1,17.7,1322.0,742.0,0.0,,,,7.4,,,56.0,77.5,1651.0,1543.0,1.8,7.1,3.9,50.0,230.0,50.0,1837.0,1243.0,10.3,7.3,,,,,,11.4,11.1,15.9,,,,,,,,,,,,,,,13.5,1015.1,1021.0,1019.6,1022.0,2353.0,946.0,,,,,189,126.5653,33.2462
2015-11-25,11.3,6.3,15.1,1253.0,2313.0,7.6,,,,0.2,,,58.0,76.0,1404.0,1482.0,1.7,10.7,4.2,250.0,270.0,270.0,1448.0,1618.0,10.3,2.5,,,,,,7.1,4.5,12.6,,,,,,,,,,,,,,,10.4,1011.1,1017.0,1015.0,1019.6,1357.0,1.0,,,,,189,126.5653,33.2462
2015-11-26,5.0,2.1,8.1,210.0,2318.0,1.1,,,,1.3,,,50.0,68.1,1534.0,2050.0,2.4,12.0,4.6,20.0,360.0,290.0,2313.0,40.0,10.2,7.8,,,,,,-0.4,0.0,6.3,,,,,,,,,,,,,,,5.9,1011.8,1017.8,1014.9,1022.0,446.0,2359.0,,,,,189,126.5653,33.2462
2015-11-27,7.1,2.5,9.6,1110.0,4.0,0.2,,,,0.0,,,43.0,58.4,955.0,1719.0,2.0,11.3,4.0,230.0,270.0,270.0,1218.0,1153.0,10.2,4.2,,,,,,-0.6,0.0,6.6,,,,,,,,,,,,,,,5.9,1019.2,1025.3,1021.6,1028.0,6.0,2347.0,,,,,189,126.5653,33.2462
2015-11-28,9.9,7.2,13.8,1332.0,743.0,,,,,,,,46.0,59.6,1153.0,1221.0,1.4,7.3,4.1,230.0,230.0,360.0,1319.0,1325.0,10.2,8.7,,,,,,2.3,3.7,9.0,,,,,,,,,,,,,,,7.2,1022.4,1028.4,1027.5,1029.3,538.0,936.0,,,,,189,126.5653,33.2462
2015-11-29,11.4,8.3,14.6,1420.0,36.0,0.0,,,,0.0,,,67.0,72.1,918.0,1287.0,1.5,4.0,2.3,20.0,20.0,360.0,1020.0,1023.0,10.2,0.3,,,,,,6.5,6.6,10.8,,,,,,,,,,,,,,,9.7,1019.5,1025.5,1023.4,1028.6,1537.0,1.0,,,,,189,126.5653,33.2462
2015-11-30,12.3,8.3,17.3,1405.0,610.0,,,,,,,,50.0,68.4,1351.0,1138.0,1.3,5.0,2.4,50.0,70.0,360.0,1114.0,1537.0,10.2,9.0,,,,,,6.5,4.5,10.2,,,,,,,,,,,,,,,9.7,1016.8,1022.8,1021.1,1023.7,1440.0,1.0,,,,,189,126.5653,33.2462
2015-12-01,12.3,9.4,15.6,1355.0,240.0,,,,,,,,56.0,73.5,1435.0,1295.0,1.5,4.5,2.5,160.0,20.0,360.0,1322.0,1835.0,10.1,7.5,,,,,,7.6,7.3,11.0,,,,,,,,,,,,,,,10.4,1017.4,1023.3,1021.7,1024.8,2327.0,1014.0,,,,,189,126.5653,33.2462
2015-12-02,13.6,9.5,18.1,1052.0,2400.0,1.8,,,,1.8,,,50.0,73.1,2113.0,1534.0,1.8,11.0,4.6,200.0,230.0,360.0,2041.0,2051.0,10.1,0.6,,,,,,8.7,6.1,12.0,,,,,,,,,,,,,,,11.6,1010.2,1016.1,1011.5,1022.2,1640.0,56.0,,,,,189,126.5653,33.2462
2015-12-03,7.7,4.9,10.4,1141.0,1617.0,4.8,,,,4.8,,,43.0,59.3,934.0,2759.0,3.2,13.4,5.7,290.0,290.0,270.0,1904.0,1424.0,10.1,4.1,,,,,,0.1,3.6,7.0,,,,,,,,,,,,,,,6.2,1011.1,1017.1,1014.4,1019.0,6.0,2320.0,,,,,189,126.5653,33.2462
2015-12-04,7.8,6.1,10.0,1040.0,21.0,0.0,,,,0.0,,,46.0,54.3,1033.0,2472.0,2.9,11.4,4.4,270.0,270.0,270.0,1828.0,531.0,10.1,3.1,,,,,,-0.8,2.4,6.2,,,,,,,,,,,,,,,5.8,1016.9,1022.9,1018.8,1025.3,2.0,2310.0,,,,,189,126.5653,33.2462
2015-12-05,9.0,4.5,11.3,1346.0,636.0,,,,,2.8,,,48.0,60.6,119.0,1171.0,1.4,8.3,3.1,270.0,200.0,360.0,116.0,1145.0,10.1,0.0,,,,,,1.7,1.0,7.4,,,,,,,,,,,,,,,6.9,1019.3,1025.3,1023.8,1026.8,1329.0,2323.0,,,,,189,126.5653,33.2462
2015-12-06,9.6,7.7,11.4,1609.0,2135.0,2.9,,,,0.1,,,65.0,76.4,4.0,884.0,1.0,6.0,2.8,140.0,180.0,360.0,507.0,506.0,10.1,0.0,,,,,,5.5,5.7,8.8,,,,,,,,,,,,,,,9.1,1019.9,1025.9,1024.8,1027.2,511.0,942.0,,,,,189,126.5653,33.2462
2015-12-07,10.2,6.4,14.6,1210.0,618.0,,,,,,,,54.0,70.9,1552.0,1416.0,1.6,4.6,2.9,160.0,180.0,360.0,1010.0,1006.0,10.1,8.6,,,,,,5.0,4.3,8.9,,,,,,,,,,,,,,,8.8,1021.1,1027.1,1025.6,1028.5,510.0,2116.0,,,,,189,126.5653,33.2462
2015-12-08,10.7,6.9,14.5,1150.0,545.0,,,,,,,,60.0,69.5,1153.0,1394.0,1.6,6.2,3.5,200.0,200.0,360.0,1317.0,1320.0,10.0,7.8,,,,,,5.2,4.3,9.4,,,,,,,,,,,,,,,8.9,1023.4,1029.4,1027.6,1031.9,350.0,2233.0,,,,,189,126.5653,33.2462
2015-12-09,14.2,9.1,17.6,1227.0,1.0,,,,,30.6,,,51.0,65.9,1326.0,1495.0,1.7,5.6,3.0,360.0,20.0,20.0,2222.0,151.0,10.0,5.9,,,,,,7.8,7.0,11.8,,,,,,,,,,,,,,,10.6,1021.5,1027.4,1023.8,1030.8,2400.0,1.0,,,,,189,126.5653,33.2462
2015-12-10,15.6,14.3,16.7,509.0,204.0,50.3,,,,23.5,,,79.0,97.0,1.0,974.0,1.1,7.1,3.8,230.0,230.0,20.0,929.0,932.0,10.0,0.0,,,,,,15.1,13.6,15.1,,,,,,,,,,,,,,,17.1,1007.4,1013.2,1006.2,1023.8,2224.0,1.0,,,,,189,126.5653,33.2462
2015-12-11,13.1,11.4,15.5,1.0,2342.0,3.8,,,,0.0,,,54.0,70.6,1257.0,1166.0,1.3,7.4,4.1,70.0,50.0,20.0,2312.0,2344.0,10.0,4.3,,,,,,7.6,9.2,13.6,,,,,,,,,,,,,,,10.6,1008.5,1014.4,1006.4,1020.0,145.0,2400.0,,,,,189,126.5653,33.2462
2015-12-12,12.3,10.7,14.6,1322.0,353.0,,,,,,,,58.0,70.1,1430.0,2825.0,3.3,9.8,4.5,70.0,20.0,50.0,333.0,703.0,10.0,1.8,,,,,,6.9,10.1,11.8,,,,,,,,,,,,,,,10.0,1015.6,1021.6,1020.0,1023.1,1.0,934.0,,,,,189,126.5653,33.2462
2015-12-13,13.7,12.2,16.2,1136.0,250.0,,,,,1.5,,,54.0,63.6,1229.0,1878.0,2.2,7.7,3.9,70.0,70.0,20.0,1107.0,1128.0,10.0,1.7,,,,,,6.8,10.2,12.2,,,,,,,,,,,,,,,9.9,1015.5,1021.4,1019.9,1022.7,1525.0,1017.0,,,,,189,126.5653,33.2462
2015-12-14,12.9,12.2,13.7,1.0,416.0,19.1,,,,17.6,,,65.0,85.3,1.0,1391.0,1.6,7.4,3.1,340.0,270.0,20.0,2324.0,2139.0,10.0,0.0,,,,,,10.3,10.4,12.2,,,,,,,,,,,,,,,12.6,1012.9,1018.8,1017.4,1021.5,1834.0,1.0,,,,,189,126.5653,33.2462
2015-12-15,11.3,7.2,15.1,1246.0,2218.0,0.0,,,,0.0,,,47.0,65.4,1307.0,1445.0,1.7,12.7,5.5,270.0,250.0,250.0,1547.0,1547.0,10.0,3.7,,,,,,4.9,3.8,11.1,,,,,,,,,,,,,,,8.8,1011.9,1017.8,1015.7,1020.4,1433.0,2219.0,,,,,189,126.5653,33.2462
2015-12-16,5.5,1.0,8.7,201.0,2329.0,2.3,,,,2.8,,,43.0,65.5,1520.0,2212.0,2.6,11.5,4.9,290.0,270.0,290.0,1554.0,540.0,10.0,4.3,,,,,,-0.6,-0.1,5.7,,,,,,,,,,,,,,,5.8,1015.2,1021.3,1019.1,1024.2,9.0,2313.0,,,,,189,126.5653,33.2462
2015-12-17,3.8,1.4,6.2,1429.0,755.0,1.3,,,,0.8,,,47.0,65.3,1428.0,1498.0,1.7,8.9,3.7,320.0,320.0,360.0,226.0,922.0,10.0,5.2,,,,,,-2.2,-0.5,4.4,,,,,,,,,,,,,,,5.2,1020.3,1026.4,1022.2,1029.6,216.0,2140.0,,,,,189,126.5653,33.2462
2015-12-18,6.0,3.1,10.0,1454.0,440.0,,,,,,,,52.0,64.1,1158.0,1044.0,1.2,3.9,2.0,160.0,70.0,360.0,1535.0,1245.0,10.0,2.3,,,,,,-0.4,1.2,6.8,,,,,,,,,,,,,,,6.0,1024.8,1031.0,1029.5,1032.6,1448.0,2251.0,,,,,189,126.5653,33.2462
2015-12-19,6.8,3.2,11.4,1242.0,643.0,,,,,,,,47.0,65.1,1243.0,1502.0,1.7,6.9,3.4,70.0,70.0,360.0,1334.0,1335.0,10.0,7.4,,,,,,0.5,1.4,5.8,,,,,,,,,,,,,,,6.3,1026.7,1032.8,1031.9,1034.5,1320.0,1008.0,,,,,189,126.5653,33.2462
2015-12-20,9.8,6.0,11.8,1211.0,1.0,6.1,,,,10.4,,,61.0,78.4,1206.0,1129.0,1.3,3.9,2.2,20.0,20.0,360.0,1517.0,1440.0,10.0,0.0,,,,,,6.0,4.7,8.4,,,,,,,,,,,,,,,9.5,1021.3,1027.3,1024.3,1032.2,2358.0,11.0,,,,,189,126.5653,33.2462
2015-12-21,12.3,10.2,15.4,1231.0,2316.0,4.3,,,,,,,63.0,81.4,1321.0,1213.0,1.4,8.5,3.7,270.0,270.0,180.0,1000.0,904.0,10.0,6.8,,,,,,9.0,8.3,11.9,,,,,,,,,,,,,,,11.5,1019.0,1024.9,1023.3,1027.1,501.0,2238.0,,,,,189,126.5653,33.2462
2015-12-22,13.3,9.2,16.4,1308.0,726.0,,,,,4.8,,,64.0,76.8,1341.0,1058.0,1.2,4.4,2.1,180.0,70.0,20.0,1420.0,1029.0,10.0,6.7,,,,,,9.2,7.0,12.5,,,,,,,,,,,,,,,11.7,1019.1,1025.0,1021.7,1027.5,2318.0,945.0,,,,,189,126.5653,33.2462
2015-12-23,13.7,11.9,15.5,1054.0,2309.0,4.8,,,,0.0,,,77.0,90.1,1.0,1137.0,1.3,6.3,3.4,20.0,50.0,50.0,801.0,608.0,10.0,0.1,,,,,,12.1,8.7,12.8,,,,,,,,,,,,,,,14.1,1012.7,1018.6,1017.2,1023.0,1552.0,1.0,,,,,189,126.5653,33.2462
2015-12-24,11.7,9.3,16.7,1254.0,2400.0,0.0,,,,,,,39.0,74.5,1256.0,1274.0,1.5,8.3,4.5,90.0,230.0,360.0,1416.0,1305.0,10.0,5.7,,,,,,7.1,6.8,11.1,,,,,,,,,,,,,,,10.3,1011.5,1017.4,1014.8,1019.0,1400.0,2224.0,,,,,189,126.5653,33.2462
2015-12-25,8.1,5.4,12.0,1422.0,1936.0,,,,,,,,30.0,54.0,1414.0,1506.0,1.7,10.7,4.7,250.0,250.0,360.0,1350.0,1354.0,10.0,9.2,,,,,,-0.9,1.3,7.3,,,,,,,,,,,,,,,5.8,1014.4,1020.4,1018.1,1022.3,117.0,2322.0,,,,,189,126.5653,33.2462
2015-12-26,9.7,5.8,13.5,1234.0,17.0,,,,,,,,41.0,57.5,1207.0,1415.0,1.6,7.3,3.5,250.0,250.0,270.0,1643.0,1645.0,10.0,6.0,,,,,,1.6,0.8,7.5,,,,,,,,,,,,,,,6.9,1015.2,1021.2,1019.4,1023.2,1445.0,2355.0,,,,,189,126.5653,33.2462
2015-12-27,8.3,5.1,12.1,1225.0,2359.0,,,,,,,,43.0,63.1,1337.0,1236.0,1.4,8.1,3.7,360.0,20.0,360.0,626.0,635.0,10.0,5.0,,,,,,1.4,1.7,6.4,,,,,,,,,,,,,,,6.8,1019.9,1025.9,1022.5,1029.3,29.0,2332.0,,,,,189,126.5653,33.2462
2015-12-28,6.4,3.5,9.0,1201.0,2308.0,,,,,,,,42.0,63.0,1629.0,1210.0,1.4,7.4,3.3,250.0,250.0,20.0,1536.0,1556.0,10.0,7.8,,,,,,-0.2,0.6,6.2,,,,,,,,,,,,,,,6.1,1024.1,1030.2,1028.4,1032.5,450.0,2304.0,,,,,189,126.5653,33.2462
2015-12-29,6.6,3.4,10.1,1255.0,252.0,,,,,,,,50.0,61.1,1258.0,1333.0,1.5,8.9,3.9,160.0,180.0,360.0,1242.0,1152.0,10.0,5.7,,,,,,-0.4,0.9,6.7,,,,,,,,,,,,,,,6.0,1024.9,1031.0,1029.6,1032.6,1641.0,126.0,,,,,189,126.5653,33.2462
2015-12-30,7.3,3.6,10.9,1404.0,557.0,,,,,0.0,,,43.0,57.5,1148.0,1282.0,1.5,6.1,3.5,230.0,230.0,360.0,1731.0,1511.0,10.0,7.8,,,,,,-0.7,1.1,6.8,,,,,,,,,,,,,,,5.8,1022.9,1028.9,857.9,1030.7,1151.0,1009.0,,,,,189,126.5653,33.2462
2015-12-31,9.0,6.6,12.1,1303.0,2038.0,0.0,,,,,,,36.0,58.3,1026.0,1234.0,1.4,8.6,3.9,340.0,360.0,290.0,748.0,756.0,10.0,7.6,,,,,,1.0,4.4,7.9,,,,,,,,,,,,,,,6.6,1023.2,1029.3,1026.3,1032.5,434.0,2209.0,,,,,189,126.5653,33.2462
